{
"type": "FeatureCollection",
"name": "roads",
"crs": { "type": "name", "properties": { "name": "urn:ogc:def:crs:OGC:1.3:CRS84" } },
"features": [
{ "type": "Feature", "properties": { "element": "way", "id": 44736742, "highway": "trunk", "ref": "NH13", "ref:old": "NH229", "source": "GPS", "name": null, "name:en": null, "surface": null, "bridge": null, "bridge:structure": null, "layer": null, "name:zh": null, "sidewalk": null, "smoothness": null, "lanes": null, "route": null, "alt_name": null, "service": null, "oneway": null }, "geometry": { "type": "LineString", "coordinates": [ [ 92.4159724, 27.2651986 ], [ 92.4161075, 27.2652039 ], [ 92.4162039, 27.265004 ], [ 92.4162099, 27.264779 ], [ 92.4163533, 27.2646464 ], [ 92.4164953, 27.2646174 ], [ 92.4167134, 27.264659 ], [ 92.4168283, 27.2646396 ], [ 92.4169005, 27.2644794 ], [ 92.4169213, 27.2643596 ], [ 92.4170145, 27.2642195 ], [ 92.4170718, 27.2641508 ], [ 92.4171683, 27.2641 ], [ 92.4173775, 27.2640975 ], [ 92.4176606, 27.264158 ], [ 92.4178957, 27.2640986 ], [ 92.4180989, 27.2641546 ], [ 92.4183784, 27.2642519 ], [ 92.4186417, 27.2642577 ], [ 92.4188862, 27.2642664 ], [ 92.419108, 27.2642568 ], [ 92.419128, 27.2641547 ], [ 92.4189093, 27.2638957 ], [ 92.4189216, 27.2637703 ], [ 92.4190879, 27.26357 ], [ 92.4193508, 27.2633507 ], [ 92.4194634, 27.2631456 ], [ 92.4193937, 27.2629644 ], [ 92.4190718, 27.2627308 ], [ 92.4190289, 27.2623922 ], [ 92.4191576, 27.2620775 ], [ 92.4191737, 27.2616722 ], [ 92.4191819, 27.261405 ], [ 92.419394, 27.2613297 ], [ 92.4198689, 27.2613208 ], [ 92.4201467, 27.2613425 ], [ 92.4202872, 27.2614055 ], [ 92.4204115, 27.2613577 ], [ 92.4204523, 27.261342 ], [ 92.4206274, 27.2612315 ], [ 92.4208861, 27.2612864 ], [ 92.4212113, 27.2613996 ], [ 92.4217272, 27.2613746 ], [ 92.4221936, 27.2613852 ], [ 92.4224832, 27.2612947 ], [ 92.4226788, 27.2610694 ], [ 92.4227943, 27.2608842 ], [ 92.4229674, 27.2608296 ], [ 92.4231511, 27.2608618 ], [ 92.4234807, 27.2608454 ], [ 92.4236343, 27.2609116 ], [ 92.4237208, 27.2610516 ], [ 92.4236711, 27.2612186 ], [ 92.4237219, 27.2615299 ], [ 92.4237836, 27.2618334 ], [ 92.4238587, 27.2620442 ], [ 92.4238568, 27.2623138 ], [ 92.4236907, 27.262725 ], [ 92.4234571, 27.2631642 ], [ 92.4234254, 27.2632131 ], [ 92.4233916, 27.2632561 ], [ 92.4233395, 27.2633052 ], [ 92.4232383, 27.2633971 ], [ 92.4231852, 27.2634435 ], [ 92.4231466, 27.2634858 ], [ 92.4230989, 27.2635476 ], [ 92.4230534, 27.2636208 ], [ 92.4230086, 27.2637296 ], [ 92.422981, 27.2638411 ], [ 92.4229772, 27.2639482 ], [ 92.4229844, 27.264156 ], [ 92.4229796, 27.2642485 ], [ 92.4229565, 27.2643288 ], [ 92.4229149, 27.2644326 ], [ 92.4228546, 27.2645223 ], [ 92.4227844, 27.2645858 ], [ 92.4226522, 27.2646877 ], [ 92.4226078, 27.2647462 ], [ 92.4225709, 27.2647997 ], [ 92.4225394, 27.2648729 ], [ 92.4224927, 27.2650014 ], [ 92.422424, 27.2652341 ], [ 92.422415, 27.2652649 ], [ 92.4223198, 27.2656471 ], [ 92.4223064, 27.2657263 ], [ 92.4223078, 27.2658005 ], [ 92.4223186, 27.2658891 ], [ 92.4223355, 27.2661038 ], [ 92.4223246, 27.2663837 ], [ 92.4223195, 27.2665148 ], [ 92.4223086, 27.2666948 ], [ 92.4223165, 27.2667855 ], [ 92.4223668, 27.2669565 ], [ 92.4224099, 27.2670206 ], [ 92.4224672, 27.2670662 ], [ 92.4225456, 27.2670952 ], [ 92.4226394, 27.2671085 ], [ 92.4227213, 27.2671199 ], [ 92.4228001, 27.2671398 ], [ 92.422879, 27.2671703 ], [ 92.4229892, 27.2672378 ], [ 92.4230874, 27.2672877 ], [ 92.4231637, 27.2673126 ], [ 92.4232336, 27.267313 ], [ 92.423299, 27.2672851 ], [ 92.4234136, 27.2672091 ], [ 92.4235171, 27.2671391 ], [ 92.4236284, 27.2670783 ], [ 92.4237553, 27.2670012 ], [ 92.4238232, 27.2669493 ], [ 92.4238804, 27.2668926 ], [ 92.4241326, 27.2665376 ], [ 92.4243579, 27.2662869 ], [ 92.4246729, 27.2660021 ], [ 92.4248267, 27.2658149 ], [ 92.4250007, 27.2655837 ], [ 92.4250776, 27.26539 ], [ 92.425149, 27.2651881 ], [ 92.4253495, 27.2648937 ], [ 92.4254018, 27.264817 ], [ 92.4255025, 27.2646656 ], [ 92.4255721, 27.2645777 ], [ 92.4257534, 27.2643595 ], [ 92.4258614, 27.2643384 ], [ 92.4259145, 27.2643547 ], [ 92.4259878, 27.2643986 ], [ 92.4260652, 27.2645196 ] ] } },
{ "type": "Feature", "properties": { "element": "way", "id": 44736743, "highway": "trunk", "ref": "NH13", "ref:old": "NH229", "source": "GPS", "name": null, "name:en": null, "surface": null, "bridge": null, "bridge:structure": null, "layer": null, "name:zh": null, "sidewalk": null, "smoothness": null, "lanes": null, "route": null, "alt_name": null, "service": null, "oneway": null }, "geometry": { "type": "LineString", "coordinates": [ [ 92.41414, 27.261432 ], [ 92.414197, 27.261455 ], [ 92.414302, 27.261405 ], [ 92.414378, 27.261223 ], [ 92.414468, 27.261093 ], [ 92.414785, 27.260813 ], [ 92.414962, 27.260705 ], [ 92.415333, 27.260572 ], [ 92.415375, 27.260512 ], [ 92.415402, 27.260185 ], [ 92.415532, 27.259897 ], [ 92.415643, 27.259442 ], [ 92.415835, 27.25927 ], [ 92.4162, 27.259275 ], [ 92.416345, 27.259178 ], [ 92.416357, 27.25908 ], [ 92.416258, 27.258602 ], [ 92.416263, 27.258512 ], [ 92.41634, 27.25839 ], [ 92.416475, 27.258322 ], [ 92.41666, 27.258362 ], [ 92.416748, 27.258405 ], [ 92.416897, 27.258673 ], [ 92.416912, 27.258758 ], [ 92.416888, 27.259025 ], [ 92.416917, 27.259202 ], [ 92.41702, 27.259328 ], [ 92.417403, 27.259557 ], [ 92.417615, 27.259622 ], [ 92.417705, 27.259743 ], [ 92.4176886, 27.2597551 ], [ 92.417655, 27.25978 ], [ 92.41758, 27.259788 ], [ 92.41723, 27.259738 ], [ 92.416928, 27.259775 ], [ 92.416812, 27.259853 ], [ 92.41677, 27.259913 ], [ 92.41681, 27.260163 ], [ 92.416962, 27.260352 ], [ 92.416993, 27.260532 ], [ 92.416983, 27.2607 ], [ 92.41712, 27.261248 ], [ 92.417175, 27.261248 ], [ 92.417233, 27.261213 ], [ 92.417267, 27.261118 ], [ 92.417228, 27.260995 ], [ 92.417127, 27.260867 ], [ 92.417113, 27.260785 ], [ 92.41706, 27.260733 ], [ 92.41705, 27.260577 ], [ 92.417128, 27.26031 ], [ 92.417193, 27.260202 ], [ 92.417312, 27.260125 ], [ 92.4175, 27.260113 ], [ 92.417695, 27.260148 ], [ 92.418, 27.260257 ], [ 92.41811, 27.260337 ], [ 92.418112, 27.260442 ], [ 92.418052, 27.260508 ], [ 92.417905, 27.2605 ], [ 92.417735, 27.260378 ], [ 92.417495, 27.26029 ], [ 92.41742, 27.260302 ], [ 92.417368, 27.260383 ], [ 92.417342, 27.260487 ], [ 92.417387, 27.2607 ], [ 92.417465, 27.26089 ], [ 92.417487, 27.261028 ], [ 92.417417, 27.261395 ], [ 92.417385, 27.261833 ], [ 92.4173, 27.262123 ], [ 92.417297, 27.262267 ], [ 92.417337, 27.262403 ], [ 92.417473, 27.262675 ], [ 92.41751, 27.262952 ], [ 92.417595, 27.263092 ], [ 92.417842, 27.263317 ], [ 92.41782, 27.263577 ], [ 92.417758, 27.263653 ], [ 92.41768, 27.26369 ], [ 92.416707, 27.263713 ], [ 92.416552, 27.263652 ], [ 92.416438, 27.263667 ], [ 92.416363, 27.263737 ], [ 92.41634, 27.263872 ], [ 92.416348, 27.264083 ], [ 92.41649, 27.264268 ], [ 92.41652, 27.264377 ], [ 92.416428, 27.264487 ], [ 92.4161622, 27.2645579 ], [ 92.4160264, 27.2646606 ], [ 92.4160058, 27.2648347 ], [ 92.4159724, 27.2651986 ] ] } },
{ "type": "Feature", "properties": { "element": "way", "id": 102627671, "highway": "trunk", "ref": "NH913", "ref:old": null, "source": null, "name": "NH913", "name:en": "NH913", "surface": null, "bridge": null, "bridge:structure": null, "layer": null, "name:zh": null, "sidewalk": null, "smoothness": null, "lanes": null, "route": null, "alt_name": null, "service": null, "oneway": null }, "geometry": { "type": "LineString", "coordinates": [ [ 92.437562, 27.3328924 ], [ 92.4375486, 27.332971 ], [ 92.4375835, 27.3330306 ], [ 92.4376898, 27.3331243 ], [ 92.437849, 27.3331831 ], [ 92.4382192, 27.3331164 ], [ 92.4385786, 27.3329925 ], [ 92.4389622, 27.3329377 ], [ 92.4395522, 27.3327685 ], [ 92.4404897, 27.332398 ], [ 92.4409577, 27.3322407 ], [ 92.4411589, 27.3321621 ], [ 92.4413842, 27.3320977 ], [ 92.4416189, 27.3321275 ], [ 92.4418911, 27.3323122 ], [ 92.4421741, 27.3325314 ], [ 92.4423029, 27.3326982 ], [ 92.4426006, 27.3329829 ], [ 92.4429305, 27.3333427 ], [ 92.4433959, 27.3336096 ], [ 92.4435849, 27.3336859 ], [ 92.4438693, 27.333911 ], [ 92.4439993, 27.3339908 ], [ 92.4442086, 27.3340742 ], [ 92.4443319, 27.3341898 ], [ 92.4445425, 27.3344793 ], [ 92.4447866, 27.3345925 ], [ 92.445091, 27.3346413 ], [ 92.4452654, 27.3346175 ], [ 92.445327, 27.3345413 ], [ 92.4453297, 27.3344031 ], [ 92.4453673, 27.334272 ], [ 92.445492, 27.3341469 ], [ 92.4456114, 27.3340028 ], [ 92.4457388, 27.3337978 ], [ 92.4458984, 27.333699 ], [ 92.4461666, 27.3335477 ], [ 92.4463651, 27.3333642 ], [ 92.4464858, 27.3331366 ], [ 92.4466963, 27.3328173 ], [ 92.4469766, 27.3322634 ], [ 92.4473619, 27.3318361 ], [ 92.4473628, 27.3317368 ], [ 92.4472904, 27.3314365 ], [ 92.447395, 27.3310434 ], [ 92.4475801, 27.330736 ], [ 92.4477679, 27.3305716 ], [ 92.4479315, 27.330381 ], [ 92.4479932, 27.3302547 ], [ 92.4481782, 27.3300998 ], [ 92.448425, 27.3299711 ], [ 92.4487039, 27.3298996 ], [ 92.4489668, 27.3298734 ], [ 92.4491787, 27.3298424 ], [ 92.4498036, 27.3296256 ], [ 92.450332, 27.3295494 ], [ 92.4504501, 27.329435 ], [ 92.4505252, 27.3292872 ], [ 92.4505037, 27.3291967 ], [ 92.4503642, 27.3290966 ], [ 92.4501926, 27.3290108 ], [ 92.4499619, 27.3288726 ], [ 92.4497366, 27.3287487 ], [ 92.4494094, 27.3285104 ], [ 92.4493776, 27.328455 ], [ 92.4494268, 27.3283867 ], [ 92.4495327, 27.3283865 ], [ 92.4496213, 27.3284985 ], [ 92.4498224, 27.3286486 ], [ 92.4500182, 27.3287892 ], [ 92.450206, 27.3288822 ], [ 92.4505064, 27.3289656 ], [ 92.4506459, 27.3289608 ], [ 92.4509919, 27.3290752 ], [ 92.4513164, 27.3292729 ], [ 92.4513673, 27.3294493 ], [ 92.4513406, 27.3295708 ], [ 92.4513745, 27.3295868 ], [ 92.4514076, 27.3295875 ], [ 92.4515203, 27.3294874 ], [ 92.4516007, 27.3293849 ], [ 92.4516088, 27.3293087 ], [ 92.4515203, 27.3292158 ], [ 92.4514478, 27.3291633 ], [ 92.4511313, 27.3289274 ], [ 92.4509463, 27.3288202 ], [ 92.4506888, 27.3287702 ], [ 92.4504286, 27.3287297 ], [ 92.4503589, 27.3286343 ], [ 92.4502435, 27.3284175 ], [ 92.4502516, 27.3282745 ], [ 92.4503481, 27.3282007 ], [ 92.4504662, 27.3281482 ], [ 92.45067, 27.3280434 ], [ 92.4508604, 27.3279624 ], [ 92.4510053, 27.3279552 ], [ 92.4510214, 27.3280124 ], [ 92.4510026, 27.3280839 ], [ 92.4508953, 27.3281649 ], [ 92.4508309, 27.3282316 ], [ 92.450788, 27.3282912 ], [ 92.4508363, 27.3283293 ], [ 92.4509838, 27.3283698 ], [ 92.4512118, 27.3284008 ], [ 92.4513352, 27.328427 ], [ 92.451413, 27.3285152 ], [ 92.4515364, 27.3286343 ], [ 92.4517187, 27.3287416 ], [ 92.4518475, 27.3288393 ], [ 92.4521103, 27.3291181 ], [ 92.4525261, 27.3293468 ], [ 92.4525234, 27.3295517 ], [ 92.4525502, 27.3296876 ], [ 92.4525663, 27.3298067 ], [ 92.4525797, 27.3299163 ], [ 92.452628, 27.3299783 ], [ 92.4526978, 27.3299997 ], [ 92.4527594, 27.3299687 ], [ 92.4527514, 27.3297972 ], [ 92.4527514, 27.3296899 ], [ 92.4527916, 27.3295636 ], [ 92.4527916, 27.3294421 ], [ 92.4527863, 27.3292682 ], [ 92.4527433, 27.3290847 ], [ 92.4526548, 27.3288869 ], [ 92.4526039, 27.3287702 ], [ 92.45262, 27.3287249 ], [ 92.4526921, 27.3286939 ], [ 92.4527702, 27.3287225 ], [ 92.4527889, 27.3288297 ], [ 92.452805, 27.3289393 ], [ 92.452856, 27.3290871 ], [ 92.4530733, 27.3292586 ], [ 92.453135, 27.329435 ], [ 92.4531966, 27.3296065 ], [ 92.4532637, 27.3296256 ], [ 92.4533173, 27.3296113 ], [ 92.4533308, 27.3295756 ], [ 92.4533066, 27.3294779 ], [ 92.4532691, 27.329373 ], [ 92.4532583, 27.3292968 ], [ 92.4532101, 27.3292301 ], [ 92.4531886, 27.3290942 ], [ 92.4531806, 27.3289882 ], [ 92.4532369, 27.3289584 ], [ 92.4532825, 27.3289822 ], [ 92.453312, 27.3290442 ], [ 92.4533844, 27.3292944 ], [ 92.4534085, 27.3294683 ], [ 92.4534407, 27.3296042 ], [ 92.4534702, 27.3297805 ], [ 92.4534675, 27.3299878 ], [ 92.4534246, 27.3300736 ], [ 92.4533978, 27.3302785 ], [ 92.4534085, 27.3303976 ], [ 92.45343, 27.3304858 ], [ 92.4534702, 27.3305668 ], [ 92.4535185, 27.3306049 ], [ 92.453588, 27.3306244 ], [ 92.4536175, 27.3305781 ], [ 92.453599, 27.3305025 ], [ 92.4535534, 27.3304334 ], [ 92.4535292, 27.3302928 ], [ 92.4535292, 27.330176 ], [ 92.4535641, 27.3300855 ], [ 92.4536365, 27.3299806 ], [ 92.4537492, 27.3298496 ], [ 92.4537572, 27.3296685 ], [ 92.4537492, 27.3295398 ], [ 92.4537036, 27.3294755 ], [ 92.4537304, 27.329354 ], [ 92.4537572, 27.3293206 ], [ 92.4538779, 27.3292777 ], [ 92.4540094, 27.3292372 ], [ 92.454181, 27.3291657 ], [ 92.4543393, 27.3291085 ], [ 92.4544868, 27.3290847 ], [ 92.4546692, 27.3290823 ], [ 92.4547416, 27.3290823 ], [ 92.4548194, 27.32913 ], [ 92.4548033, 27.3291895 ], [ 92.4546692, 27.3292158 ], [ 92.4544895, 27.3292158 ], [ 92.4543956, 27.3292443 ], [ 92.4542508, 27.3293254 ], [ 92.4542427, 27.3294064 ], [ 92.4541971, 27.3296042 ], [ 92.4542212, 27.3297876 ], [ 92.4542427, 27.3299258 ], [ 92.4542373, 27.330014 ], [ 92.4541542, 27.3301069 ], [ 92.4540335, 27.3302022 ], [ 92.4540067, 27.3302737 ], [ 92.4540496, 27.3303595 ], [ 92.4541488, 27.3303571 ], [ 92.4542561, 27.330257 ], [ 92.4543607, 27.330095 ], [ 92.4544439, 27.329821 ], [ 92.4545673, 27.3296185 ], [ 92.4546611, 27.329516 ], [ 92.4548006, 27.3295065 ], [ 92.4549857, 27.3295636 ], [ 92.4551493, 27.3296161 ], [ 92.4553075, 27.3297281 ], [ 92.4554256, 27.3298686 ], [ 92.4556106, 27.3300474 ], [ 92.4556804, 27.3301594 ], [ 92.4557233, 27.3302594 ], [ 92.4557742, 27.3303833 ], [ 92.4558145, 27.3304882 ], [ 92.4559137, 27.3306002 ], [ 92.4561498, 27.3310172 ], [ 92.4562061, 27.3313102 ], [ 92.4561739, 27.331427 ], [ 92.4560907, 27.3315771 ], [ 92.4561498, 27.3316843 ], [ 92.4562705, 27.3317582 ], [ 92.456308, 27.3318202 ], [ 92.4563697, 27.3320108 ], [ 92.4564233, 27.3321132 ], [ 92.4564823, 27.3321966 ], [ 92.456587, 27.3322395 ], [ 92.4567479, 27.3323325 ], [ 92.4570322, 27.3325421 ], [ 92.4571797, 27.3327232 ], [ 92.4572173, 27.3328162 ], [ 92.4571958, 27.3328542 ], [ 92.4571395, 27.3328638 ], [ 92.4570724, 27.3328281 ], [ 92.4570134, 27.3327256 ], [ 92.4569383, 27.3326136 ], [ 92.4568498, 27.3325421 ], [ 92.4567023, 27.3324826 ], [ 92.4564314, 27.3324206 ], [ 92.4560961, 27.3322038 ], [ 92.4559969, 27.3321728 ], [ 92.4558628, 27.3321299 ], [ 92.4557582, 27.3320703 ], [ 92.4556375, 27.331987 ], [ 92.4556079, 27.3318893 ], [ 92.4555972, 27.3317582 ], [ 92.4555811, 27.3316152 ], [ 92.455557, 27.3314604 ], [ 92.4554068, 27.3313341 ], [ 92.4552619, 27.3312674 ], [ 92.4550849, 27.331203 ], [ 92.4549749, 27.3311744 ], [ 92.4549524, 27.3311894 ], [ 92.4549535, 27.3312149 ], [ 92.4550125, 27.3312936 ], [ 92.4551198, 27.3313627 ], [ 92.455321, 27.331508 ], [ 92.4553585, 27.3316915 ], [ 92.45538, 27.3319298 ], [ 92.455388, 27.3320608 ], [ 92.4554121, 27.3321776 ], [ 92.455498, 27.3323587 ], [ 92.4555892, 27.3324778 ], [ 92.4558386, 27.332697 ], [ 92.4559808, 27.3327971 ], [ 92.456308, 27.332971 ], [ 92.4564904, 27.3331092 ], [ 92.4565628, 27.3331902 ], [ 92.4566326, 27.3334476 ], [ 92.4566513, 27.333581 ], [ 92.456705, 27.3337168 ], [ 92.4567908, 27.333805 ], [ 92.4573031, 27.3341624 ], [ 92.4577644, 27.3343363 ], [ 92.4581802, 27.3343911 ], [ 92.4584618, 27.3345007 ], [ 92.4586657, 27.3346342 ], [ 92.4586737, 27.3347485 ], [ 92.4586174, 27.3348724 ], [ 92.4586657, 27.3349368 ], [ 92.4591029, 27.3351226 ], [ 92.4595427, 27.3352275 ], [ 92.4599102, 27.335287 ], [ 92.4601597, 27.3353871 ], [ 92.4604145, 27.3356945 ], [ 92.4606639, 27.3357636 ], [ 92.4611896, 27.3358684 ], [ 92.4616322, 27.3359685 ], [ 92.4620077, 27.3362282 ], [ 92.4621981, 27.3363307 ], [ 92.4623993, 27.3364117 ], [ 92.4628285, 27.3364712 ], [ 92.4632469, 27.3364784 ], [ 92.4634105, 27.3364708 ], [ 92.4635178, 27.3365308 ], [ 92.4635929, 27.3365904 ], [ 92.4635768, 27.3367309 ], [ 92.4635097, 27.3367929 ], [ 92.4634963, 27.3368596 ], [ 92.4635017, 27.3370264 ], [ 92.4635285, 27.3371503 ], [ 92.4635741, 27.3372003 ], [ 92.4636465, 27.3372337 ], [ 92.4638075, 27.3372099 ], [ 92.4641508, 27.3372718 ], [ 92.4642339, 27.3373528 ], [ 92.4643064, 27.3374338 ], [ 92.464596, 27.3376507 ], [ 92.464883, 27.3378389 ], [ 92.4651003, 27.3379461 ], [ 92.4651647, 27.3380771 ], [ 92.4652317, 27.3382177 ], [ 92.4652934, 27.3382963 ], [ 92.4653953, 27.3383249 ], [ 92.4654785, 27.3382797 ], [ 92.4656448, 27.3380962 ], [ 92.4658406, 27.3379223 ], [ 92.4660391, 27.3378984 ], [ 92.4663421, 27.3378484 ], [ 92.4664924, 27.3377626 ], [ 92.466495, 27.3376697 ], [ 92.4664226, 27.3375959 ], [ 92.4662563, 27.337522 ], [ 92.4661222, 27.3374767 ], [ 92.4659908, 27.3374219 ], [ 92.4658996, 27.3372742 ], [ 92.4658701, 27.3372122 ], [ 92.4658406, 27.3370907 ], [ 92.4657494, 27.3369359 ], [ 92.465626, 27.3368167 ], [ 92.4656287, 27.3367381 ], [ 92.465685, 27.3366761 ], [ 92.4658459, 27.336588 ], [ 92.4661142, 27.3364474 ], [ 92.4662858, 27.3363354 ], [ 92.4664843, 27.3361805 ], [ 92.4666023, 27.3360662 ], [ 92.4666479, 27.3359304 ], [ 92.4668276, 27.3357564 ], [ 92.4670342, 27.3356397 ], [ 92.4672419, 27.335544 ], [ 92.4673373, 27.3355102 ], [ 92.46735, 27.3354605 ], [ 92.4672699, 27.335365 ], [ 92.467058, 27.335141 ], [ 92.4665839, 27.3348822 ], [ 92.466462, 27.3346547 ], [ 92.466466, 27.3344922 ], [ 92.4666246, 27.3344994 ], [ 92.4669579, 27.3347197 ], [ 92.4675881, 27.3349472 ], [ 92.4678882, 27.3350762 ], [ 92.4683106, 27.33516 ], [ 92.4689888, 27.3350625 ], [ 92.4692001, 27.3350978 ], [ 92.469265, 27.3351794 ], [ 92.4691596, 27.335241 ], [ 92.4689267, 27.3352916 ], [ 92.4686918, 27.3353316 ], [ 92.468555, 27.335461 ], [ 92.4683565, 27.3356373 ], [ 92.4681473, 27.3356897 ], [ 92.4680078, 27.3357374 ], [ 92.4676698, 27.3360376 ], [ 92.4675304, 27.3361901 ], [ 92.4674499, 27.3363473 ], [ 92.4673372, 27.3365332 ], [ 92.4671924, 27.3366523 ], [ 92.4670315, 27.336781 ], [ 92.4669242, 27.3368572 ], [ 92.4668276, 27.3369526 ], [ 92.4668277, 27.337024 ], [ 92.4669242, 27.3370335 ], [ 92.4670905, 27.3369192 ], [ 92.4672702, 27.3367667 ], [ 92.4674284, 27.3366738 ], [ 92.4677369, 27.3364522 ], [ 92.4679005, 27.3362997 ], [ 92.4682626, 27.3360638 ], [ 92.4685523, 27.3359852 ], [ 92.4688634, 27.3359208 ], [ 92.4690297, 27.3359185 ], [ 92.4691156, 27.3359733 ], [ 92.4692041, 27.335978 ], [ 92.4693865, 27.3359161 ], [ 92.4696895, 27.3358136 ], [ 92.4700087, 27.335766 ], [ 92.4702206, 27.3357803 ], [ 92.4702796, 27.3358136 ], [ 92.4704996, 27.3358303 ], [ 92.4706203, 27.3358351 ], [ 92.4706846, 27.3358231 ], [ 92.4708027, 27.3357803 ], [ 92.4709395, 27.3356969 ], [ 92.4712291, 27.3355086 ], [ 92.4715242, 27.3353704 ], [ 92.4717656, 27.335287 ], [ 92.4719694, 27.3352227 ], [ 92.472412, 27.3351393 ], [ 92.4729538, 27.3350869 ], [ 92.4732918, 27.3352346 ], [ 92.473391, 27.335318 ], [ 92.4733964, 27.3354252 ], [ 92.4733427, 27.3355277 ], [ 92.4732462, 27.3355372 ], [ 92.4731389, 27.3354824 ], [ 92.4728572, 27.3353847 ], [ 92.4727312, 27.3353847 ], [ 92.4726185, 27.3354014 ], [ 92.4724415, 27.3354443 ], [ 92.4722242, 27.3355086 ], [ 92.4720204, 27.3355468 ], [ 92.4718755, 27.335561 ], [ 92.4717227, 27.3356016 ], [ 92.4716341, 27.3356564 ], [ 92.4715349, 27.3357112 ], [ 92.4714732, 27.3357469 ], [ 92.4713927, 27.3357898 ], [ 92.4712694, 27.3358422 ], [ 92.471213, 27.3359447 ], [ 92.4712157, 27.3359995 ], [ 92.4711782, 27.3361281 ], [ 92.4711567, 27.3361948 ], [ 92.4710843, 27.3363235 ], [ 92.4710521, 27.3364498 ], [ 92.4709651, 27.3365067 ], [ 92.4707141, 27.3365403 ], [ 92.4704808, 27.3365785 ], [ 92.4703225, 27.336607 ], [ 92.4700114, 27.3366142 ], [ 92.4698532, 27.33675 ], [ 92.4697888, 27.336831 ], [ 92.4696681, 27.3368811 ], [ 92.4694401, 27.3369549 ], [ 92.4692953, 27.3369907 ], [ 92.4691477, 27.3370145 ], [ 92.469027, 27.3370455 ], [ 92.4689439, 27.3370979 ], [ 92.4688849, 27.3371551 ], [ 92.4688742, 27.3372718 ], [ 92.4691021, 27.3374052 ], [ 92.4691826, 27.3374958 ], [ 92.4692523, 27.3375601 ], [ 92.4692953, 27.3376602 ], [ 92.4693382, 27.3377364 ], [ 92.4694106, 27.3378103 ], [ 92.4695313, 27.3379914 ], [ 92.4695662, 27.3381034 ], [ 92.46966, 27.3381987 ], [ 92.4698344, 27.3382892 ], [ 92.4699363, 27.3383511 ], [ 92.4699846, 27.338425 ], [ 92.4700221, 27.3385632 ], [ 92.4701509, 27.3387109 ], [ 92.4702528, 27.3387395 ], [ 92.4703574, 27.3387205 ], [ 92.4705666, 27.3387205 ], [ 92.4707785, 27.3387276 ], [ 92.4710092, 27.3387681 ], [ 92.4711916, 27.3388158 ], [ 92.4712586, 27.3389325 ], [ 92.4713954, 27.3391708 ], [ 92.4714786, 27.3392947 ], [ 92.4715081, 27.3394877 ], [ 92.4715751, 27.3397331 ], [ 92.4716368, 27.3398331 ], [ 92.471897, 27.3399523 ], [ 92.4721384, 27.340038 ], [ 92.4722564, 27.3400952 ], [ 92.4723771, 27.3401643 ], [ 92.4724334, 27.340293 ], [ 92.4723637, 27.3403883 ], [ 92.4722028, 27.3404645 ], [ 92.4721169, 27.3405265 ], [ 92.4721008, 27.3406837 ], [ 92.4722135, 27.3407886 ], [ 92.472412, 27.340922 ], [ 92.472589, 27.3409929 ], [ 92.4729001, 27.3411174 ], [ 92.4730611, 27.3412555 ], [ 92.4731845, 27.3414461 ], [ 92.4731952, 27.3416082 ], [ 92.4731791, 27.3418178 ], [ 92.4731415, 27.3419941 ], [ 92.4730611, 27.3420561 ], [ 92.4729055, 27.3422467 ], [ 92.4728143, 27.3424039 ], [ 92.4727392, 27.3425517 ], [ 92.4726105, 27.3425898 ], [ 92.472471, 27.342666 ], [ 92.4724764, 27.3427375 ], [ 92.4726373, 27.3428376 ], [ 92.4727821, 27.3429329 ], [ 92.4728411, 27.3430139 ], [ 92.4728411, 27.343133 ], [ 92.472707, 27.3431806 ], [ 92.4725461, 27.343214 ], [ 92.4725246, 27.3432855 ], [ 92.4726105, 27.3435428 ], [ 92.4726051, 27.3436381 ], [ 92.4725407, 27.3437763 ], [ 92.4725354, 27.3438716 ], [ 92.4725944, 27.3440002 ], [ 92.4726641, 27.3443862 ], [ 92.4726856, 27.3445577 ], [ 92.4727929, 27.3447912 ], [ 92.4729001, 27.345039 ], [ 92.4729162, 27.3452439 ], [ 92.4728519, 27.3453201 ], [ 92.4727285, 27.3454345 ], [ 92.472707, 27.3455298 ], [ 92.4728143, 27.34593 ], [ 92.4728948, 27.3461159 ], [ 92.473045, 27.3463255 ], [ 92.4731952, 27.3464971 ], [ 92.4735063, 27.3468735 ], [ 92.4735922, 27.3470498 ], [ 92.4735868, 27.347207 ], [ 92.4733937, 27.3474596 ], [ 92.4732649, 27.3475835 ], [ 92.4731469, 27.3477407 ], [ 92.4729538, 27.3479027 ], [ 92.4729001, 27.3480123 ], [ 92.4727821, 27.3481553 ], [ 92.4726051, 27.3483601 ], [ 92.472589, 27.348546 ], [ 92.4725085, 27.3486603 ], [ 92.4723637, 27.3487699 ], [ 92.4722135, 27.3488462 ], [ 92.472074, 27.3489081 ], [ 92.4719614, 27.3489224 ], [ 92.471779, 27.3489843 ], [ 92.4714786, 27.3494846 ], [ 92.471377, 27.3497362 ], [ 92.4714196, 27.3499278 ], [ 92.4716502, 27.3502041 ], [ 92.4719292, 27.3504328 ], [ 92.472074, 27.3506139 ], [ 92.4720687, 27.3507854 ], [ 92.4719775, 27.3509093 ], [ 92.4719775, 27.3510761 ], [ 92.4720633, 27.3512142 ], [ 92.4722135, 27.3514334 ], [ 92.4721706, 27.3515811 ], [ 92.4721276, 27.3517408 ], [ 92.4721467, 27.3518365 ], [ 92.4722457, 27.3519051 ], [ 92.4725515, 27.3519337 ], [ 92.4727499, 27.3519861 ], [ 92.4729055, 27.3520624 ], [ 92.473104, 27.3520719 ], [ 92.4732381, 27.3520814 ], [ 92.4733937, 27.3521815 ], [ 92.4734795, 27.3523196 ], [ 92.4736297, 27.3523673 ], [ 92.4737477, 27.3524054 ], [ 92.4739194, 27.3526008 ], [ 92.4739891, 27.3527389 ], [ 92.4742037, 27.3528152 ], [ 92.4744397, 27.3528628 ], [ 92.4745953, 27.3530153 ], [ 92.4746329, 27.3532011 ], [ 92.474724, 27.3533298 ], [ 92.4749118, 27.3534727 ], [ 92.4749011, 27.3536442 ], [ 92.4749762, 27.3538205 ], [ 92.4751264, 27.3539253 ], [ 92.4753249, 27.354054 ], [ 92.4754482, 27.3541921 ], [ 92.4755341, 27.3543446 ], [ 92.4755609, 27.3544447 ], [ 92.4756306, 27.3545352 ], [ 92.4757379, 27.3547687 ], [ 92.4758506, 27.3549307 ], [ 92.4760061, 27.3550736 ], [ 92.4761081, 27.3551975 ], [ 92.4762154, 27.3553071 ], [ 92.4763405, 27.3553693 ] ] } },
{ "type": "Feature", "properties": { "element": "way", "id": 157598093, "highway": "trunk", "ref": "NH13", "ref:old": "NH229", "source": null, "name": null, "name:en": null, "surface": null, "bridge": null, "bridge:structure": null, "layer": null, "name:zh": null, "sidewalk": null, "smoothness": null, "lanes": null, "route": null, "alt_name": null, "service": null, "oneway": null }, "geometry": { "type": "LineString", "coordinates": [ [ 92.5295534, 27.2035176 ], [ 92.5295315, 27.2038604 ], [ 92.5293279, 27.2040157 ], [ 92.5291387, 27.2042227 ], [ 92.5290151, 27.2045074 ], [ 92.528855, 27.2048244 ], [ 92.5288478, 27.2050832 ], [ 92.5287459, 27.2052255 ], [ 92.5283895, 27.2056331 ], [ 92.5282076, 27.205963 ], [ 92.5280476, 27.2061183 ], [ 92.5277203, 27.2063124 ], [ 92.527342, 27.20661 ], [ 92.5270947, 27.2069399 ], [ 92.5267601, 27.2074445 ], [ 92.5265418, 27.2078456 ], [ 92.5262363, 27.2082014 ], [ 92.5259599, 27.2084214 ], [ 92.5256689, 27.2086737 ], [ 92.5256399, 27.2089195 ], [ 92.5254871, 27.2090877 ], [ 92.5253853, 27.2093335 ], [ 92.5250215, 27.2095535 ], [ 92.5247088, 27.2096182 ], [ 92.5242796, 27.2096829 ], [ 92.5239013, 27.2096958 ], [ 92.5234794, 27.2095923 ], [ 92.5231521, 27.2095406 ], [ 92.5226574, 27.2092753 ], [ 92.5222719, 27.2089195 ], [ 92.5220973, 27.2084279 ], [ 92.5219446, 27.2082661 ], [ 92.52169, 27.2082208 ], [ 92.5213626, 27.208085 ], [ 92.521028, 27.2078197 ], [ 92.5208753, 27.2075286 ], [ 92.5208098, 27.207231 ], [ 92.5204679, 27.2068817 ], [ 92.5201988, 27.2067652 ], [ 92.5194932, 27.206707 ], [ 92.5189403, 27.2065259 ], [ 92.518613, 27.2065259 ], [ 92.5180965, 27.2065129 ], [ 92.5169302, 27.2065781 ], [ 92.5161998, 27.2066284 ], [ 92.515945, 27.2066608 ], [ 92.5159118, 27.206665 ], [ 92.5157458, 27.2067447 ], [ 92.5156649, 27.2068664 ], [ 92.5156757, 27.2071106 ], [ 92.5156702, 27.2072496 ], [ 92.5156245, 27.2073968 ], [ 92.5155743, 27.2074513 ], [ 92.5154746, 27.2074885 ], [ 92.5153688, 27.2074731 ], [ 92.5152495, 27.2073649 ], [ 92.5151508, 27.2072042 ], [ 92.5151195, 27.2071001 ], [ 92.5150674, 27.2070256 ], [ 92.5150018, 27.2070147 ], [ 92.5149599, 27.2070619 ], [ 92.5149652, 27.2071454 ], [ 92.5150152, 27.2072629 ], [ 92.5151714, 27.2074773 ], [ 92.5152597, 27.2075773 ], [ 92.5152522, 27.2076297 ], [ 92.515204, 27.2076476 ], [ 92.5151447, 27.2076244 ], [ 92.5149694, 27.2074317 ], [ 92.5148466, 27.2073661 ], [ 92.514752, 27.2073601 ], [ 92.5146767, 27.2073973 ], [ 92.5144558, 27.2077264 ], [ 92.5141722, 27.208145 ], [ 92.5140272, 27.208386 ], [ 92.5138148, 27.208618 ], [ 92.5137892, 27.2089136 ], [ 92.5138657, 27.2093117 ], [ 92.513804, 27.2095405 ], [ 92.5135097, 27.2099156 ], [ 92.513448, 27.2102358 ], [ 92.5131394, 27.2108762 ], [ 92.5129953, 27.2110592 ], [ 92.5125118, 27.2110592 ], [ 92.5110613, 27.2107755 ], [ 92.5109996, 27.2107503 ], [ 92.510803, 27.2106702 ], [ 92.5103206, 27.2104736 ], [ 92.5094977, 27.2102358 ], [ 92.5092194, 27.2102966 ], [ 92.5088701, 27.210373 ], [ 92.507574, 27.2104828 ], [ 92.5071656, 27.2105946 ], [ 92.507039, 27.2106292 ], [ 92.506428, 27.2117561 ], [ 92.505928, 27.2126785 ], [ 92.5054832, 27.2134037 ], [ 92.5049404, 27.2142886 ], [ 92.5044878, 27.2149473 ], [ 92.5040768, 27.215356 ], [ 92.5023995, 27.217024 ], [ 92.5018851, 27.2175637 ], [ 92.501237, 27.2180577 ], [ 92.5005375, 27.2185792 ], [ 92.4998482, 27.2190183 ], [ 92.499231, 27.2194391 ], [ 92.4987578, 27.2197227 ], [ 92.4985231, 27.2198215 ], [ 92.4982023, 27.2198416 ], [ 92.497225, 27.2200794 ], [ 92.496546, 27.2201526 ], [ 92.4960522, 27.2201069 ], [ 92.495291, 27.2199788 ], [ 92.4947663, 27.219805 ], [ 92.4943549, 27.219558 ], [ 92.4939948, 27.2192927 ], [ 92.4934701, 27.2188536 ], [ 92.4931615, 27.2183688 ], [ 92.4931035, 27.2182496 ], [ 92.4928941, 27.2178199 ], [ 92.4927706, 27.216905 ], [ 92.4928426, 27.2159811 ], [ 92.4929262, 27.2154286 ], [ 92.492855, 27.2149828 ], [ 92.4928967, 27.214667 ], [ 92.4929558, 27.2141514 ], [ 92.4930967, 27.213713 ], [ 92.4934907, 27.2129346 ], [ 92.4937486, 27.2119396 ], [ 92.4939305, 27.2097983 ], [ 92.4941051, 27.2089767 ], [ 92.4940541, 27.2086145 ], [ 92.4938796, 27.2081551 ], [ 92.4934649, 27.2076182 ], [ 92.4930867, 27.207133 ], [ 92.4929479, 27.2068429 ], [ 92.4928976, 27.2066639 ], [ 92.4927168, 27.2063688 ], [ 92.4925685, 27.2062189 ], [ 92.4925046, 27.2061064 ], [ 92.492491, 27.2059431 ], [ 92.4924706, 27.2058633 ], [ 92.4923926, 27.2057728 ], [ 92.4923638, 27.2057547 ], [ 92.4922529, 27.2056851 ], [ 92.4921452, 27.2055501 ], [ 92.4921231, 27.2054588 ], [ 92.4920989, 27.2052664 ], [ 92.4920472, 27.2046314 ], [ 92.4918976, 27.2043448 ], [ 92.4916001, 27.2041077 ], [ 92.4910979, 27.2040078 ], [ 92.4904897, 27.2039191 ], [ 92.4895225, 27.2039546 ], [ 92.4891037, 27.2039723 ], [ 92.4887747, 27.2039901 ], [ 92.4883958, 27.2043004 ], [ 92.4880967, 27.2045044 ], [ 92.4877577, 27.2046285 ], [ 92.4875184, 27.2049921 ], [ 92.4872791, 27.2053202 ], [ 92.4870597, 27.2054976 ], [ 92.4869002, 27.2056129 ], [ 92.4869301, 27.2060296 ], [ 92.4869501, 27.2063577 ], [ 92.4869401, 27.2067302 ], [ 92.4868105, 27.2071026 ], [ 92.4865712, 27.20728 ], [ 92.4860826, 27.2073686 ], [ 92.4854445, 27.2073952 ], [ 92.484936, 27.2074218 ], [ 92.484212, 27.207477 ], [ 92.4835823, 27.2074749 ], [ 92.4827226, 27.2073918 ], [ 92.4820845, 27.2074804 ], [ 92.481596, 27.2075514 ], [ 92.4809877, 27.2076755 ], [ 92.4800304, 27.2080426 ], [ 92.4795917, 27.2082643 ], [ 92.4791829, 27.208415 ], [ 92.4784749, 27.2084239 ], [ 92.4778667, 27.2082377 ], [ 92.4776037, 27.2082046 ], [ 92.4768796, 27.2081135 ], [ 92.4752943, 27.207883 ], [ 92.4748755, 27.2079273 ], [ 92.4743171, 27.2081933 ], [ 92.4739981, 27.2084593 ], [ 92.473689, 27.2088761 ], [ 92.4735494, 27.2092485 ], [ 92.4734098, 27.2096564 ], [ 92.47334, 27.21002 ], [ 92.4729611, 27.2105343 ], [ 92.4723828, 27.2115895 ], [ 92.4722432, 27.2118999 ], [ 92.4720039, 27.2120506 ], [ 92.471635, 27.212361 ], [ 92.4713658, 27.212423 ], [ 92.4709271, 27.2123787 ], [ 92.4704784, 27.2123787 ], [ 92.4698004, 27.2124319 ], [ 92.469262, 27.2123521 ], [ 92.4691822, 27.2121215 ], [ 92.468893, 27.211758 ], [ 92.4685142, 27.2114476 ], [ 92.467896, 27.2111018 ], [ 92.4674925, 27.2111113 ] ] } },
{ "type": "Feature", "properties": { "element": "way", "id": 157600650, "highway": "trunk", "ref": "NH13", "ref:old": "NH229", "source": null, "name": null, "name:en": null, "surface": null, "bridge": null, "bridge:structure": null, "layer": null, "name:zh": null, "sidewalk": null, "smoothness": null, "lanes": null, "route": null, "alt_name": null, "service": null, "oneway": null }, "geometry": { "type": "LineString", "coordinates": [ [ 92.4141163, 27.2145472 ], [ 92.4140079, 27.2147083 ], [ 92.4139566, 27.2147888 ], [ 92.4139599, 27.2148352 ], [ 92.4140008, 27.2148466 ], [ 92.4140648, 27.2148263 ], [ 92.4142084, 27.2146839 ], [ 92.4143395, 27.2146071 ], [ 92.414454, 27.2145553 ], [ 92.4145753, 27.2145372 ], [ 92.4147277, 27.2145087 ], [ 92.4148878, 27.2144457 ], [ 92.4149489, 27.2144451 ], [ 92.4149795, 27.2144624 ], [ 92.4149926, 27.2144926 ], [ 92.4149946, 27.2145228 ], [ 92.4149783, 27.2145453 ], [ 92.4148956, 27.2146385 ], [ 92.4148024, 27.2146963 ], [ 92.414669, 27.2147373 ], [ 92.4145176, 27.2148042 ], [ 92.4143812, 27.214938 ], [ 92.4142487, 27.2151883 ], [ 92.4141497, 27.2154446 ], [ 92.4141187, 27.215594 ], [ 92.4141041, 27.2158494 ], [ 92.4140488, 27.2160402 ], [ 92.4139925, 27.2161644 ], [ 92.4138285, 27.216394 ], [ 92.4137101, 27.2164794 ], [ 92.4135141, 27.2165865 ], [ 92.4132096, 27.2167103 ], [ 92.4128116, 27.2168531 ], [ 92.4124492, 27.2170203 ], [ 92.4121816, 27.2171558 ], [ 92.4118481, 27.2172962 ], [ 92.4116353, 27.2174475 ], [ 92.4115063, 27.2175452 ], [ 92.4113814, 27.2177466 ], [ 92.4112757, 27.21781 ], [ 92.4109455, 27.2179937 ], [ 92.4107981, 27.2181286 ], [ 92.4107062, 27.218275 ], [ 92.4104577, 27.2185521 ], [ 92.4103946, 27.2186412 ], [ 92.4103095, 27.2188755 ], [ 92.4102326, 27.2189683 ], [ 92.4100254, 27.2191074 ], [ 92.409836, 27.2192112 ], [ 92.4096795, 27.219282 ], [ 92.4095424, 27.2193228 ], [ 92.4093048, 27.2194638 ], [ 92.4092322, 27.2195047 ], [ 92.4091594, 27.2195932 ], [ 92.4091182, 27.219675 ], [ 92.4090921, 27.2198678 ], [ 92.4090345, 27.2200179 ], [ 92.4089974, 27.2201229 ], [ 92.4089109, 27.2202376 ], [ 92.4087956, 27.2203182 ], [ 92.4084355, 27.2206332 ], [ 92.4078644, 27.2211912 ], [ 92.4075824, 27.2215128 ], [ 92.4073147, 27.2217301 ], [ 92.4072036, 27.2218228 ], [ 92.4071875, 27.2218511 ], [ 92.4071898, 27.2218838 ], [ 92.4072411, 27.221945 ], [ 92.4073085, 27.221961 ], [ 92.4073826, 27.2219219 ], [ 92.4074939, 27.2218053 ], [ 92.4075613, 27.2217304 ], [ 92.4076839, 27.2216454 ], [ 92.4077477, 27.2216423 ], [ 92.407804, 27.2216681 ], [ 92.4078465, 27.2217223 ], [ 92.4078424, 27.2218004 ], [ 92.4078136, 27.2218517 ], [ 92.4077024, 27.2219188 ], [ 92.4073991, 27.2221316 ], [ 92.4073214, 27.222208 ], [ 92.4072299, 27.2224075 ], [ 92.407213, 27.2225605 ], [ 92.4071196, 27.2227009 ], [ 92.4069632, 27.2228437 ], [ 92.4069055, 27.2228913 ], [ 92.406852, 27.2230158 ], [ 92.4068397, 27.2231952 ], [ 92.4068703, 27.2235861 ], [ 92.4068774, 27.2239497 ], [ 92.4069126, 27.2244262 ], [ 92.4069902, 27.2247334 ], [ 92.4070819, 27.2251284 ], [ 92.4071453, 27.2256048 ], [ 92.4071947, 27.2258932 ], [ 92.4071524, 27.2264324 ], [ 92.4072088, 27.2266581 ], [ 92.4072511, 27.2269465 ], [ 92.4073909, 27.2270614 ], [ 92.4074555, 27.2271095 ], [ 92.4075965, 27.2270781 ], [ 92.4075754, 27.226959 ], [ 92.4074273, 27.2267521 ], [ 92.4074203, 27.2263383 ], [ 92.407526, 27.2253165 ], [ 92.4075754, 27.2247522 ], [ 92.4076741, 27.2244513 ], [ 92.4077232, 27.2241793 ], [ 92.4076175, 27.2239498 ], [ 92.4075733, 27.2238344 ], [ 92.4075748, 27.2236993 ], [ 92.4077001, 27.2234986 ], [ 92.4078712, 27.2233727 ], [ 92.4080901, 27.2232789 ], [ 92.4082311, 27.2232664 ], [ 92.4082695, 27.2233124 ], [ 92.40824, 27.223395 ], [ 92.4080984, 27.2234619 ], [ 92.40797, 27.2235537 ], [ 92.4078875, 27.223799 ], [ 92.4078889, 27.2239393 ], [ 92.4079523, 27.2240731 ], [ 92.40797, 27.2243184 ], [ 92.4080164, 27.2246867 ], [ 92.4080367, 27.2250013 ], [ 92.4079773, 27.2252475 ], [ 92.4080337, 27.2257365 ], [ 92.4081465, 27.2259685 ], [ 92.4081888, 27.2262004 ], [ 92.4082593, 27.2264449 ], [ 92.4085554, 27.2264637 ], [ 92.409063, 27.2265452 ], [ 92.4094649, 27.2267772 ], [ 92.4095847, 27.2270718 ], [ 92.4096718, 27.2275439 ], [ 92.4097376, 27.227881 ], [ 92.4096609, 27.2282516 ], [ 92.4096609, 27.228416 ], [ 92.4097721, 27.2286096 ], [ 92.4098739, 27.2287266 ], [ 92.409982, 27.2287587 ], [ 92.4101544, 27.2287169 ], [ 92.4103532, 27.2286454 ], [ 92.4105954, 27.2286941 ], [ 92.410702, 27.2287777 ], [ 92.4109314, 27.2288711 ], [ 92.4113827, 27.2290445 ], [ 92.411768, 27.2292203 ], [ 92.4119287, 27.2292597 ], [ 92.4119521, 27.2292857 ], [ 92.4119641, 27.2293207 ], [ 92.4119339, 27.2293529 ], [ 92.4118876, 27.2293818 ], [ 92.4116857, 27.2294729 ], [ 92.4115254, 27.229565 ], [ 92.4114013, 27.229698 ], [ 92.4112584, 27.2299226 ], [ 92.4111808, 27.2300999 ], [ 92.4111576, 27.2302812 ], [ 92.4112096, 27.2304801 ], [ 92.4112639, 27.2307963 ], [ 92.4112373, 27.2309638 ], [ 92.4111952, 27.2311244 ], [ 92.4111919, 27.2312692 ], [ 92.4112606, 27.2314662 ], [ 92.4113769, 27.2317114 ], [ 92.4114678, 27.2318631 ], [ 92.41147, 27.2320148 ], [ 92.4114277, 27.232185 ], [ 92.4112204, 27.2326325 ], [ 92.4111711, 27.23304 ], [ 92.4111852, 27.2335289 ], [ 92.4113544, 27.2337421 ], [ 92.4115306, 27.2340116 ], [ 92.4114601, 27.2343752 ], [ 92.4111993, 27.2347075 ], [ 92.4111711, 27.2349833 ], [ 92.4111006, 27.2352278 ], [ 92.4109455, 27.235466 ], [ 92.4109737, 27.2358296 ], [ 92.411157, 27.2361869 ], [ 92.4112627, 27.2362308 ], [ 92.4112698, 27.2360803 ], [ 92.411157, 27.2357731 ], [ 92.4111922, 27.2354848 ], [ 92.4113262, 27.2351651 ], [ 92.4116223, 27.2348642 ], [ 92.4118832, 27.2344881 ], [ 92.4119889, 27.2341057 ], [ 92.4119607, 27.2337358 ], [ 92.4119607, 27.2335101 ], [ 92.4118691, 27.2332406 ], [ 92.4120171, 27.2328582 ], [ 92.412278, 27.2326199 ], [ 92.4123978, 27.2322626 ], [ 92.4125247, 27.2319116 ], [ 92.4127645, 27.2317423 ], [ 92.4130183, 27.2315103 ], [ 92.4130817, 27.231247 ], [ 92.4130817, 27.2309775 ], [ 92.4127856, 27.2303067 ], [ 92.4126658, 27.2300434 ], [ 92.4127715, 27.2299682 ], [ 92.4129901, 27.2302816 ], [ 92.4132509, 27.2307643 ], [ 92.4134977, 27.2310527 ], [ 92.4135964, 27.2314853 ], [ 92.4135541, 27.2317611 ], [ 92.4132439, 27.2319805 ], [ 92.4131945, 27.2322375 ], [ 92.4133073, 27.2324193 ], [ 92.4133708, 27.2327077 ], [ 92.4133708, 27.2329389 ], [ 92.4133708, 27.2330588 ], [ 92.4133144, 27.2334224 ], [ 92.4130324, 27.2337546 ], [ 92.4130183, 27.233974 ], [ 92.413124, 27.2341809 ], [ 92.4131452, 27.2342812 ], [ 92.4130888, 27.234626 ], [ 92.4129901, 27.2348516 ], [ 92.4129478, 27.2351839 ], [ 92.4128702, 27.2354409 ], [ 92.4129337, 27.2355851 ], [ 92.413124, 27.2355475 ], [ 92.4132721, 27.2353594 ], [ 92.4133637, 27.2350773 ], [ 92.4134342, 27.2348328 ], [ 92.4135188, 27.2344066 ], [ 92.4135753, 27.2341621 ], [ 92.413674, 27.2341934 ], [ 92.413815, 27.2344504 ], [ 92.4140124, 27.2347137 ], [ 92.4143085, 27.2349331 ], [ 92.4142662, 27.2351212 ], [ 92.4141181, 27.2352591 ], [ 92.4140617, 27.2354973 ], [ 92.4141886, 27.2357543 ], [ 92.4141745, 27.236049 ], [ 92.4143508, 27.2363123 ], [ 92.4145976, 27.2363624 ], [ 92.4149078, 27.2364564 ], [ 92.4151686, 27.2366696 ], [ 92.4153096, 27.237052 ], [ 92.4154648, 27.2374657 ], [ 92.415493, 27.2377791 ], [ 92.4155141, 27.2379985 ], [ 92.4157468, 27.2380487 ], [ 92.4158596, 27.2381803 ], [ 92.4159019, 27.2384436 ], [ 92.4157045, 27.2385502 ], [ 92.4154718, 27.2386316 ], [ 92.4151404, 27.2387884 ], [ 92.414943, 27.2388072 ], [ 92.4146117, 27.2387319 ], [ 92.4142591, 27.2386066 ], [ 92.4141252, 27.2386379 ], [ 92.4138996, 27.2388887 ], [ 92.4138855, 27.2392648 ], [ 92.4141886, 27.239785 ], [ 92.414386, 27.2401737 ], [ 92.4145623, 27.2405999 ], [ 92.4147879, 27.2410074 ], [ 92.4152673, 27.2412895 ], [ 92.4156269, 27.2414399 ], [ 92.4156974, 27.2415966 ], [ 92.4154789, 27.2417095 ], [ 92.4152814, 27.2418097 ], [ 92.4152814, 27.2420229 ], [ 92.4153096, 27.2421984 ], [ 92.4150699, 27.2424993 ], [ 92.4148232, 27.2430007 ], [ 92.4146046, 27.2433079 ], [ 92.4143649, 27.2435523 ], [ 92.4140265, 27.2437279 ], [ 92.4138643, 27.2439472 ], [ 92.4135894, 27.2441917 ], [ 92.4135188, 27.2443421 ], [ 92.4135541, 27.2444926 ], [ 92.4137445, 27.2445553 ], [ 92.4138925, 27.2444362 ], [ 92.4139348, 27.244223 ], [ 92.4141886, 27.2440475 ], [ 92.4144847, 27.2439472 ], [ 92.4147738, 27.2437968 ], [ 92.4150911, 27.2437592 ], [ 92.4154648, 27.2438783 ], [ 92.4158384, 27.2439222 ], [ 92.4161627, 27.2439598 ], [ 92.4161884, 27.2439687 ], [ 92.416614, 27.2441165 ], [ 92.4167902, 27.2442293 ], [ 92.4167973, 27.2443735 ], [ 92.4164095, 27.2444988 ], [ 92.4159724, 27.2445803 ], [ 92.4157891, 27.2446054 ], [ 92.4157327, 27.2447997 ], [ 92.4157891, 27.2450442 ], [ 92.4157327, 27.2455331 ], [ 92.4158737, 27.2457023 ], [ 92.4159371, 27.2459844 ], [ 92.4159442, 27.2462539 ], [ 92.416339, 27.2468243 ], [ 92.4164659, 27.24705 ], [ 92.4165999, 27.2473508 ], [ 92.416762, 27.2477144 ], [ 92.4169171, 27.2480027 ], [ 92.4169665, 27.2482346 ], [ 92.4170511, 27.2485668 ], [ 92.4172132, 27.2485982 ], [ 92.4174741, 27.2484666 ], [ 92.4177491, 27.2483788 ], [ 92.4179183, 27.2483788 ], [ 92.4179817, 27.2484916 ], [ 92.4179817, 27.2486797 ], [ 92.4177632, 27.2488677 ], [ 92.4177138, 27.2490683 ], [ 92.4176927, 27.2493629 ], [ 92.4175446, 27.2495823 ], [ 92.4173402, 27.2497766 ], [ 92.4172837, 27.2501213 ], [ 92.4173472, 27.2504222 ], [ 92.4175164, 27.2507355 ], [ 92.417594, 27.251143 ], [ 92.4176081, 27.2513686 ], [ 92.4177138, 27.2516005 ], [ 92.417876, 27.2517509 ], [ 92.4176856, 27.2519828 ], [ 92.417442, 27.252167 ], [ 92.417148, 27.252315 ], [ 92.41698, 27.252488 ], [ 92.416932, 27.252588 ], [ 92.416892, 27.252837 ], [ 92.416578, 27.253048 ], [ 92.416448, 27.25319 ], [ 92.41637, 27.253375 ], [ 92.41633, 27.253557 ], [ 92.416292, 27.254043 ], [ 92.416263, 27.25413 ], [ 92.416203, 27.25419 ], [ 92.415892, 27.254342 ], [ 92.415838, 27.254392 ], [ 92.415832, 27.254538 ], [ 92.415908, 27.25481 ], [ 92.415895, 27.255492 ], [ 92.415917, 27.255775 ], [ 92.416035, 27.255933 ], [ 92.416218, 27.256508 ], [ 92.41642, 27.256675 ], [ 92.416498, 27.25669 ], [ 92.416592, 27.256672 ], [ 92.416803, 27.256538 ], [ 92.417032, 27.256465 ], [ 92.417077, 27.256545 ], [ 92.4170751, 27.2565679 ], [ 92.417073, 27.256593 ], [ 92.416827, 27.256827 ], [ 92.416445, 27.257078 ], [ 92.416197, 27.25716 ], [ 92.415898, 27.257157 ], [ 92.415645, 27.257013 ], [ 92.415527, 27.256907 ], [ 92.415283, 27.256515 ], [ 92.415077, 27.25626 ], [ 92.414967, 27.256178 ], [ 92.414825, 27.256182 ], [ 92.41469, 27.256142 ], [ 92.414462, 27.256433 ], [ 92.414097, 27.256768 ], [ 92.413982, 27.257065 ], [ 92.413865, 27.257198 ], [ 92.41361, 27.257313 ], [ 92.41356, 27.257385 ], [ 92.413507, 27.25775 ], [ 92.413532, 27.257938 ], [ 92.413635, 27.258153 ], [ 92.413593, 27.258362 ], [ 92.413627, 27.258772 ], [ 92.413363, 27.259212 ], [ 92.413382, 27.259505 ], [ 92.413357, 27.25963 ], [ 92.4132309, 27.2599037 ], [ 92.4132129, 27.2599653 ], [ 92.4132251, 27.2600125 ], [ 92.4132612, 27.2600421 ], [ 92.4132994, 27.26004 ], [ 92.413338, 27.25999 ], [ 92.413562, 27.259772 ], [ 92.41373, 27.259497 ], [ 92.414282, 27.25893 ], [ 92.4144, 27.258652 ], [ 92.41443, 27.258468 ], [ 92.414443, 27.25804 ], [ 92.414367, 27.257677 ], [ 92.414393, 27.25756 ], [ 92.414442, 27.25754 ], [ 92.414487, 27.257552 ], [ 92.414552, 27.257645 ], [ 92.414735, 27.258137 ], [ 92.414778, 27.258438 ], [ 92.414635, 27.258968 ], [ 92.414645, 27.259678 ], [ 92.414608, 27.25994 ], [ 92.414552, 27.260112 ], [ 92.41423, 27.260642 ], [ 92.414183, 27.260823 ], [ 92.414192, 27.260958 ], [ 92.414098, 27.26126 ], [ 92.414095, 27.261358 ], [ 92.41414, 27.261432 ] ] } },
{ "type": "Feature", "properties": { "element": "way", "id": 157600651, "highway": "trunk", "ref": "NH13", "ref:old": "NH229", "source": null, "name": null, "name:en": null, "surface": null, "bridge": null, "bridge:structure": null, "layer": null, "name:zh": null, "sidewalk": null, "smoothness": null, "lanes": null, "route": null, "alt_name": null, "service": null, "oneway": null }, "geometry": { "type": "LineString", "coordinates": [ [ 92.4674925, 27.2111113 ], [ 92.4667992, 27.2112969 ], [ 92.4660913, 27.2117935 ], [ 92.4657024, 27.2121304 ], [ 92.4650643, 27.2127156 ], [ 92.4646854, 27.2129107 ], [ 92.4642068, 27.2129462 ], [ 92.4638379, 27.2130969 ], [ 92.462761, 27.2132033 ], [ 92.4620531, 27.2131235 ], [ 92.4613166, 27.2128706 ], [ 92.4610461, 27.2127777 ], [ 92.4594151, 27.2125066 ], [ 92.4589074, 27.2124063 ], [ 92.458294, 27.2119548 ], [ 92.4576384, 27.2116915 ], [ 92.4571942, 27.2116852 ], [ 92.4565342, 27.2120523 ], [ 92.4560456, 27.2125488 ], [ 92.4559559, 27.2127616 ], [ 92.4554175, 27.2134621 ], [ 92.455228, 27.2138257 ], [ 92.4550087, 27.2142247 ], [ 92.4549704, 27.2142555 ], [ 92.4547993, 27.2143932 ], [ 92.454201, 27.2147744 ], [ 92.4541684, 27.2147823 ], [ 92.4536527, 27.2149074 ], [ 92.452961, 27.2150627 ], [ 92.4526257, 27.215138 ], [ 92.4515887, 27.2151291 ], [ 92.4499735, 27.2150227 ], [ 92.44773, 27.2146148 ], [ 92.4451476, 27.2139587 ], [ 92.4443699, 27.2137902 ], [ 92.4434526, 27.2138523 ], [ 92.4427048, 27.2141272 ], [ 92.4421052, 27.2145145 ], [ 92.441628, 27.2146107 ], [ 92.44092, 27.2147922 ], [ 92.4392948, 27.2153597 ], [ 92.4384971, 27.2155991 ], [ 92.4382855, 27.2156983 ], [ 92.4377593, 27.2159449 ], [ 92.4370612, 27.2160001 ], [ 92.4368619, 27.2160158 ], [ 92.4363108, 27.216082 ], [ 92.4361241, 27.2161045 ], [ 92.4350602, 27.216822 ], [ 92.4331555, 27.2179684 ], [ 92.4322715, 27.2183439 ], [ 92.4310407, 27.2186107 ], [ 92.4310021, 27.2186219 ], [ 92.4302044, 27.2188968 ], [ 92.4292553, 27.2187147 ], [ 92.4287124, 27.2187021 ], [ 92.4283105, 27.2186833 ], [ 92.4278241, 27.218351 ], [ 92.4277183, 27.2179811 ], [ 92.4274927, 27.2176363 ], [ 92.4270556, 27.2175736 ], [ 92.4265761, 27.2175736 ], [ 92.4256596, 27.217536 ], [ 92.4251449, 27.2175924 ], [ 92.4244899, 27.2176914 ], [ 92.4240178, 27.217789 ], [ 92.4237927, 27.217811 ], [ 92.4236472, 27.2177524 ], [ 92.4232766, 27.2176254 ], [ 92.4229582, 27.2176035 ], [ 92.4226837, 27.2175962 ], [ 92.4221896, 27.2177182 ], [ 92.4214896, 27.2176987 ], [ 92.4209379, 27.2175473 ], [ 92.420743, 27.2174619 ], [ 92.4205069, 27.2171616 ], [ 92.4202901, 27.2168272 ], [ 92.4201775, 27.2165343 ], [ 92.4200334, 27.2158745 ], [ 92.4198994, 27.2154607 ], [ 92.4194271, 27.2150657 ], [ 92.4187573, 27.2147773 ], [ 92.4181298, 27.2144073 ], [ 92.417883, 27.214213 ], [ 92.4176671, 27.2141397 ], [ 92.4174503, 27.2140934 ], [ 92.4172169, 27.214058 ], [ 92.4169671, 27.2139323 ], [ 92.4166089, 27.2138065 ], [ 92.4163482, 27.2137028 ], [ 92.4160956, 27.2135844 ], [ 92.4158184, 27.2134221 ], [ 92.4157072, 27.213416 ], [ 92.4156139, 27.2134404 ], [ 92.4155356, 27.2134867 ], [ 92.4152172, 27.2137882 ], [ 92.4150855, 27.2138895 ], [ 92.4148878, 27.2139847 ], [ 92.4144479, 27.2142244 ], [ 92.4142894, 27.2143788 ], [ 92.4141163, 27.2145472 ] ] } },
{ "type": "Feature", "properties": { "element": "way", "id": 157600672, "highway": "secondary", "ref": null, "ref:old": null, "source": null, "name": null, "name:en": null, "surface": null, "bridge": null, "bridge:structure": null, "layer": null, "name:zh": null, "sidewalk": null, "smoothness": null, "lanes": null, "route": null, "alt_name": null, "service": null, "oneway": null }, "geometry": { "type": "LineString", "coordinates": [ [ 92.4114367, 27.2168134 ], [ 92.4114615, 27.2167605 ], [ 92.4115358, 27.2166966 ], [ 92.4121296, 27.2163756 ], [ 92.4122223, 27.216295 ], [ 92.4123085, 27.216212 ], [ 92.4123891, 27.2161247 ], [ 92.4124641, 27.2160335 ], [ 92.4125331, 27.2159387 ], [ 92.412596, 27.2158405 ], [ 92.4126563, 27.2157317 ], [ 92.4127091, 27.2156198 ], [ 92.4127541, 27.2155053 ], [ 92.4127912, 27.2153885 ], [ 92.4128201, 27.2152699 ], [ 92.4130059, 27.2145644 ], [ 92.413768, 27.2135481 ], [ 92.414268, 27.2128255 ], [ 92.4143813, 27.2126243 ], [ 92.4143925, 27.2124519 ], [ 92.4143022, 27.2118491 ], [ 92.4143285, 27.2113977 ], [ 92.4142923, 27.2112634 ], [ 92.4142161, 27.2110963 ], [ 92.4141488, 27.2110181 ], [ 92.4140432, 27.2108875 ], [ 92.4139334, 27.2108058 ], [ 92.4137261, 27.2106776 ], [ 92.4134791, 27.2105214 ], [ 92.4133432, 27.2104591 ], [ 92.4131277, 27.210403 ], [ 92.412941, 27.2103322 ], [ 92.4126652, 27.2102064 ], [ 92.4125264, 27.2101675 ], [ 92.4124407, 27.2101804 ], [ 92.4122766, 27.2102139 ], [ 92.4121682, 27.2102103 ], [ 92.4120577, 27.2102023 ], [ 92.4119562, 27.210217 ], [ 92.4117366, 27.2103555 ], [ 92.4116563, 27.2104013 ], [ 92.4115465, 27.2104428 ], [ 92.4113639, 27.2104794 ], [ 92.411167, 27.2105032 ], [ 92.4110661, 27.210477 ], [ 92.4108849, 27.2104641 ], [ 92.4107347, 27.2104422 ], [ 92.4105727, 27.2104147 ], [ 92.4104286, 27.2104056 ], [ 92.4102708, 27.2104135 ], [ 92.4101287, 27.210433 ], [ 92.4100223, 27.2104214 ], [ 92.4099365, 27.2103982 ], [ 92.4098144, 27.2103421 ], [ 92.4097019, 27.2102499 ], [ 92.4095838, 27.2101395 ], [ 92.4095461, 27.2101163 ], [ 92.4095008, 27.2100925 ], [ 92.4094088, 27.2100949 ], [ 92.409264, 27.210123 ], [ 92.4091892, 27.2101114 ], [ 92.4091323, 27.2100687 ], [ 92.4091007, 27.2100247 ], [ 92.4090986, 27.2099686 ], [ 92.4091371, 27.2099063 ], [ 92.409216, 27.2098673 ], [ 92.4094061, 27.2098374 ], [ 92.4095901, 27.2098171 ], [ 92.4096931, 27.2097768 ], [ 92.4097452, 27.2097085 ], [ 92.4097521, 27.2096121 ], [ 92.4097452, 27.2095461 ], [ 92.4097068, 27.2094766 ], [ 92.4093609, 27.2092239 ], [ 92.409129, 27.2090921 ], [ 92.4087004, 27.2087804 ], [ 92.4080388, 27.2083605 ], [ 92.4077355, 27.208203 ], [ 92.407623, 27.2081872 ], [ 92.4074885, 27.2081994 ], [ 92.4072853, 27.2082409 ], [ 92.4071549, 27.2082995 ], [ 92.407052, 27.2083703 ], [ 92.4070081, 27.2084582 ], [ 92.4068695, 27.2087181 ], [ 92.4067528, 27.2090587 ], [ 92.4067501, 27.2091307 ], [ 92.406831, 27.2092784 ], [ 92.4068763, 27.2094066 ], [ 92.4068489, 27.2095726 ], [ 92.4066924, 27.2100425 ], [ 92.4066897, 27.2102927 ], [ 92.4066416, 27.2104331 ], [ 92.4065922, 27.2105124 ], [ 92.4065016, 27.2105674 ], [ 92.4064138, 27.2105796 ], [ 92.4053809, 27.2106353 ], [ 92.4030311, 27.2106617 ], [ 92.4029469, 27.2106949 ], [ 92.4028382, 27.2107379 ], [ 92.4026987, 27.2107641 ], [ 92.4024412, 27.2107784 ], [ 92.4021462, 27.210621 ], [ 92.4016863, 27.2103888 ], [ 92.4009901, 27.209996 ], [ 92.4007595, 27.2098243 ], [ 92.4006093, 27.2096382 ], [ 92.4004778, 27.2095094 ], [ 92.4003115, 27.2093567 ], [ 92.3999375, 27.2091903 ], [ 92.3997858, 27.2091015 ], [ 92.3995578, 27.209142 ], [ 92.3992789, 27.2092279 ], [ 92.3991314, 27.2092279 ], [ 92.398847, 27.2092565 ], [ 92.3986566, 27.2093281 ], [ 92.398591, 27.209365 ], [ 92.3984233, 27.2094593 ], [ 92.3980156, 27.209569 ], [ 92.3977661, 27.2095738 ], [ 92.3965028, 27.2094187 ], [ 92.3963338, 27.209371 ], [ 92.3961702, 27.2093162 ], [ 92.3960629, 27.2093233 ], [ 92.3959851, 27.209414 ], [ 92.3961246, 27.2095356 ], [ 92.396256, 27.2096048 ], [ 92.3967147, 27.2098457 ], [ 92.3968676, 27.2099078 ], [ 92.3968703, 27.2099364 ], [ 92.3967844, 27.2100246 ], [ 92.3966852, 27.21007 ], [ 92.396553, 27.2100137 ], [ 92.3958912, 27.2098338 ], [ 92.3958108, 27.2098338 ], [ 92.3956445, 27.2098577 ], [ 92.3955506, 27.2098433 ], [ 92.395328, 27.2097599 ], [ 92.3952422, 27.2096811 ], [ 92.3950195, 27.2094259 ], [ 92.3946789, 27.2091301 ], [ 92.3940754, 27.2087174 ], [ 92.393893, 27.2084956 ], [ 92.3938501, 27.2083644 ], [ 92.3937696, 27.2083262 ], [ 92.3934478, 27.2082833 ], [ 92.3932307, 27.2081951 ], [ 92.3928604, 27.2080448 ], [ 92.3922569, 27.2077991 ], [ 92.3919967, 27.2075963 ], [ 92.3917606, 27.2072957 ], [ 92.3914334, 27.2068353 ], [ 92.3912188, 27.2066063 ], [ 92.391074, 27.2065085 ], [ 92.3909157, 27.2062366 ], [ 92.3907226, 27.2060028 ], [ 92.3904437, 27.2057595 ], [ 92.3898634, 27.2055594 ], [ 92.3897758, 27.2056107 ], [ 92.3897194, 27.2059426 ], [ 92.3896837, 27.2059958 ], [ 92.389618, 27.2060501 ], [ 92.3895547, 27.2060768 ], [ 92.3894303, 27.206087 ], [ 92.3889638, 27.206044 ], [ 92.3886436, 27.206085 ], [ 92.3885042, 27.206127 ], [ 92.3883637, 27.2061649 ], [ 92.3882036, 27.2061362 ], [ 92.3879433, 27.2061054 ], [ 92.3875183, 27.2060071 ], [ 92.3874561, 27.2059856 ], [ 92.3870023, 27.2058309 ], [ 92.38675, 27.2057029 ], [ 92.3864978, 27.2055861 ], [ 92.3862639, 27.2055246 ], [ 92.3860555, 27.2055502 ], [ 92.3855407, 27.2057042 ] ] } },
{ "type": "Feature", "properties": { "element": "way", "id": 157600674, "highway": "secondary", "ref": null, "ref:old": null, "source": null, "name": null, "name:en": null, "surface": null, "bridge": null, "bridge:structure": null, "layer": null, "name:zh": null, "sidewalk": null, "smoothness": null, "lanes": null, "route": null, "alt_name": null, "service": null, "oneway": null }, "geometry": { "type": "LineString", "coordinates": [ [ 92.405275, 27.2096098 ], [ 92.4053413, 27.2094207 ], [ 92.4048083, 27.2088566 ], [ 92.4045783, 27.2086132 ], [ 92.4038385, 27.2081444 ], [ 92.4032522, 27.2081536 ], [ 92.4023109, 27.2077465 ], [ 92.4017867, 27.2074484 ], [ 92.4014105, 27.2071847 ], [ 92.4010346, 27.2068964 ], [ 92.4004984, 27.2064266 ] ] } },
{ "type": "Feature", "properties": { "element": "way", "id": 221578208, "highway": "tertiary", "ref": null, "ref:old": null, "source": null, "name": "Eaglenest Road", "name:en": "Eaglenest Road", "surface": "unpaved", "bridge": null, "bridge:structure": null, "layer": null, "name:zh": null, "sidewalk": null, "smoothness": null, "lanes": null, "route": null, "alt_name": null, "service": null, "oneway": null }, "geometry": { "type": "LineString", "coordinates": [ [ 92.4171827, 27.0618127 ], [ 92.4171237, 27.0617744 ], [ 92.4168608, 27.06144 ], [ 92.4166677, 27.0609098 ], [ 92.4164156, 27.0602649 ], [ 92.4162278, 27.0599161 ], [ 92.4159298, 27.0595894 ], [ 92.4153749, 27.0592712 ], [ 92.415155, 27.0589511 ], [ 92.4147955, 27.0587362 ], [ 92.4143127, 27.0584304 ], [ 92.413846, 27.0581533 ], [ 92.4134115, 27.0580339 ], [ 92.4131379, 27.0577616 ], [ 92.4128134, 27.0575538 ], [ 92.4127249, 27.0575681 ], [ 92.4126846, 27.0576472 ], [ 92.4127356, 27.0577329 ], [ 92.412977, 27.057924 ], [ 92.4129019, 27.0582632 ], [ 92.4129258, 27.0586244 ], [ 92.4131379, 27.058717 ], [ 92.4135403, 27.0587314 ], [ 92.4138997, 27.0588986 ], [ 92.4141518, 27.059233 ], [ 92.4140928, 27.0592855 ], [ 92.4138324, 27.0591785 ], [ 92.4134759, 27.0589177 ], [ 92.4128912, 27.0587075 ], [ 92.4126659, 27.0588556 ], [ 92.4125854, 27.058846 ], [ 92.4124698, 27.0585957 ], [ 92.4124727, 27.0582871 ], [ 92.4120221, 27.0579145 ], [ 92.4116359, 27.0577998 ], [ 92.4110297, 27.0579861 ], [ 92.4108902, 27.05791 ], [ 92.4107587, 27.0578909 ], [ 92.4106942, 27.0579269 ], [ 92.4107265, 27.0580485 ], [ 92.4108821, 27.0581751 ], [ 92.4111316, 27.0581868 ], [ 92.4114884, 27.0580052 ], [ 92.4118022, 27.0579766 ], [ 92.4120597, 27.0583062 ], [ 92.41199, 27.0586502 ], [ 92.4120168, 27.0590467 ], [ 92.4122743, 27.0593429 ], [ 92.4130038, 27.0594241 ], [ 92.4132828, 27.0594814 ], [ 92.4135456, 27.0596677 ], [ 92.4136905, 27.0600547 ], [ 92.4139158, 27.0603795 ], [ 92.414125, 27.0605228 ], [ 92.4144629, 27.0607951 ], [ 92.4145971, 27.0612107 ], [ 92.4146453, 27.0612585 ], [ 92.4150316, 27.0613493 ], [ 92.4151013, 27.0614353 ], [ 92.4151228, 27.0615404 ], [ 92.4152569, 27.0618079 ], [ 92.4153642, 27.06219 ], [ 92.4155466, 27.0625865 ], [ 92.4155466, 27.0628349 ], [ 92.4155205, 27.0628922 ], [ 92.4154607, 27.0629114 ], [ 92.4153803, 27.0628541 ], [ 92.4153642, 27.0627633 ], [ 92.4152944, 27.0625865 ], [ 92.4148921, 27.0618795 ], [ 92.4148331, 27.0618413 ], [ 92.4143932, 27.061569 ], [ 92.4140231, 27.061249 ], [ 92.413728, 27.0610913 ], [ 92.4133632, 27.0606948 ], [ 92.4130199, 27.0604655 ], [ 92.4126283, 27.0603938 ], [ 92.412167, 27.060241 ], [ 92.4118988, 27.0601359 ], [ 92.4114964, 27.0598827 ], [ 92.4110673, 27.0596247 ], [ 92.4108902, 27.0595605 ], [ 92.4107883, 27.0595961 ], [ 92.4108044, 27.0596916 ], [ 92.4108581, 27.0597633 ], [ 92.4109063, 27.0597967 ], [ 92.4113784, 27.0600785 ], [ 92.4117968, 27.0602887 ], [ 92.4122206, 27.0605372 ], [ 92.4126176, 27.0606614 ], [ 92.4128214, 27.0606948 ], [ 92.4131433, 27.0609719 ], [ 92.4134086, 27.0613044 ], [ 92.4136261, 27.0614926 ], [ 92.4137012, 27.0615977 ], [ 92.4141035, 27.0620993 ], [ 92.4142215, 27.0621709 ], [ 92.4143878, 27.062319 ], [ 92.4145458, 27.0625871 ], [ 92.4145571, 27.0626878 ], [ 92.4144774, 27.0627132 ], [ 92.4143986, 27.062663 ], [ 92.4142645, 27.0624862 ], [ 92.4138836, 27.0621757 ], [ 92.4133525, 27.0617219 ], [ 92.4125103, 27.0612012 ], [ 92.4119768, 27.0609132 ], [ 92.4116069, 27.0611251 ], [ 92.4116268, 27.0612134 ], [ 92.4117311, 27.0612235 ], [ 92.4118666, 27.0611773 ], [ 92.4122421, 27.0612394 ], [ 92.4128214, 27.0615881 ], [ 92.4128804, 27.0616932 ], [ 92.413213, 27.0619798 ], [ 92.4136797, 27.0623811 ], [ 92.4139265, 27.0626295 ], [ 92.4140767, 27.0629162 ], [ 92.4141089, 27.0632505 ], [ 92.4141733, 27.063499 ], [ 92.4143127, 27.0638238 ], [ 92.4145005, 27.0641486 ], [ 92.4148063, 27.0647075 ], [ 92.4154715, 27.0649607 ], [ 92.4155973, 27.0653075 ], [ 92.4159811, 27.065854 ], [ 92.4162654, 27.0661836 ], [ 92.416539, 27.0667473 ], [ 92.4165092, 27.0670415 ], [ 92.4164692, 27.0673922 ], [ 92.4164907, 27.0679319 ], [ 92.4164961, 27.0681421 ], [ 92.4165336, 27.068295 ], [ 92.4163995, 27.0685625 ], [ 92.4160347, 27.0685529 ], [ 92.4159221, 27.068381 ], [ 92.4160961, 27.0683456 ], [ 92.4164234, 27.0681116 ], [ 92.4163405, 27.0679319 ], [ 92.416319, 27.0677695 ], [ 92.4162493, 27.0674208 ], [ 92.4162439, 27.0670148 ], [ 92.4161688, 27.0666613 ], [ 92.4156431, 27.0661932 ], [ 92.4150233, 27.0655034 ], [ 92.4145434, 27.0652712 ], [ 92.4141006, 27.064997 ], [ 92.4140231, 27.0648986 ], [ 92.4140284, 27.0647028 ], [ 92.4139641, 27.0645833 ], [ 92.4135778, 27.0641677 ], [ 92.4134008, 27.0638286 ], [ 92.4132076, 27.0634992 ], [ 92.4130574, 27.063258 ], [ 92.4129581, 27.0631648 ], [ 92.4128786, 27.0631844 ], [ 92.4128562, 27.0632537 ], [ 92.413036, 27.063733 ], [ 92.4131594, 27.0639671 ], [ 92.4133364, 27.0644066 ], [ 92.4135617, 27.0646645 ], [ 92.413551, 27.0650467 ], [ 92.4138139, 27.0652712 ], [ 92.4143074, 27.0655244 ], [ 92.4146801, 27.0658591 ], [ 92.4148706, 27.0662457 ], [ 92.4148892, 27.0664826 ], [ 92.4147204, 27.066838 ], [ 92.4145059, 27.0670291 ], [ 92.4142645, 27.0670626 ], [ 92.4140713, 27.0668763 ], [ 92.4140338, 27.0667759 ], [ 92.4139319, 27.0666709 ], [ 92.4136207, 27.0667425 ], [ 92.4136394, 27.0670628 ], [ 92.4136153, 27.0672587 ], [ 92.4135081, 27.0673444 ], [ 92.4134115, 27.0672966 ], [ 92.413374, 27.0671294 ], [ 92.4133657, 27.0667024 ], [ 92.4135081, 27.0663508 ], [ 92.4136851, 27.0661311 ], [ 92.4136607, 27.0659858 ], [ 92.4131004, 27.0656725 ], [ 92.4130225, 27.0656919 ], [ 92.4130119, 27.0657776 ], [ 92.4131111, 27.0658874 ], [ 92.4131272, 27.0662409 ], [ 92.4129073, 27.0665132 ], [ 92.412797, 27.0666689 ], [ 92.4123708, 27.0668524 ], [ 92.4121241, 27.0669957 ], [ 92.4119256, 27.0672202 ], [ 92.4118344, 27.0673444 ], [ 92.4118397, 27.0675068 ], [ 92.4114428, 27.0681803 ], [ 92.4114803, 27.0684192 ], [ 92.4116198, 27.0686628 ], [ 92.4118827, 27.0690545 ], [ 92.4121069, 27.0695186 ], [ 92.4120312, 27.069735 ], [ 92.4119802, 27.0698194 ], [ 92.4117956, 27.0699433 ], [ 92.4115876, 27.069986 ], [ 92.4114911, 27.0699095 ], [ 92.4114983, 27.0698358 ], [ 92.4115876, 27.0697615 ], [ 92.4118237, 27.0696659 ], [ 92.4118022, 27.0695274 ], [ 92.4115983, 27.0691739 ], [ 92.4113409, 27.0684574 ], [ 92.4110887, 27.0681517 ], [ 92.4110833, 27.067791 ], [ 92.4111799, 27.0675092 ], [ 92.4112603, 27.0672918 ], [ 92.4112336, 27.0670435 ], [ 92.4112531, 27.0668544 ], [ 92.4112095, 27.0667868 ], [ 92.4111209, 27.0668046 ], [ 92.4110834, 27.0669861 ], [ 92.411078, 27.0672345 ], [ 92.4107317, 27.0680112 ], [ 92.4106864, 27.0682998 ], [ 92.4110212, 27.0692577 ], [ 92.410989, 27.0693054 ], [ 92.4107798, 27.0693532 ], [ 92.4106022, 27.0693111 ], [ 92.4105855, 27.069246 ], [ 92.4106358, 27.0691774 ], [ 92.4106326, 27.0690505 ], [ 92.4105523, 27.0685482 ], [ 92.4105247, 27.0680037 ], [ 92.4106169, 27.0677539 ], [ 92.4106334, 27.06729 ], [ 92.4106145, 27.0670961 ], [ 92.4105579, 27.0670369 ], [ 92.4097852, 27.0668619 ], [ 92.4093077, 27.066838 ], [ 92.4087928, 27.0669001 ], [ 92.4082643, 27.0672277 ], [ 92.4080793, 27.0672202 ], [ 92.4078057, 27.0668428 ], [ 92.4075107, 27.0667664 ], [ 92.4070761, 27.0668858 ], [ 92.4069581, 27.0668476 ], [ 92.4069337, 27.0667884 ], [ 92.4069098, 27.0667234 ], [ 92.4067757, 27.0663747 ], [ 92.4067596, 27.0660881 ], [ 92.4064753, 27.0654814 ], [ 92.4061481, 27.0654241 ], [ 92.405888, 27.0654575 ], [ 92.4058691, 27.0656701 ], [ 92.4058102, 27.0659304 ], [ 92.405692, 27.0661003 ], [ 92.4055604, 27.0661101 ], [ 92.4054507, 27.0662123 ], [ 92.4054132, 27.0668667 ], [ 92.4051772, 27.0671724 ], [ 92.4050162, 27.0671915 ], [ 92.4046056, 27.0669269 ], [ 92.4040238, 27.0669097 ], [ 92.4035195, 27.0671008 ], [ 92.4034283, 27.0670912 ], [ 92.4033693, 27.0670387 ], [ 92.4033074, 27.0668887 ], [ 92.4031279, 27.0667521 ], [ 92.4028543, 27.0667476 ], [ 92.4025432, 27.0668954 ], [ 92.4024896, 27.0670626 ], [ 92.4025646, 27.0671987 ], [ 92.4028355, 27.067242 ], [ 92.4030527, 27.0673017 ], [ 92.4030957, 27.0674734 ], [ 92.4026666, 27.0680418 ], [ 92.4017493, 27.0687488 ], [ 92.4016259, 27.0692695 ], [ 92.4012075, 27.0696803 ], [ 92.4010275, 27.0701704 ], [ 92.4009768, 27.0705496 ], [ 92.4009071, 27.0712279 ], [ 92.400832, 27.0713235 ], [ 92.4008641, 27.071696 ], [ 92.4005798, 27.0719158 ], [ 92.4005262, 27.0719253 ], [ 92.4003492, 27.0720161 ], [ 92.4000058, 27.0720017 ], [ 92.3998127, 27.0718441 ], [ 92.3997162, 27.0716674 ], [ 92.3996518, 27.0714763 ], [ 92.3996089, 27.0713903 ], [ 92.3994855, 27.0712136 ], [ 92.399405, 27.0711754 ], [ 92.3989973, 27.0707216 ], [ 92.3987345, 27.0705735 ], [ 92.3985092, 27.0705783 ], [ 92.398356, 27.0706194 ], [ 92.3980317, 27.0707741 ], [ 92.3978976, 27.0709174 ], [ 92.397841, 27.0709728 ], [ 92.397624, 27.071099 ], [ 92.3974256, 27.0710942 ], [ 92.3972593, 27.071099 ], [ 92.3971842, 27.0711276 ], [ 92.3971842, 27.0712327 ], [ 92.3972378, 27.0713139 ], [ 92.3973075, 27.0713808 ], [ 92.3975007, 27.0716244 ], [ 92.3977391, 27.071804 ], [ 92.3978625, 27.0718518 ], [ 92.3978762, 27.0719588 ], [ 92.398021, 27.0720638 ], [ 92.3981658, 27.0722119 ], [ 92.3982302, 27.0722979 ], [ 92.3982839, 27.0724269 ], [ 92.398418, 27.0726084 ], [ 92.398477, 27.072723 ], [ 92.3987452, 27.0730001 ], [ 92.3987988, 27.0731481 ], [ 92.3990081, 27.0735398 ], [ 92.3990295, 27.0736927 ], [ 92.3990778, 27.0738169 ], [ 92.3992226, 27.0739411 ], [ 92.3993889, 27.0741608 ], [ 92.3995201, 27.0742544 ], [ 92.3997108, 27.0742754 ], [ 92.3999039, 27.0741751 ], [ 92.4002687, 27.0740844 ], [ 92.4008212, 27.0742324 ], [ 92.4009929, 27.0742945 ], [ 92.4013225, 27.0747321 ], [ 92.401363, 27.0748104 ], [ 92.4014406, 27.0749136 ], [ 92.4015508, 27.075011 ], [ 92.4017117, 27.075097 ], [ 92.4018297, 27.0752212 ], [ 92.4020175, 27.07546 ], [ 92.4020577, 27.0755268 ], [ 92.4021153, 27.0755272 ], [ 92.4021247, 27.0754746 ], [ 92.4020604, 27.075374 ], [ 92.4018834, 27.0751639 ], [ 92.4017064, 27.0749632 ], [ 92.4015883, 27.0747435 ], [ 92.4014811, 27.0745859 ], [ 92.4013791, 27.0743662 ], [ 92.4011538, 27.0739936 ], [ 92.4010197, 27.0739793 ], [ 92.4008159, 27.0739363 ], [ 92.4007139, 27.0738407 ], [ 92.4004457, 27.0735971 ], [ 92.4004994, 27.0734491 ], [ 92.4006818, 27.0733153 ], [ 92.4009285, 27.0732676 ], [ 92.400998, 27.073237 ], [ 92.4010221, 27.0731844 ], [ 92.4012182, 27.0731864 ], [ 92.4013738, 27.0732246 ], [ 92.4014864, 27.0732389 ], [ 92.4015615, 27.0732198 ], [ 92.4017171, 27.0732007 ], [ 92.4018458, 27.0731481 ], [ 92.4019048, 27.0730956 ], [ 92.4020926, 27.0730574 ], [ 92.4022213, 27.0730908 ], [ 92.4023203, 27.0731558 ], [ 92.4025325, 27.0731816 ], [ 92.4026398, 27.0730622 ], [ 92.4027095, 27.0730383 ], [ 92.4027685, 27.0730287 ], [ 92.4030046, 27.0730574 ], [ 92.4031625, 27.0729838 ], [ 92.403305, 27.0730001 ], [ 92.4035195, 27.0730478 ], [ 92.4036722, 27.0731653 ], [ 92.4038199, 27.0732055 ], [ 92.4039243, 27.0733039 ], [ 92.4040989, 27.0733822 ], [ 92.4042759, 27.0734634 ], [ 92.4044529, 27.073535 ], [ 92.4046675, 27.0735207 ], [ 92.404866, 27.0735064 ], [ 92.4051235, 27.0735828 ], [ 92.4052844, 27.0736162 ], [ 92.4055097, 27.0736067 ], [ 92.4056814, 27.073535 ], [ 92.4059443, 27.0734777 ], [ 92.4062151, 27.0733225 ], [ 92.4062125, 27.073215 ], [ 92.4061105, 27.0728998 ], [ 92.4061266, 27.0726705 ], [ 92.4060915, 27.0725587 ], [ 92.4062232, 27.0724651 ], [ 92.4064324, 27.0724508 ], [ 92.4065612, 27.0724078 ], [ 92.4070064, 27.0724603 ], [ 92.4070708, 27.0725176 ], [ 92.4071405, 27.07268 ], [ 92.4071298, 27.0727994 ], [ 92.4070815, 27.0729571 ], [ 92.4070171, 27.0729953 ], [ 92.4069206, 27.0731147 ], [ 92.4068347, 27.073258 ], [ 92.4067436, 27.0734156 ], [ 92.4063841, 27.0736545 ], [ 92.4061481, 27.0740175 ], [ 92.4060462, 27.0740557 ], [ 92.4059228, 27.0741178 ], [ 92.4057136, 27.0740891 ], [ 92.4055956, 27.0740461 ], [ 92.4054454, 27.0740987 ], [ 92.4053756, 27.074156 ], [ 92.405263, 27.0741847 ], [ 92.4051503, 27.0741608 ], [ 92.4050538, 27.0741751 ], [ 92.4048928, 27.0741942 ], [ 92.4047963, 27.0742276 ], [ 92.404689, 27.0741703 ], [ 92.4046031, 27.0741464 ], [ 92.4045227, 27.0741464 ], [ 92.4044369, 27.0741894 ], [ 92.4043457, 27.074285 ], [ 92.4040613, 27.0743423 ], [ 92.4038307, 27.0742085 ], [ 92.4036644, 27.0739458 ], [ 92.4032781, 27.0737118 ], [ 92.4031977, 27.0737357 ], [ 92.4031548, 27.0739124 ], [ 92.4044959, 27.07514 ], [ 92.4046192, 27.0757179 ], [ 92.4046031, 27.0760045 ], [ 92.4044047, 27.0762672 ], [ 92.4040208, 27.0766474 ], [ 92.4035812, 27.0771151 ], [ 92.4036053, 27.0774282 ], [ 92.4040318, 27.0778915 ], [ 92.4043188, 27.0789611 ], [ 92.4043778, 27.0794865 ], [ 92.4043159, 27.0798811 ], [ 92.4043645, 27.0799875 ], [ 92.404433, 27.0799898 ], [ 92.4044614, 27.079929 ], [ 92.4044744, 27.0797062 ], [ 92.4044446, 27.0790357 ], [ 92.4044154, 27.0779294 ], [ 92.4043188, 27.0774184 ], [ 92.4044261, 27.0770649 ], [ 92.4047426, 27.0768261 ], [ 92.4050645, 27.0765347 ], [ 92.4058638, 27.0759472 ], [ 92.4058906, 27.0758564 ], [ 92.4056868, 27.0756128 ], [ 92.4057887, 27.0751639 ], [ 92.4062876, 27.0751352 ], [ 92.4065182, 27.0752451 ], [ 92.4070118, 27.0752833 ], [ 92.4074087, 27.0755364 ], [ 92.407634, 27.0758899 ], [ 92.4075428, 27.075952 ], [ 92.407044, 27.0756893 ], [ 92.4062608, 27.0759663 ], [ 92.4062232, 27.0760571 ], [ 92.4059818, 27.076272 ], [ 92.4059067, 27.0763771 ], [ 92.4056278, 27.0765777 ], [ 92.4054775, 27.0767162 ], [ 92.4054185, 27.07685 ], [ 92.4051986, 27.0769837 ], [ 92.4051181, 27.0771652 ], [ 92.4051128, 27.0772751 ], [ 92.4053273, 27.0775999 ], [ 92.4054078, 27.0776237 ], [ 92.4055634, 27.0779247 ], [ 92.4055473, 27.0780345 ], [ 92.4056278, 27.0782829 ], [ 92.4056385, 27.0784453 ], [ 92.4056141, 27.078558 ], [ 92.4056599, 27.0787032 ], [ 92.4056653, 27.0788226 ], [ 92.4057458, 27.0789325 ], [ 92.4057404, 27.0791952 ], [ 92.4056921, 27.0792668 ], [ 92.4057672, 27.0795773 ], [ 92.4058584, 27.0796346 ], [ 92.4058852, 27.079711 ], [ 92.4058745, 27.0798304 ], [ 92.4059657, 27.0799785 ], [ 92.4059818, 27.0802173 ], [ 92.4060086, 27.0803033 ], [ 92.4059764, 27.080351 ], [ 92.4059013, 27.0804036 ], [ 92.4056921, 27.080351 ], [ 92.4055097, 27.0804991 ], [ 92.4053595, 27.0808096 ], [ 92.4053619, 27.0809175 ], [ 92.4053005, 27.080972 ], [ 92.4052844, 27.0810532 ], [ 92.4052361, 27.0812012 ], [ 92.4052415, 27.0812824 ], [ 92.4055258, 27.0819702 ], [ 92.4057511, 27.0823475 ], [ 92.4058316, 27.0824144 ], [ 92.4059228, 27.0825099 ], [ 92.4060623, 27.0826389 ], [ 92.4062768, 27.0827869 ], [ 92.406309, 27.082892 ], [ 92.4065612, 27.0831308 ], [ 92.4066845, 27.0833744 ], [ 92.4068562, 27.0835416 ], [ 92.4068991, 27.0836514 ], [ 92.4069689, 27.0837231 ], [ 92.4069635, 27.0838329 ], [ 92.406856, 27.0838556 ], [ 92.4064807, 27.0837374 ], [ 92.4064378, 27.0835941 ], [ 92.4062822, 27.083532 ], [ 92.4059121, 27.083532 ], [ 92.4058769, 27.0834489 ], [ 92.4057726, 27.0834269 ], [ 92.4056603, 27.0834718 ], [ 92.4055902, 27.0834461 ], [ 92.4052871, 27.0834584 ], [ 92.4052201, 27.0834078 ], [ 92.4052207, 27.0832831 ], [ 92.4051396, 27.0831595 ], [ 92.405043, 27.0831499 ], [ 92.4047864, 27.083176 ], [ 92.4045256, 27.0831748 ], [ 92.4044481, 27.0832202 ], [ 92.4044406, 27.0832911 ], [ 92.4045335, 27.0833434 ], [ 92.4047963, 27.0833505 ], [ 92.4048606, 27.0833744 ], [ 92.4049767, 27.0834273 ], [ 92.4050095, 27.0835207 ], [ 92.4049545, 27.0835849 ], [ 92.4048862, 27.0836071 ], [ 92.4047692, 27.083578 ], [ 92.4046517, 27.0834826 ], [ 92.4044261, 27.0835034 ], [ 92.4041472, 27.0834843 ], [ 92.4039701, 27.0835655 ], [ 92.4038843, 27.083532 ], [ 92.4037502, 27.0835846 ], [ 92.4037127, 27.0836514 ], [ 92.4035195, 27.0837422 ], [ 92.4035356, 27.0837947 ], [ 92.4036376, 27.0838902 ], [ 92.4037824, 27.0840765 ], [ 92.4039648, 27.0844395 ], [ 92.4040292, 27.0844873 ], [ 92.4042223, 27.0844729 ], [ 92.4043832, 27.084492 ], [ 92.4045173, 27.0844252 ], [ 92.4045948, 27.0844233 ], [ 92.4049089, 27.0845685 ], [ 92.4049787, 27.084664 ], [ 92.4050108, 27.0847547 ], [ 92.4050079, 27.0848483 ], [ 92.4050967, 27.0848885 ], [ 92.4051825, 27.0850938 ], [ 92.4052415, 27.0851702 ], [ 92.4054239, 27.0852849 ], [ 92.4055151, 27.0853804 ], [ 92.4058906, 27.0851989 ], [ 92.4061964, 27.0852992 ], [ 92.4062929, 27.0853852 ], [ 92.4064163, 27.0853852 ], [ 92.4065773, 27.0854568 ], [ 92.4067489, 27.085729 ], [ 92.4068616, 27.0858293 ], [ 92.4068884, 27.0859249 ], [ 92.406942, 27.0860347 ], [ 92.4069206, 27.0861684 ], [ 92.4070225, 27.0864359 ], [ 92.407334, 27.0864437 ], [ 92.4075222, 27.0867695 ], [ 92.4075778, 27.0869875 ], [ 92.407511, 27.0873047 ], [ 92.4074244, 27.0876208 ], [ 92.4070941, 27.0882167 ], [ 92.4071187, 27.0890194 ], [ 92.4067652, 27.0895741 ], [ 92.4066208, 27.0899273 ], [ 92.4065871, 27.0903174 ], [ 92.4067764, 27.0906841 ], [ 92.4073107, 27.0913381 ], [ 92.407708, 27.0915291 ], [ 92.4080119, 27.0918832 ], [ 92.4082607, 27.0922273 ], [ 92.4083261, 27.0925109 ], [ 92.4086242, 27.0933994 ], [ 92.4088856, 27.094128 ], [ 92.4091907, 27.0944212 ], [ 92.4093949, 27.0946559 ], [ 92.4098746, 27.0949915 ], [ 92.4101966, 27.0950578 ], [ 92.4105845, 27.0952617 ], [ 92.4115393, 27.0955005 ], [ 92.4119524, 27.0961595 ], [ 92.4124406, 27.0964556 ], [ 92.4131379, 27.0969188 ], [ 92.4133847, 27.0971481 ], [ 92.4134032, 27.0975616 ], [ 92.413315, 27.0977785 ], [ 92.4130599, 27.0982302 ], [ 92.4129073, 27.098853 ], [ 92.4127624, 27.099044 ], [ 92.4121719, 27.0995306 ], [ 92.411934, 27.0998942 ], [ 92.4116759, 27.1001104 ], [ 92.411513, 27.1003872 ], [ 92.4115396, 27.1005527 ], [ 92.4116515, 27.1006797 ], [ 92.4122231, 27.1008745 ], [ 92.4124996, 27.1011929 ], [ 92.4123923, 27.1016418 ], [ 92.4125103, 27.1019092 ], [ 92.4131111, 27.101914 ], [ 92.4135671, 27.1018949 ], [ 92.4139802, 27.1019236 ], [ 92.4142913, 27.1021623 ], [ 92.4145756, 27.1024536 ], [ 92.4149565, 27.1026781 ], [ 92.4150262, 27.1027449 ], [ 92.4150959, 27.1031365 ], [ 92.4150584, 27.1033323 ], [ 92.4150477, 27.1034756 ], [ 92.4149565, 27.1036188 ], [ 92.4149297, 27.1036952 ], [ 92.4148277, 27.1038624 ], [ 92.414824, 27.1041236 ], [ 92.4149376, 27.1042805 ], [ 92.4151255, 27.1043136 ], [ 92.415442, 27.1041226 ], [ 92.4157236, 27.1039221 ], [ 92.4159543, 27.1038886 ], [ 92.4160508, 27.1038409 ], [ 92.4162439, 27.103657 ], [ 92.4163539, 27.1036713 ], [ 92.4164799, 27.1037528 ], [ 92.4166409, 27.1039651 ], [ 92.4167724, 27.1040032 ], [ 92.4169199, 27.1039578 ], [ 92.4170968, 27.1037454 ], [ 92.4172819, 27.1036499 ], [ 92.4173731, 27.1035926 ], [ 92.4174724, 27.1033371 ], [ 92.417467, 27.1032654 ], [ 92.4173436, 27.1031461 ], [ 92.417231, 27.1028882 ], [ 92.4172159, 27.1028165 ], [ 92.4171847, 27.1026994 ], [ 92.4171441, 27.1026047 ], [ 92.4171015, 27.1024531 ], [ 92.4171022, 27.1023295 ], [ 92.4171634, 27.1022444 ], [ 92.4172278, 27.1022157 ], [ 92.4172814, 27.1022062 ], [ 92.4173941, 27.1022301 ], [ 92.4175121, 27.1023112 ], [ 92.4175979, 27.1023972 ], [ 92.4177602, 27.1025092 ], [ 92.4178591, 27.102598 ], [ 92.4179669, 27.1026789 ], [ 92.4180929, 27.1027801 ], [ 92.4181998, 27.1030827 ], [ 92.4181749, 27.1031559 ], [ 92.4181559, 27.103225 ], [ 92.4181429, 27.1032893 ], [ 92.4181376, 27.1033944 ], [ 92.4181291, 27.1034872 ], [ 92.4181912, 27.1036904 ], [ 92.4180853, 27.1038612 ], [ 92.4180625, 27.103977 ], [ 92.4180531, 27.1040354 ], [ 92.4180464, 27.1041847 ], [ 92.4180101, 27.1043282 ], [ 92.417872, 27.1044844 ], [ 92.4178773, 27.1045336 ], [ 92.4179243, 27.1045858 ], [ 92.4181805, 27.1046909 ], [ 92.4182019, 27.1047482 ], [ 92.4181859, 27.104815 ], [ 92.4181081, 27.1049643 ], [ 92.418034, 27.1050782 ], [ 92.4179487, 27.1052937 ], [ 92.4179625, 27.1054357 ], [ 92.4179821, 27.1055767 ], [ 92.4179123, 27.1057581 ], [ 92.4178694, 27.1058775 ], [ 92.4179176, 27.1061258 ], [ 92.4179552, 27.106207 ], [ 92.4179525, 27.1062834 ], [ 92.4178921, 27.1064482 ], [ 92.4178801, 27.1067299 ], [ 92.4178774, 27.1068397 ], [ 92.417923, 27.107014 ], [ 92.4179015, 27.1071191 ], [ 92.4179176, 27.1073101 ], [ 92.4179525, 27.107408 ], [ 92.4180543, 27.1074823 ], [ 92.4181869, 27.1075159 ], [ 92.4183063, 27.1074884 ], [ 92.4183883, 27.1073794 ], [ 92.4184956, 27.1071907 ], [ 92.4185453, 27.1070105 ], [ 92.4186794, 27.1067132 ], [ 92.4188215, 27.1065592 ], [ 92.4188644, 27.1064255 ], [ 92.418918, 27.1063539 ], [ 92.4189878, 27.1063013 ], [ 92.4191795, 27.1059888 ], [ 92.4192332, 27.1059662 ], [ 92.4196516, 27.1060951 ], [ 92.419759, 27.1060948 ], [ 92.4198284, 27.106038 ], [ 92.4199092, 27.1058715 ], [ 92.4200755, 27.105665 ], [ 92.4201892, 27.1053683 ], [ 92.4202283, 27.1053439 ], [ 92.4203705, 27.1053296 ], [ 92.4205569, 27.1053427 ], [ 92.4206106, 27.1053904 ], [ 92.4206307, 27.1054311 ], [ 92.4206669, 27.1054932 ], [ 92.4210062, 27.1056913 ], [ 92.4210759, 27.1057128 ], [ 92.4211282, 27.1056913 ], [ 92.4212798, 27.1054931 ], [ 92.421729, 27.1052546 ], [ 92.4218336, 27.1051266 ], [ 92.4218954, 27.1050048 ], [ 92.4220133, 27.1049965 ], [ 92.4221072, 27.1050466 ], [ 92.4221287, 27.1051374 ], [ 92.4221582, 27.1052579 ], [ 92.4222212, 27.1055946 ], [ 92.4222722, 27.1056459 ], [ 92.422409, 27.1056603 ], [ 92.422582, 27.1056638 ], [ 92.4226625, 27.1057331 ], [ 92.4227711, 27.105973 ], [ 92.4229079, 27.106275 ], [ 92.423062, 27.1063971 ], [ 92.4232941, 27.1064243 ], [ 92.4236467, 27.1062992 ], [ 92.4238976, 27.1063515 ], [ 92.4243736, 27.1062395 ], [ 92.4245897, 27.1062822 ], [ 92.4248016, 27.1064684 ], [ 92.4250549, 27.1065165 ], [ 92.4251381, 27.1066013 ], [ 92.4251206, 27.1067171 ], [ 92.4250107, 27.1069892 ], [ 92.4250081, 27.1070725 ], [ 92.4250683, 27.1071504 ], [ 92.4251622, 27.1072113 ], [ 92.4254049, 27.1072829 ], [ 92.425641, 27.1075455 ], [ 92.4256974, 27.1075799 ], [ 92.4257992, 27.1075778 ], [ 92.4260554, 27.1074569 ], [ 92.4263853, 27.1071946 ], [ 92.4266091, 27.1069655 ], [ 92.4267434, 27.1069534 ], [ 92.4268548, 27.1069125 ], [ 92.4271229, 27.1064338 ], [ 92.4272396, 27.1059432 ], [ 92.4272919, 27.1058886 ], [ 92.4273737, 27.1058632 ], [ 92.4274556, 27.1058835 ], [ 92.4275655, 27.1059482 ], [ 92.4276124, 27.1060784 ], [ 92.4275909, 27.1062849 ], [ 92.4276192, 27.106404 ], [ 92.4278323, 27.1067493 ], [ 92.4279048, 27.1070235 ], [ 92.4278793, 27.1074128 ], [ 92.4280296, 27.1078509 ], [ 92.4281649, 27.1079765 ], [ 92.4283567, 27.1080911 ], [ 92.4284024, 27.1081792 ], [ 92.4284305, 27.1084266 ], [ 92.4285526, 27.108671 ], [ 92.4286247, 27.109174 ], [ 92.4287054, 27.1095281 ], [ 92.4287818, 27.1096108 ], [ 92.4288797, 27.1096764 ], [ 92.4289991, 27.1097111 ], [ 92.4291024, 27.1096752 ], [ 92.4291828, 27.109606 ], [ 92.4293036, 27.1094183 ], [ 92.4294095, 27.1093302 ], [ 92.4294524, 27.1092658 ], [ 92.4294497, 27.1090939 ], [ 92.4295101, 27.1088716 ], [ 92.4295182, 27.1086674 ], [ 92.4295597, 27.1086053 ], [ 92.4297233, 27.1085531 ], [ 92.4298601, 27.1084683 ], [ 92.4299755, 27.1083248 ], [ 92.4300573, 27.1080789 ], [ 92.4301375, 27.107997 ], [ 92.4302195, 27.107955 ], [ 92.4303363, 27.1079547 ], [ 92.4304329, 27.1080383 ], [ 92.4305642, 27.1082901 ], [ 92.4308257, 27.1085528 ], [ 92.4309491, 27.1086044 ], [ 92.4310416, 27.1085985 ], [ 92.4311222, 27.1085648 ], [ 92.4312493, 27.1083599 ], [ 92.4318638, 27.1078891 ], [ 92.4319657, 27.1078592 ], [ 92.4322795, 27.1078604 ], [ 92.432525, 27.1078174 ], [ 92.4325906, 27.1079061 ], [ 92.4325879, 27.1080825 ], [ 92.4324123, 27.1085922 ], [ 92.4324632, 27.1090661 ], [ 92.432529, 27.1092118 ], [ 92.4326293, 27.1093376 ], [ 92.4327771, 27.1094732 ], [ 92.4328117, 27.1098581 ], [ 92.4327234, 27.1103566 ], [ 92.4326966, 27.1106001 ], [ 92.4326161, 27.1109821 ], [ 92.4326293, 27.1113383 ], [ 92.4326561, 27.1115819 ], [ 92.4327741, 27.1117538 ], [ 92.4329273, 27.1118416 ], [ 92.433155, 27.11194 ], [ 92.4334554, 27.1121358 ], [ 92.4334852, 27.1122857 ], [ 92.4335791, 27.112331 ], [ 92.433689, 27.1122427 ], [ 92.4341879, 27.1123048 ], [ 92.4345189, 27.1125058 ], [ 92.4349679, 27.1126994 ], [ 92.4352018, 27.1128539 ], [ 92.4353895, 27.1129733 ], [ 92.4354754, 27.1130927 ], [ 92.435706, 27.1134269 ], [ 92.4358992, 27.1136227 ], [ 92.4360172, 27.1137611 ], [ 92.436416, 27.1139161 ], [ 92.4365, 27.1141002 ], [ 92.4367306, 27.1142816 ], [ 92.436779, 27.1145538 ], [ 92.4366914, 27.1150991 ], [ 92.4366377, 27.1153951 ], [ 92.4361442, 27.1160254 ], [ 92.4360798, 27.1161687 ], [ 92.435994, 27.1165411 ], [ 92.4360905, 27.1166366 ], [ 92.4362515, 27.1167989 ], [ 92.4363373, 27.1170186 ], [ 92.4364231, 27.1171427 ], [ 92.4363373, 27.117391 ], [ 92.4362944, 27.1177157 ], [ 92.4360154, 27.1179544 ], [ 92.4359725, 27.1181358 ], [ 92.4359511, 27.1186229 ], [ 92.4355756, 27.1187375 ], [ 92.4351142, 27.1190144 ], [ 92.434728, 27.1195396 ], [ 92.4344276, 27.1197019 ], [ 92.4338697, 27.1199693 ], [ 92.4336444, 27.1201603 ], [ 92.4330967, 27.1209548 ], [ 92.4327431, 27.1212203 ], [ 92.4328177, 27.1216328 ], [ 92.4329148, 27.1217264 ], [ 92.4330006, 27.1222325 ], [ 92.4337946, 27.1224807 ], [ 92.4350928, 27.1217932 ], [ 92.4352108, 27.1217646 ], [ 92.435479, 27.1217932 ], [ 92.4356936, 27.1218696 ], [ 92.436112, 27.1220319 ], [ 92.4363588, 27.1218314 ], [ 92.4367343, 27.1216882 ], [ 92.4370991, 27.1214781 ], [ 92.4372063, 27.1212298 ], [ 92.4374424, 27.1211534 ], [ 92.4376891, 27.121268 ], [ 92.4381612, 27.1214972 ], [ 92.4383865, 27.1214781 ], [ 92.4385904, 27.1213157 ], [ 92.4387084, 27.1213635 ], [ 92.4389015, 27.1217455 ], [ 92.4389981, 27.1224139 ], [ 92.4388049, 27.1226431 ], [ 92.4386333, 27.1229677 ], [ 92.4387829, 27.1237813 ], [ 92.4392019, 27.1238844 ], [ 92.4393843, 27.1236839 ], [ 92.4395763, 27.1235808 ], [ 92.4398993, 27.1234738 ], [ 92.4400066, 27.1234929 ], [ 92.4406718, 27.1239226 ], [ 92.4408488, 27.1238728 ], [ 92.4411546, 27.1233783 ], [ 92.4412315, 27.1230202 ], [ 92.4417446, 27.1228531 ], [ 92.4419056, 27.1229964 ], [ 92.4423347, 27.123025 ], [ 92.4425064, 27.1228913 ], [ 92.4427317, 27.1226622 ], [ 92.443075, 27.1227099 ], [ 92.4434076, 27.1225571 ], [ 92.4438046, 27.1224521 ], [ 92.4439226, 27.1223184 ], [ 92.4442445, 27.1219651 ], [ 92.4445234, 27.1219269 ], [ 92.4447058, 27.1221179 ], [ 92.4448024, 27.1221656 ], [ 92.4448024, 27.1222802 ], [ 92.4446629, 27.1233974 ], [ 92.4449633, 27.1239226 ], [ 92.4454032, 27.1244001 ], [ 92.445371, 27.124782 ], [ 92.4453924, 27.1252499 ], [ 92.445607, 27.1258801 ], [ 92.446122, 27.1266536 ], [ 92.4465726, 27.1266822 ], [ 92.4470018, 27.126644 ], [ 92.4472485, 27.126434 ], [ 92.4475597, 27.125861 ], [ 92.4478708, 27.1255746 ], [ 92.4486862, 27.1251544 ], [ 92.4487935, 27.1245624 ], [ 92.4490295, 27.1242568 ], [ 92.4498986, 27.1239895 ], [ 92.4499737, 27.1238367 ], [ 92.4500273, 27.1236553 ], [ 92.4503062, 27.1233783 ], [ 92.4505101, 27.1233306 ], [ 92.4507032, 27.123407 ], [ 92.4514424, 27.1239723 ], [ 92.4515937, 27.1239704 ], [ 92.4519907, 27.1241995 ], [ 92.4521516, 27.1244287 ], [ 92.452452, 27.1246388 ], [ 92.4526237, 27.1246674 ], [ 92.4529992, 27.1246961 ], [ 92.4531816, 27.124868 ], [ 92.4536322, 27.1250208 ], [ 92.4539111, 27.1249253 ], [ 92.454351, 27.125078 ], [ 92.4545871, 27.1250208 ], [ 92.4549947, 27.1248489 ], [ 92.4552093, 27.1248966 ], [ 92.4553273, 27.125078 ], [ 92.4556492, 27.1251831 ], [ 92.4558423, 27.1254218 ], [ 92.455716, 27.125615 ], [ 92.4554641, 27.1256247 ], [ 92.4552844, 27.1256701 ], [ 92.4549599, 27.1257751 ], [ 92.4544226, 27.1261016 ], [ 92.4544264, 27.1265898 ], [ 92.4543547, 27.1267505 ], [ 92.4536929, 27.1274985 ], [ 92.4536101, 27.127528 ], [ 92.4535343, 27.1274892 ], [ 92.453466, 27.12729 ], [ 92.4533377, 27.1272484 ], [ 92.4532146, 27.1272964 ], [ 92.4531664, 27.1276737 ], [ 92.4528327, 27.1277943 ], [ 92.4527632, 27.1279331 ], [ 92.4527417, 27.1285251 ], [ 92.4526451, 27.1285538 ], [ 92.4521516, 27.1284583 ], [ 92.4518834, 27.1285729 ], [ 92.4517654, 27.1291362 ], [ 92.4517761, 27.1296136 ], [ 92.4516259, 27.1296709 ], [ 92.4513244, 27.1295869 ], [ 92.4504876, 27.1294628 ], [ 92.4501453, 27.1296136 ], [ 92.4500595, 27.1299383 ], [ 92.4504994, 27.1305494 ], [ 92.4504565, 27.1307594 ], [ 92.4496089, 27.1309409 ], [ 92.4496592, 27.1312864 ], [ 92.4495297, 27.1316288 ], [ 92.4495668, 27.1317413 ], [ 92.4498102, 27.1317233 ], [ 92.450012, 27.1318817 ], [ 92.4508856, 27.1317811 ], [ 92.4510805, 27.1320312 ], [ 92.4511258, 27.1322398 ], [ 92.4512789, 27.1323069 ], [ 92.4513659, 27.1322987 ], [ 92.4514772, 27.132211 ], [ 92.4516111, 27.1322786 ], [ 92.4517303, 27.1322242 ], [ 92.4518338, 27.1321558 ], [ 92.4519263, 27.1321535 ], [ 92.4521015, 27.1325167 ], [ 92.4522313, 27.1326736 ], [ 92.4524318, 27.132622 ], [ 92.4525593, 27.132459 ], [ 92.4526666, 27.1323158 ], [ 92.4526919, 27.1321857 ], [ 92.452832, 27.1321716 ], [ 92.4528599, 27.1323957 ], [ 92.4528217, 27.1325867 ], [ 92.4529818, 27.1327916 ], [ 92.453253, 27.1327404 ], [ 92.4533417, 27.1328215 ], [ 92.4536417, 27.1328018 ], [ 92.4538282, 27.1329033 ], [ 92.4540258, 27.1328937 ], [ 92.4540935, 27.1330988 ], [ 92.4535034, 27.1334329 ], [ 92.4533307, 27.1338741 ], [ 92.4536966, 27.1342254 ], [ 92.4540478, 27.134101 ], [ 92.4544223, 27.1344497 ], [ 92.4545724, 27.134427 ], [ 92.4547498, 27.1343039 ], [ 92.4550316, 27.1342796 ], [ 92.4553081, 27.1344996 ], [ 92.4559603, 27.134636 ], [ 92.4563825, 27.1343437 ], [ 92.4564645, 27.1343303 ], [ 92.4565226, 27.1343679 ], [ 92.4565426, 27.1344877 ], [ 92.4564689, 27.1349818 ], [ 92.4562274, 27.1352401 ], [ 92.4559282, 27.1353521 ], [ 92.4556385, 27.1355144 ], [ 92.4549518, 27.1360109 ], [ 92.4542652, 27.1363164 ], [ 92.4541364, 27.1366601 ], [ 92.4542437, 27.1369943 ], [ 92.4542223, 27.1371853 ], [ 92.4542223, 27.1372998 ], [ 92.4541364, 27.1376531 ], [ 92.4542008, 27.1381114 ], [ 92.4544798, 27.1383692 ], [ 92.454866, 27.1386174 ], [ 92.4557458, 27.1387893 ], [ 92.4560676, 27.1388084 ], [ 92.4563251, 27.1387416 ], [ 92.4565504, 27.138522 ], [ 92.4567543, 27.1385411 ], [ 92.4567865, 27.1389802 ], [ 92.456883, 27.1393812 ], [ 92.4570332, 27.1395626 ], [ 92.4574731, 27.1395817 ], [ 92.4579666, 27.1394194 ], [ 92.458267, 27.1389611 ], [ 92.4590148, 27.1381038 ], [ 92.4594327, 27.1379386 ], [ 92.4598869, 27.1381443 ], [ 92.4600738, 27.1383652 ], [ 92.4602823, 27.138715 ], [ 92.4604998, 27.1389705 ], [ 92.4606162, 27.1389398 ], [ 92.460681, 27.1387988 ], [ 92.4607087, 27.1383535 ], [ 92.4610802, 27.1380509 ], [ 92.4612161, 27.1376678 ], [ 92.4615374, 27.1376608 ], [ 92.4618283, 27.137794 ], [ 92.4623655, 27.138078 ], [ 92.4635241, 27.13814 ], [ 92.4641786, 27.138732 ], [ 92.4644361, 27.1390853 ], [ 92.4645706, 27.1396349 ], [ 92.464575, 27.1401092 ], [ 92.4648035, 27.140181 ], [ 92.464879, 27.1405088 ], [ 92.4649369, 27.140667 ], [ 92.4648961, 27.1408929 ], [ 92.4650021, 27.1409446 ], [ 92.4652086, 27.1409375 ], [ 92.4653341, 27.1409652 ], [ 92.4654124, 27.1411189 ], [ 92.4650048, 27.1422837 ], [ 92.4648756, 27.1425461 ], [ 92.464779, 27.1428516 ], [ 92.4648975, 27.1431907 ], [ 92.4649189, 27.1433625 ], [ 92.4651871, 27.1435726 ], [ 92.4654032, 27.1436655 ], [ 92.4656783, 27.1435524 ], [ 92.4657816, 27.1436315 ], [ 92.4658218, 27.1438606 ], [ 92.4660101, 27.1439018 ], [ 92.4662922, 27.1437253 ], [ 92.4664628, 27.143653 ], [ 92.4667018, 27.143714 ], [ 92.4667878, 27.1440098 ], [ 92.4668179, 27.1443268 ], [ 92.467019, 27.1444829 ], [ 92.4671441, 27.1444573 ], [ 92.467282, 27.1443005 ], [ 92.4673614, 27.1443094 ], [ 92.4675946, 27.1446116 ], [ 92.4678415, 27.144932 ], [ 92.4680722, 27.1451782 ], [ 92.4684809, 27.1452815 ], [ 92.4688314, 27.1451287 ], [ 92.4689305, 27.1451996 ], [ 92.4690279, 27.1456585 ], [ 92.4695001, 27.1456538 ], [ 92.4697834, 27.1457486 ], [ 92.4701358, 27.1456323 ], [ 92.470344, 27.1456674 ], [ 92.470455, 27.145883 ], [ 92.4705865, 27.1470955 ], [ 92.4703584, 27.1476396 ], [ 92.4709458, 27.1486492 ], [ 92.4713139, 27.1488008 ], [ 92.471324, 27.1491408 ], [ 92.4714031, 27.1493302 ], [ 92.471414, 27.1496407 ], [ 92.4715134, 27.1497774 ], [ 92.4716961, 27.1497808 ], [ 92.4719463, 27.1504177 ], [ 92.4726008, 27.1507518 ], [ 92.474253, 27.1521934 ], [ 92.4742637, 27.1526039 ], [ 92.4741028, 27.1527852 ], [ 92.4731158, 27.1525848 ], [ 92.4725042, 27.1529857 ], [ 92.4724077, 27.1529762 ], [ 92.4721716, 27.1531098 ], [ 92.4716888, 27.1531098 ], [ 92.4716459, 27.1538544 ], [ 92.4720536, 27.1546277 ], [ 92.4723433, 27.1556205 ], [ 92.4721609, 27.1558592 ], [ 92.4720429, 27.1563174 ], [ 92.4717639, 27.1565369 ], [ 92.4716244, 27.1567183 ], [ 92.4713884, 27.156852 ], [ 92.4712382, 27.156852 ], [ 92.4710773, 27.156871 ], [ 92.4707447, 27.1567851 ], [ 92.4703477, 27.156556 ], [ 92.4702082, 27.1562983 ], [ 92.4702823, 27.1556511 ], [ 92.4698971, 27.1547995 ], [ 92.4689422, 27.154494 ], [ 92.4687277, 27.1541408 ], [ 92.468418, 27.1536463 ], [ 92.4684487, 27.1531862 ], [ 92.468277, 27.1530621 ], [ 92.4680732, 27.1532339 ], [ 92.467687, 27.1533198 ], [ 92.4675153, 27.1531957 ], [ 92.467011, 27.1529475 ], [ 92.466539, 27.1529857 ], [ 92.4664317, 27.1528712 ], [ 92.4661946, 27.1526821 ], [ 92.4657654, 27.1523862 ], [ 92.4654436, 27.1524435 ], [ 92.4653213, 27.152685 ], [ 92.4650852, 27.1527518 ], [ 92.4648803, 27.1525724 ], [ 92.4646121, 27.1525841 ], [ 92.4643288, 27.1528139 ], [ 92.4640928, 27.152938 ], [ 92.4637817, 27.1527662 ], [ 92.4634062, 27.1525561 ], [ 92.4632227, 27.152558 ], [ 92.4629322, 27.1530648 ], [ 92.4626473, 27.1531457 ], [ 92.4623974, 27.1531185 ], [ 92.4618684, 27.1531514 ], [ 92.461774, 27.1535476 ], [ 92.4615876, 27.1537452 ], [ 92.4612585, 27.1539254 ], [ 92.4612612, 27.1542034 ], [ 92.461369, 27.154296 ], [ 92.4614717, 27.1545359 ], [ 92.4614892, 27.1547139 ], [ 92.4614492, 27.1548915 ], [ 92.4613843, 27.1550473 ], [ 92.4610029, 27.1553652 ], [ 92.4607288, 27.1555667 ], [ 92.4606853, 27.1556564 ], [ 92.4607025, 27.1557437 ], [ 92.4608811, 27.1560313 ], [ 92.4610396, 27.1566449 ], [ 92.4609506, 27.1569396 ], [ 92.4608253, 27.1570695 ], [ 92.4607038, 27.1571062 ], [ 92.4605361, 27.1571262 ], [ 92.4603833, 27.1571825 ], [ 92.4603345, 27.157256 ], [ 92.460393, 27.1573381 ], [ 92.4605236, 27.1573657 ], [ 92.4607572, 27.1573408 ], [ 92.4610949, 27.1573103 ], [ 92.4611681, 27.1573302 ], [ 92.4611837, 27.1573895 ], [ 92.4609648, 27.1575292 ], [ 92.4606601, 27.1575954 ], [ 92.4604131, 27.157583 ], [ 92.4601768, 27.1577119 ], [ 92.4602387, 27.1580949 ], [ 92.4600891, 27.1586097 ], [ 92.4607105, 27.1599371 ], [ 92.4608803, 27.1601537 ], [ 92.4609761, 27.160468 ], [ 92.4610294, 27.1608606 ], [ 92.4609318, 27.1610427 ], [ 92.4606475, 27.1611491 ], [ 92.4603978, 27.161046 ], [ 92.460044, 27.1613214 ], [ 92.4596561, 27.1613766 ], [ 92.4593992, 27.1613128 ], [ 92.4589349, 27.1611057 ], [ 92.4582217, 27.1607475 ], [ 92.4580407, 27.160779 ], [ 92.4578145, 27.1609176 ], [ 92.4574251, 27.1609105 ], [ 92.4571899, 27.1607814 ], [ 92.456945, 27.1606766 ], [ 92.4568321, 27.1607317 ], [ 92.4568951, 27.1609153 ], [ 92.4569981, 27.1611451 ], [ 92.4570976, 27.1612859 ], [ 92.4570965, 27.1614973 ], [ 92.457022, 27.1615563 ], [ 92.4569289, 27.1617402 ], [ 92.4572086, 27.1620395 ], [ 92.4573814, 27.1622586 ], [ 92.4575313, 27.1625552 ], [ 92.4575718, 27.162728 ], [ 92.4577295, 27.1630112 ], [ 92.4579215, 27.1632068 ], [ 92.4579639, 27.1633842 ], [ 92.4580543, 27.1635849 ], [ 92.4582445, 27.1638892 ], [ 92.458366, 27.1640102 ], [ 92.4584824, 27.1640517 ], [ 92.4585857, 27.1641448 ], [ 92.4586066, 27.164298 ], [ 92.4586653, 27.1645373 ], [ 92.458845, 27.1647571 ], [ 92.4589904, 27.1649411 ], [ 92.4589998, 27.1650583 ], [ 92.4588552, 27.165149 ], [ 92.4587587, 27.1651769 ], [ 92.4584382, 27.1653981 ], [ 92.4583853, 27.1655403 ], [ 92.4583682, 27.1657785 ], [ 92.4584626, 27.1659648 ], [ 92.4585186, 27.1661815 ], [ 92.4583381, 27.1666643 ], [ 92.4581927, 27.1669306 ], [ 92.4581182, 27.1669869 ], [ 92.458038, 27.1671154 ], [ 92.4581018, 27.1677658 ], [ 92.4580294, 27.1680569 ], [ 92.4580736, 27.1684158 ], [ 92.4582928, 27.1690923 ], [ 92.458307, 27.1696266 ], [ 92.4582276, 27.1701676 ], [ 92.4584891, 27.1703193 ], [ 92.4585776, 27.1705479 ], [ 92.4587064, 27.1706863 ], [ 92.4591012, 27.1709643 ], [ 92.4596521, 27.1720515 ], [ 92.459857, 27.1723622 ], [ 92.4600142, 27.1727652 ], [ 92.4602698, 27.1731778 ], [ 92.4606271, 27.1734191 ], [ 92.4606944, 27.1734346 ], [ 92.4607293, 27.1734134 ], [ 92.4607192, 27.1733662 ], [ 92.4605566, 27.1732243 ], [ 92.4603653, 27.1729737 ], [ 92.460247, 27.1726406 ], [ 92.4601038, 27.1722259 ], [ 92.46, 27.1716253 ], [ 92.4594209, 27.1708047 ], [ 92.4592681, 27.1704829 ], [ 92.4592814, 27.1703966 ], [ 92.4593681, 27.170357 ], [ 92.4595035, 27.170427 ], [ 92.45979, 27.1707298 ], [ 92.4604412, 27.1713554 ], [ 92.4609401, 27.1721431 ], [ 92.4611056, 27.1721978 ], [ 92.4612236, 27.1722911 ], [ 92.4612263, 27.1723927 ], [ 92.4614082, 27.172685 ], [ 92.4616396, 27.1730427 ], [ 92.4618743, 27.1735281 ], [ 92.4626653, 27.1742802 ], [ 92.4629647, 27.1746799 ], [ 92.4631932, 27.1747693 ], [ 92.463412, 27.175033 ], [ 92.4636534, 27.1753043 ], [ 92.4638482, 27.1754465 ], [ 92.463985, 27.1754732 ], [ 92.4642679, 27.1758309 ], [ 92.4646362, 27.1760528 ], [ 92.4647521, 27.1761826 ], [ 92.4647902, 27.1763957 ], [ 92.4646408, 27.1766832 ], [ 92.4646472, 27.1770941 ], [ 92.4648521, 27.1775277 ], [ 92.4649817, 27.1776434 ], [ 92.464862, 27.1780894 ], [ 92.4649346, 27.1782925 ], [ 92.4651005, 27.1786133 ], [ 92.4650868, 27.1789521 ], [ 92.4646472, 27.179217 ], [ 92.464442, 27.1792926 ], [ 92.4635861, 27.180227 ], [ 92.4634459, 27.180241 ], [ 92.4633831, 27.1802883 ], [ 92.4634289, 27.1803962 ], [ 92.4635601, 27.1804425 ], [ 92.463655, 27.1803719 ], [ 92.4639292, 27.1800815 ], [ 92.4641344, 27.1797465 ], [ 92.4645995, 27.1794098 ], [ 92.4648643, 27.1793583 ], [ 92.4649917, 27.179308 ], [ 92.4651298, 27.1792023 ], [ 92.4652079, 27.1792 ], [ 92.465242, 27.1792607 ], [ 92.4651761, 27.1793325 ], [ 92.4646612, 27.179562 ], [ 92.4643734, 27.1798383 ], [ 92.4640855, 27.1802592 ], [ 92.463856, 27.1803874 ], [ 92.46347, 27.180872 ], [ 92.4633122, 27.1811236 ], [ 92.4633382, 27.1812625 ], [ 92.4635061, 27.1814622 ], [ 92.4635187, 27.1816989 ], [ 92.4633133, 27.181921 ], [ 92.4627801, 27.182198 ], [ 92.4626516, 27.1823598 ], [ 92.4627809, 27.1826946 ], [ 92.4628692, 27.1827764 ], [ 92.463316, 27.1831899 ], [ 92.4638246, 27.1832992 ], [ 92.4641019, 27.1832119 ], [ 92.4643213, 27.1832095 ], [ 92.4644723, 27.1832847 ], [ 92.4647172, 27.1835149 ], [ 92.4647867, 27.1836619 ], [ 92.4646949, 27.1838177 ], [ 92.4645531, 27.1839375 ], [ 92.4644077, 27.1841496 ], [ 92.464294, 27.1844364 ], [ 92.464302, 27.1846504 ], [ 92.4643371, 27.1847527 ], [ 92.4642191, 27.1851982 ], [ 92.4643052, 27.1854726 ], [ 92.4642814, 27.1856699 ], [ 92.4644426, 27.1859478 ], [ 92.4645673, 27.1861342 ], [ 92.4645316, 27.1862559 ], [ 92.4644141, 27.1863434 ], [ 92.4634131, 27.1869895 ], [ 92.4631173, 27.1874786 ], [ 92.462903, 27.1876001 ], [ 92.4624676, 27.1874734 ], [ 92.4620835, 27.187841 ], [ 92.4619473, 27.1880562 ], [ 92.4618599, 27.1883744 ], [ 92.4618387, 27.1884518 ], [ 92.4615393, 27.1889614 ], [ 92.4611351, 27.189565 ], [ 92.4610721, 27.1898423 ], [ 92.4609136, 27.1900086 ], [ 92.4606547, 27.1901899 ], [ 92.4601435, 27.1907971 ], [ 92.4602527, 27.1910975 ], [ 92.4604139, 27.1912721 ], [ 92.4606802, 27.1913744 ], [ 92.4607988, 27.1913673 ], [ 92.4610074, 27.1914403 ], [ 92.461137, 27.1919356 ], [ 92.4615431, 27.192224 ], [ 92.4616356, 27.1923679 ], [ 92.4618097, 27.192496 ], [ 92.4618354, 27.1926861 ], [ 92.4617284, 27.19296 ], [ 92.4612145, 27.1934591 ], [ 92.4611256, 27.1936328 ], [ 92.4611757, 27.1938525 ], [ 92.4613559, 27.1940935 ], [ 92.4616198, 27.1941557 ], [ 92.4618148, 27.1941779 ], [ 92.4619324, 27.1943027 ], [ 92.4620502, 27.1947422 ], [ 92.4622644, 27.1952279 ], [ 92.4622749, 27.1957179 ], [ 92.4625044, 27.1960593 ], [ 92.4627523, 27.1970299 ], [ 92.4634813, 27.1976897 ], [ 92.4635104, 27.1982839 ], [ 92.4636394, 27.1987562 ], [ 92.4640225, 27.1992285 ], [ 92.4643715, 27.1994748 ], [ 92.4646611, 27.1998114 ], [ 92.4649253, 27.2008175 ], [ 92.4646863, 27.2013607 ], [ 92.464386, 27.2016424 ], [ 92.464067, 27.2022013 ], [ 92.4638404, 27.2026596 ], [ 92.4631439, 27.2028287 ], [ 92.4626683, 27.2032196 ], [ 92.4623952, 27.2035367 ], [ 92.4622874, 27.2039113 ], [ 92.4619855, 27.2045623 ], [ 92.4617207, 27.2048602 ], [ 92.4616713, 27.2051296 ], [ 92.4617073, 27.2051965 ], [ 92.4617724, 27.2052066 ], [ 92.4619084, 27.2050723 ], [ 92.4622042, 27.2044958 ], [ 92.4623662, 27.2041346 ], [ 92.4626176, 27.2037298 ], [ 92.4628051, 27.2034285 ], [ 92.4631041, 27.2031515 ], [ 92.4634233, 27.2029795 ], [ 92.4636787, 27.2029517 ], [ 92.4639201, 27.2030209 ], [ 92.4641639, 27.2028647 ], [ 92.4643533, 27.20264 ], [ 92.4644096, 27.2023425 ], [ 92.4647196, 27.2018044 ], [ 92.4654111, 27.2013568 ], [ 92.465803, 27.2009717 ], [ 92.4659961, 27.2006592 ], [ 92.4664223, 27.200332 ], [ 92.4665755, 27.2002441 ], [ 92.4666392, 27.2001694 ], [ 92.4666474, 27.2000905 ], [ 92.4665962, 27.2000399 ], [ 92.4665006, 27.2000304 ], [ 92.4662852, 27.2001044 ], [ 92.4660425, 27.2000987 ], [ 92.4659856, 27.1999918 ], [ 92.465939, 27.1998215 ], [ 92.4657099, 27.1995008 ], [ 92.4655728, 27.1991285 ], [ 92.4655284, 27.1989873 ], [ 92.4655726, 27.1988338 ], [ 92.4657287, 27.1986883 ], [ 92.4658848, 27.1978753 ], [ 92.4656654, 27.1975981 ], [ 92.4655724, 27.1974744 ], [ 92.4655726, 27.1973228 ], [ 92.4657346, 27.1970809 ], [ 92.4656984, 27.196878 ], [ 92.4655616, 27.1967015 ], [ 92.4655667, 27.196609 ], [ 92.4656501, 27.1965846 ], [ 92.4657845, 27.1966634 ], [ 92.465947, 27.1968805 ], [ 92.4659588, 27.1971644 ], [ 92.4660248, 27.1974373 ], [ 92.4662045, 27.1977121 ], [ 92.4663171, 27.1981625 ], [ 92.4670789, 27.1989579 ], [ 92.467434, 27.198935 ], [ 92.4677376, 27.1991993 ], [ 92.4684345, 27.1992394 ], [ 92.4687826, 27.1993653 ], [ 92.4689194, 27.1995633 ], [ 92.4694564, 27.2004479 ], [ 92.469597, 27.2004336 ], [ 92.4699006, 27.2005243 ], [ 92.4702707, 27.2008921 ], [ 92.4707176, 27.2009413 ], [ 92.47091, 27.2010457 ], [ 92.4709815, 27.2012609 ], [ 92.470908, 27.2014814 ], [ 92.470977, 27.2015562 ], [ 92.4710754, 27.2015606 ], [ 92.4713227, 27.2014313 ], [ 92.4714115, 27.2012485 ], [ 92.4714032, 27.2010591 ], [ 92.4711542, 27.2008229 ], [ 92.4706875, 27.2005992 ], [ 92.4705137, 27.2004374 ], [ 92.470282, 27.1998081 ], [ 92.4701398, 27.1996406 ], [ 92.4697987, 27.1990624 ], [ 92.4698263, 27.1989654 ], [ 92.4699336, 27.198913 ], [ 92.4700728, 27.198924 ], [ 92.4705795, 27.1993321 ], [ 92.4706203, 27.199464 ], [ 92.4705586, 27.1996764 ], [ 92.4706473, 27.1998277 ], [ 92.4709622, 27.2000319 ], [ 92.4710577, 27.2003745 ], [ 92.4713098, 27.2005324 ], [ 92.4718682, 27.2007643 ], [ 92.4720871, 27.2011407 ], [ 92.4723398, 27.2015615 ], [ 92.4724567, 27.2020706 ], [ 92.4724353, 27.2024189 ], [ 92.4722752, 27.2026464 ], [ 92.4722886, 27.202718 ], [ 92.4723762, 27.2027548 ], [ 92.4724629, 27.2027323 ], [ 92.4725649, 27.2026822 ], [ 92.4726257, 27.202552 ], [ 92.4726659, 27.2011207 ], [ 92.4724052, 27.2006106 ], [ 92.4723564, 27.2003706 ], [ 92.4719771, 27.2000939 ], [ 92.47196, 27.199935 ], [ 92.4721338, 27.1995152 ], [ 92.4718361, 27.1987661 ], [ 92.4717556, 27.1981907 ], [ 92.4710236, 27.1976668 ], [ 92.4707308, 27.1975197 ], [ 92.4706748, 27.1974591 ], [ 92.4706758, 27.1974033 ], [ 92.4707294, 27.1973585 ], [ 92.470867, 27.1973265 ], [ 92.47104, 27.1973953 ], [ 92.4715265, 27.1977336 ], [ 92.4718484, 27.1978524 ], [ 92.4722861, 27.1982355 ], [ 92.4723999, 27.198924 ], [ 92.4726101, 27.1992504 ], [ 92.4726944, 27.199987 ], [ 92.4732235, 27.2006733 ], [ 92.473535, 27.2010774 ], [ 92.4738355, 27.2017804 ], [ 92.4739207, 27.2021905 ], [ 92.4739703, 27.202487 ], [ 92.4739348, 27.2026385 ], [ 92.4739672, 27.2029216 ], [ 92.4740058, 27.2030864 ], [ 92.4741902, 27.2032252 ], [ 92.4745165, 27.2033388 ], [ 92.4747861, 27.2034081 ], [ 92.4751408, 27.2035343 ], [ 92.4756586, 27.2036794 ], [ 92.4760062, 27.2039129 ], [ 92.4760771, 27.2041526 ], [ 92.4760072, 27.2043083 ], [ 92.4758434, 27.2044589 ], [ 92.4757964, 27.2045142 ] ] } },
{ "type": "Feature", "properties": { "element": "way", "id": 238496657, "highway": "trunk", "ref": "NH13", "ref:old": "NH229", "source": null, "name": null, "name:en": null, "surface": null, "bridge": null, "bridge:structure": null, "layer": null, "name:zh": null, "sidewalk": null, "smoothness": null, "lanes": null, "route": null, "alt_name": null, "service": null, "oneway": null }, "geometry": { "type": "LineString", "coordinates": [ [ 92.2726783, 27.3433118 ], [ 92.2728792, 27.3432291 ], [ 92.2729556, 27.3431777 ], [ 92.2730846, 27.3430909 ], [ 92.2732746, 27.3428955 ], [ 92.2732934, 27.3428762 ], [ 92.273418, 27.3427265 ], [ 92.2734921, 27.3424265 ], [ 92.2735468, 27.3422052 ], [ 92.2737644, 27.3417957 ], [ 92.2740855, 27.3412573 ], [ 92.2743342, 27.3409859 ], [ 92.274588, 27.3407466 ], [ 92.2750594, 27.3404337 ], [ 92.275712, 27.34013 ], [ 92.2760539, 27.3400196 ], [ 92.2763129, 27.3399874 ], [ 92.2765563, 27.3399828 ], [ 92.2767014, 27.340015 ], [ 92.2768464, 27.3399736 ], [ 92.2769293, 27.3398632 ], [ 92.276836, 27.3396883 ], [ 92.276691, 27.3395043 ], [ 92.2766651, 27.3392926 ], [ 92.2767065, 27.3390948 ], [ 92.2767894, 27.3388095 ], [ 92.2770536, 27.3384506 ], [ 92.2773074, 27.3382573 ], [ 92.2774503, 27.3382648 ], [ 92.2775605, 27.3383083 ], [ 92.2775931, 27.3384207 ], [ 92.2775647, 27.3386597 ], [ 92.2774841, 27.3389005 ], [ 92.2775574, 27.3392714 ], [ 92.2779017, 27.339408 ], [ 92.2781507, 27.339382 ], [ 92.2786677, 27.3390935 ], [ 92.278926, 27.338779 ], [ 92.2790664, 27.3386792 ], [ 92.279733, 27.3387183 ], [ 92.2803776, 27.3388875 ], [ 92.2810003, 27.3392454 ], [ 92.2816816, 27.3395707 ], [ 92.282524, 27.3396813 ], [ 92.283132, 27.3397269 ], [ 92.2837473, 27.3396553 ], [ 92.2842308, 27.3396033 ], [ 92.2850952, 27.3394861 ], [ 92.2858057, 27.3395577 ], [ 92.2863478, 27.3396813 ], [ 92.2874759, 27.3397464 ], [ 92.28804, 27.3397204 ], [ 92.2886113, 27.3394926 ], [ 92.289549, 27.339369 ], [ 92.2907137, 27.3390892 ], [ 92.2914023, 27.3389656 ], [ 92.2922814, 27.3388094 ], [ 92.2928234, 27.3387248 ], [ 92.2934314, 27.3387053 ], [ 92.293871, 27.3388224 ], [ 92.2943251, 27.3391087 ], [ 92.2947427, 27.3392909 ], [ 92.2954273, 27.3394467 ], [ 92.2967718, 27.3394796 ], [ 92.2975123, 27.3395418 ], [ 92.2982369, 27.3398375 ], [ 92.2986031, 27.3399481 ], [ 92.2996214, 27.3403255 ], [ 92.3008813, 27.3404101 ], [ 92.3014967, 27.3406379 ], [ 92.30209, 27.3409112 ], [ 92.3025588, 27.3408721 ], [ 92.3030277, 27.3408136 ], [ 92.3035917, 27.3406964 ], [ 92.303958, 27.3405338 ], [ 92.3042657, 27.3405208 ], [ 92.3046246, 27.3405728 ], [ 92.3050202, 27.3405143 ], [ 92.3068076, 27.3399742 ], [ 92.307943, 27.3395512 ], [ 92.3086975, 27.3392519 ], [ 92.3096864, 27.3391413 ], [ 92.3105308, 27.3390897 ], [ 92.3117533, 27.3392447 ], [ 92.3123935, 27.3394657 ], [ 92.3140251, 27.339582 ], [ 92.3143344, 27.3395826 ], [ 92.3144567, 27.339521 ], [ 92.3147667, 27.3391933 ], [ 92.3158948, 27.3387378 ], [ 92.3165541, 27.3383213 ], [ 92.3171547, 27.3380741 ], [ 92.3175503, 27.3380871 ], [ 92.3185173, 27.3376836 ], [ 92.3194655, 27.3372741 ], [ 92.3197299, 27.3369382 ], [ 92.3198787, 27.3368826 ], [ 92.3201376, 27.3370478 ], [ 92.320547, 27.3370525 ], [ 92.3212658, 27.3370068 ], [ 92.3218723, 27.3367856 ], [ 92.3227367, 27.336213 ], [ 92.3237183, 27.3357965 ], [ 92.3243483, 27.3355883 ], [ 92.3251101, 27.3356013 ], [ 92.3259372, 27.3355216 ], [ 92.3268696, 27.3355308 ], [ 92.3276498, 27.3354001 ], [ 92.3281846, 27.3352439 ], [ 92.3286424, 27.3350324 ], [ 92.3289025, 27.3347916 ], [ 92.3291039, 27.334694 ], [ 92.3298804, 27.3345866 ], [ 92.330336, 27.3344967 ], [ 92.3303749, 27.334489 ], [ 92.3306276, 27.3344988 ], [ 92.331155, 27.3346224 ], [ 92.3315323, 27.3347558 ], [ 92.3317777, 27.3347461 ], [ 92.3322904, 27.334655 ], [ 92.3325102, 27.33472 ], [ 92.3325615, 27.3348567 ], [ 92.3326274, 27.3350487 ], [ 92.3327519, 27.3351463 ], [ 92.3330559, 27.3351593 ], [ 92.3333306, 27.3351203 ], [ 92.3335687, 27.3350324 ], [ 92.3337628, 27.3349673 ], [ 92.3339643, 27.3349673 ], [ 92.3339896, 27.3349789 ], [ 92.3340778, 27.3350194 ], [ 92.3342463, 27.3350747 ], [ 92.3344771, 27.3351007 ], [ 92.3353744, 27.3350682 ], [ 92.3361326, 27.3350877 ], [ 92.3368139, 27.3350714 ], [ 92.3372126, 27.3350977 ], [ 92.3374255, 27.335143 ], [ 92.3377479, 27.3352237 ], [ 92.3378284, 27.3352439 ], [ 92.3381507, 27.3352894 ], [ 92.3384547, 27.3352764 ], [ 92.3389638, 27.3351886 ], [ 92.3399601, 27.3350812 ], [ 92.3402421, 27.3350422 ], [ 92.3404985, 27.3349511 ], [ 92.3407073, 27.3348112 ], [ 92.3409747, 27.3347135 ], [ 92.3410882, 27.3347233 ], [ 92.3411834, 27.3347884 ], [ 92.3413629, 27.3348665 ], [ 92.3415204, 27.3348925 ], [ 92.3422676, 27.3347428 ], [ 92.3432272, 27.3343491 ], [ 92.3441356, 27.3338188 ], [ 92.3444762, 27.3336073 ], [ 92.3451941, 27.3329826 ], [ 92.3456922, 27.3327776 ], [ 92.3459449, 27.3326832 ], [ 92.346139, 27.3326669 ], [ 92.3463625, 27.3326767 ], [ 92.3466335, 27.3326051 ], [ 92.3469485, 27.3324392 ], [ 92.3476481, 27.3320357 ], [ 92.3480693, 27.331873 ], [ 92.3483074, 27.3317201 ], [ 92.3485564, 27.3315769 ], [ 92.3488384, 27.3313589 ], [ 92.3490143, 27.3311702 ], [ 92.3494611, 27.3307505 ], [ 92.3497138, 27.3306398 ], [ 92.3499299, 27.330373 ], [ 92.3501131, 27.3300867 ], [ 92.3501973, 27.3297841 ], [ 92.3505709, 27.3288925 ], [ 92.3506515, 27.3284077 ], [ 92.3506002, 27.3275747 ], [ 92.3505672, 27.3272168 ], [ 92.350168, 27.3262145 ], [ 92.3499849, 27.3257525 ], [ 92.349467, 27.3251615 ], [ 92.3493655, 27.3247315 ], [ 92.3493564, 27.3245702 ], [ 92.3494196, 27.3244237 ], [ 92.3496199, 27.3243461 ], [ 92.3503283, 27.324696 ], [ 92.3504968, 27.3250735 ], [ 92.3508337, 27.3253534 ], [ 92.3509949, 27.325438 ], [ 92.3514271, 27.3256332 ], [ 92.3516176, 27.3258545 ], [ 92.3517787, 27.3260302 ], [ 92.3518548, 27.326226 ], [ 92.3521351, 27.3263765 ], [ 92.3523794, 27.3265118 ], [ 92.3526358, 27.3271365 ], [ 92.3526871, 27.3274879 ], [ 92.3526358, 27.3278264 ], [ 92.3525845, 27.3281322 ], [ 92.3526724, 27.328399 ], [ 92.3528043, 27.3287244 ], [ 92.3530162, 27.3290545 ], [ 92.3531632, 27.3290824 ], [ 92.3535734, 27.3289131 ], [ 92.3540789, 27.3287505 ], [ 92.3545624, 27.3286463 ], [ 92.3548554, 27.3286789 ], [ 92.3551191, 27.3287374 ], [ 92.3556392, 27.3289262 ], [ 92.3559489, 27.3290408 ], [ 92.3561172, 27.3291628 ], [ 92.3562726, 27.3291743 ], [ 92.356485, 27.3291467 ], [ 92.3566249, 27.3291467 ], [ 92.3568087, 27.329172 ], [ 92.3569641, 27.3291904 ], [ 92.3571532, 27.3291421 ], [ 92.3575287, 27.329004 ], [ 92.3578706, 27.3289304 ], [ 92.3578991, 27.3289235 ], [ 92.358026, 27.328958 ], [ 92.3581633, 27.32908 ], [ 92.3582539, 27.3293653 ], [ 92.3583886, 27.3294918 ], [ 92.3585647, 27.3295286 ], [ 92.3586942, 27.3295033 ], [ 92.3588237, 27.3294435 ], [ 92.3588522, 27.3293008 ], [ 92.3589014, 27.3291191 ], [ 92.3590697, 27.3288315 ], [ 92.3592795, 27.3285301 ], [ 92.3595281, 27.3283759 ], [ 92.3597975, 27.3282678 ], [ 92.3600642, 27.3282033 ], [ 92.3602378, 27.3282355 ], [ 92.3603517, 27.3282862 ], [ 92.3605019, 27.3283782 ], [ 92.3605926, 27.328484 ], [ 92.3606858, 27.328629 ], [ 92.3609319, 27.3287348 ], [ 92.3611727, 27.3287302 ], [ 92.3614473, 27.3287026 ], [ 92.3615923, 27.3287049 ], [ 92.3617477, 27.3287394 ], [ 92.3618306, 27.3288315 ], [ 92.3620585, 27.3290523 ], [ 92.3622216, 27.3290546 ], [ 92.3624806, 27.3289695 ], [ 92.3627293, 27.328866 ], [ 92.3629598, 27.3287509 ], [ 92.3632447, 27.3284679 ], [ 92.3633897, 27.3282977 ], [ 92.363514, 27.3281573 ], [ 92.3636901, 27.3280515 ], [ 92.3638973, 27.3280009 ], [ 92.3640631, 27.3279963 ], [ 92.3642081, 27.3280009 ], [ 92.3644464, 27.3279848 ], [ 92.3647779, 27.3280216 ], [ 92.3648685, 27.3281251 ], [ 92.3650446, 27.3281412 ], [ 92.3653088, 27.3280561 ], [ 92.3656403, 27.3279778 ], [ 92.3660469, 27.3279203 ], [ 92.3666426, 27.327895 ], [ 92.3668705, 27.3279157 ], [ 92.3670518, 27.3279111 ], [ 92.3674481, 27.327803 ], [ 92.3677174, 27.3277593 ], [ 92.3678676, 27.3277478 ], [ 92.3681836, 27.3276787 ], [ 92.3683364, 27.3276419 ], [ 92.3688078, 27.3275292 ], [ 92.3694578, 27.3274947 ], [ 92.3697479, 27.3274924 ], [ 92.3700458, 27.3274394 ], [ 92.3705845, 27.3273359 ], [ 92.3709211, 27.3272554 ], [ 92.3713278, 27.327138 ], [ 92.3714624, 27.3270506 ], [ 92.3716256, 27.3268458 ], [ 92.3719675, 27.326335 ], [ 92.3724181, 27.3262039 ], [ 92.3729128, 27.3260497 ], [ 92.3733919, 27.3258311 ], [ 92.3737105, 27.325624 ], [ 92.3737752, 27.3255182 ], [ 92.37377, 27.325318 ], [ 92.373682, 27.3251455 ], [ 92.3736328, 27.324897 ], [ 92.3735991, 27.3245932 ], [ 92.3736768, 27.3243746 ], [ 92.3737338, 27.3240226 ], [ 92.3738685, 27.3235026 ], [ 92.3740083, 27.3232127 ], [ 92.3741223, 27.3230171 ], [ 92.3741792, 27.3228491 ], [ 92.3741585, 27.3226835 ], [ 92.374086, 27.3224948 ], [ 92.3737001, 27.3219517 ], [ 92.3732961, 27.3214892 ], [ 92.3730837, 27.3209623 ], [ 92.3729801, 27.3205596 ], [ 92.3728869, 27.32018 ], [ 92.3727289, 27.3199085 ], [ 92.3727703, 27.319706 ], [ 92.3728791, 27.319538 ], [ 92.3730552, 27.3194114 ], [ 92.3733479, 27.3190594 ], [ 92.373467, 27.3188707 ], [ 92.3736017, 27.3186429 ], [ 92.3738555, 27.3184266 ], [ 92.3740083, 27.3183529 ], [ 92.3741016, 27.3182218 ], [ 92.3741067, 27.3180791 ], [ 92.3740782, 27.3178973 ], [ 92.3741016, 27.3176005 ], [ 92.374187, 27.3174164 ], [ 92.3742022, 27.317322 ], [ 92.3742233, 27.3171909 ], [ 92.3741844, 27.3168665 ], [ 92.3742099, 27.3166561 ], [ 92.3742544, 27.3162889 ], [ 92.3743994, 27.3158425 ], [ 92.3745392, 27.3156101 ], [ 92.3745496, 27.3154536 ], [ 92.3744667, 27.3153638 ], [ 92.3743735, 27.3153546 ], [ 92.3742129, 27.3153753 ], [ 92.374042, 27.3153799 ], [ 92.3738581, 27.315373 ], [ 92.3737001, 27.3153362 ], [ 92.3733557, 27.3151613 ], [ 92.3731925, 27.3150578 ], [ 92.3730759, 27.3150164 ], [ 92.372962, 27.3149772 ], [ 92.3727936, 27.3149151 ], [ 92.3725865, 27.3148254 ], [ 92.3722161, 27.3145607 ], [ 92.3719882, 27.3145101 ], [ 92.3718483, 27.3144319 ], [ 92.3717344, 27.3143398 ], [ 92.3716023, 27.3141557 ], [ 92.3714909, 27.3139371 ], [ 92.3712578, 27.3133365 ], [ 92.3709807, 27.3127497 ], [ 92.3705715, 27.3121975 ], [ 92.3704213, 27.3120824 ], [ 92.3702814, 27.3120203 ], [ 92.3700976, 27.3119673 ], [ 92.3698204, 27.3119144 ], [ 92.3695252, 27.3118546 ], [ 92.3693128, 27.3117579 ], [ 92.3692083, 27.311675 ], [ 92.3691992, 27.311565 ], [ 92.3693284, 27.3114542 ], [ 92.3694553, 27.3114173 ], [ 92.3697764, 27.3113368 ], [ 92.3701597, 27.3111205 ], [ 92.3707062, 27.3108743 ], [ 92.3708642, 27.3107661 ], [ 92.3710532, 27.3105889 ], [ 92.3711594, 27.3104416 ], [ 92.3716541, 27.3101356 ], [ 92.3720244, 27.3096891 ], [ 92.3725217, 27.3092473 ], [ 92.3727729, 27.3090747 ], [ 92.3730138, 27.3089873 ], [ 92.373423, 27.3088975 ], [ 92.3736146, 27.3087617 ], [ 92.3737985, 27.3086697 ], [ 92.3747573, 27.3090286 ], [ 92.3752408, 27.3091393 ], [ 92.3756607, 27.3090493 ], [ 92.3761268, 27.309115 ], [ 92.3764568, 27.3092283 ], [ 92.3768084, 27.3091653 ], [ 92.3773138, 27.3091979 ], [ 92.3777973, 27.3093346 ], [ 92.3780681, 27.309388 ], [ 92.378691, 27.3093215 ], [ 92.3792007, 27.3093815 ], [ 92.3795774, 27.3095689 ], [ 92.3797678, 27.3097576 ], [ 92.3801048, 27.3099399 ], [ 92.3804472, 27.3101652 ], [ 92.3807787, 27.3102393 ], [ 92.3810864, 27.3103825 ], [ 92.3813355, 27.310428 ], [ 92.3818314, 27.310545 ], [ 92.3821784, 27.3105358 ], [ 92.3823474, 27.3104114 ], [ 92.3824789, 27.3101584 ], [ 92.3826861, 27.3100341 ], [ 92.3829347, 27.3100065 ], [ 92.3831833, 27.3099927 ], [ 92.3834527, 27.3099467 ], [ 92.383577, 27.3097396 ], [ 92.3836132, 27.309445 ], [ 92.383665, 27.3090814 ], [ 92.3836123, 27.3087518 ], [ 92.3834682, 27.3086672 ], [ 92.3832714, 27.308635 ], [ 92.383002, 27.3086074 ], [ 92.3827482, 27.3085107 ], [ 92.3826084, 27.3084003 ], [ 92.3824167, 27.3083036 ], [ 92.3821422, 27.3083082 ], [ 92.381878, 27.3082898 ], [ 92.3816087, 27.3082208 ], [ 92.381101, 27.3079492 ], [ 92.3805157, 27.3074705 ], [ 92.3802153, 27.3070977 ], [ 92.3800962, 27.3069412 ], [ 92.3798893, 27.306663 ], [ 92.3797369, 27.3063637 ], [ 92.379623, 27.3062098 ], [ 92.3794901, 27.3060852 ], [ 92.3793547, 27.3059908 ], [ 92.3793281, 27.3059242 ], [ 92.3793609, 27.3058438 ], [ 92.3794795, 27.3057496 ], [ 92.3796105, 27.305708 ], [ 92.3798515, 27.3058052 ], [ 92.3801894, 27.3059195 ], [ 92.3806815, 27.306099 ], [ 92.3810078, 27.306168 ], [ 92.3812668, 27.3061772 ], [ 92.3817433, 27.3062647 ], [ 92.3821474, 27.3064718 ], [ 92.3824322, 27.3064304 ], [ 92.3827068, 27.3063521 ], [ 92.3837427, 27.3059977 ], [ 92.3840328, 27.3059057 ], [ 92.384613, 27.3060391 ], [ 92.3851724, 27.3060069 ], [ 92.3853796, 27.3061358 ], [ 92.3858147, 27.3061404 ], [ 92.3862463, 27.3062286 ], [ 92.3865468, 27.3066152 ], [ 92.3866038, 27.306896 ], [ 92.3867902, 27.3070801 ], [ 92.3870596, 27.3071721 ], [ 92.3872927, 27.3072365 ], [ 92.3876501, 27.3072826 ], [ 92.3879298, 27.3071031 ], [ 92.388137, 27.3069098 ], [ 92.3884167, 27.3068131 ], [ 92.3886757, 27.3068131 ], [ 92.3889554, 27.3068315 ], [ 92.3891315, 27.3067855 ], [ 92.389204, 27.3065738 ], [ 92.389261, 27.3064127 ], [ 92.3894009, 27.3061918 ], [ 92.3895303, 27.3061319 ], [ 92.3898722, 27.3060905 ], [ 92.3900898, 27.305865 ], [ 92.3905715, 27.3054599 ], [ 92.3907528, 27.3052574 ], [ 92.3910325, 27.3051516 ], [ 92.3912449, 27.3050549 ], [ 92.3918043, 27.304903 ], [ 92.3922601, 27.3044473 ], [ 92.3925916, 27.3040607 ], [ 92.392804, 27.3039134 ], [ 92.39312, 27.3038168 ], [ 92.3933116, 27.3037477 ], [ 92.3935861, 27.303582 ], [ 92.3936638, 27.3034301 ], [ 92.393669, 27.303223 ], [ 92.3935706, 27.3028318 ], [ 92.3934307, 27.3026523 ], [ 92.3932546, 27.3025878 ], [ 92.3930112, 27.302436 ], [ 92.3929179, 27.3021368 ], [ 92.3927315, 27.3017732 ], [ 92.3925191, 27.3016351 ], [ 92.3924466, 27.3014786 ], [ 92.3923067, 27.3011748 ], [ 92.3920892, 27.3008066 ], [ 92.3918975, 27.3006363 ], [ 92.3916385, 27.3004613 ], [ 92.3913847, 27.3002772 ], [ 92.3912656, 27.3001668 ], [ 92.3911154, 27.3001161 ], [ 92.3908771, 27.3000839 ], [ 92.3905456, 27.2999044 ], [ 92.3904109, 27.2996466 ], [ 92.3902728, 27.2993653 ], [ 92.3902754, 27.2990753 ], [ 92.3902754, 27.2987945 ], [ 92.3902417, 27.2985299 ], [ 92.390309, 27.298012 ], [ 92.3902857, 27.2978694 ], [ 92.3901614, 27.297676 ], [ 92.3899283, 27.297439 ], [ 92.3898788, 27.2973163 ], [ 92.3899231, 27.2972157 ], [ 92.3899827, 27.2971697 ], [ 92.3900992, 27.2971214 ], [ 92.3901743, 27.2970339 ], [ 92.3902313, 27.2968682 ], [ 92.39048, 27.2964792 ], [ 92.3906535, 27.296355 ], [ 92.3908374, 27.2962238 ], [ 92.3908995, 27.2960627 ], [ 92.3909591, 27.295821 ], [ 92.3912233, 27.2952963 ], [ 92.3914693, 27.2950523 ], [ 92.3916273, 27.2945989 ], [ 92.391648, 27.2943526 ], [ 92.3916558, 27.2941915 ], [ 92.3917671, 27.2939729 ], [ 92.3918241, 27.2937289 ], [ 92.3918837, 27.2932801 ], [ 92.3918759, 27.2928819 ], [ 92.3919925, 27.2924492 ], [ 92.3919717, 27.2922306 ], [ 92.3919329, 27.2919682 ], [ 92.3919175, 27.2918066 ], [ 92.3920379, 27.2916304 ], [ 92.3922774, 27.291448 ], [ 92.3925104, 27.2913514 ], [ 92.3925959, 27.2912133 ], [ 92.392785, 27.2908565 ], [ 92.3928756, 27.2905596 ], [ 92.3929637, 27.2903893 ], [ 92.3929986, 27.2902954 ], [ 92.3931014, 27.2902079 ], [ 92.3932056, 27.2902031 ], [ 92.3933608, 27.2901882 ], [ 92.3934682, 27.290217 ], [ 92.3936949, 27.2902527 ], [ 92.3937855, 27.2903194 ], [ 92.3938304, 27.2906134 ], [ 92.3937938, 27.2908413 ], [ 92.3938084, 27.2910528 ], [ 92.3938634, 27.2912123 ], [ 92.3940135, 27.2915346 ], [ 92.3940099, 27.2917852 ], [ 92.393922, 27.2920163 ], [ 92.3938414, 27.2922409 ], [ 92.3938487, 27.2924069 ], [ 92.3939293, 27.292612 ], [ 92.3939916, 27.2929602 ], [ 92.3940831, 27.2931979 ], [ 92.3943065, 27.2933801 ], [ 92.3944164, 27.2935689 ], [ 92.3944714, 27.2938586 ], [ 92.3944421, 27.2941353 ], [ 92.3945043, 27.2942655 ], [ 92.3946692, 27.2942883 ], [ 92.3949329, 27.2943664 ], [ 92.3950391, 27.2944705 ], [ 92.3950611, 27.2946886 ], [ 92.3950574, 27.2948676 ], [ 92.3950501, 27.2950955 ], [ 92.3950721, 27.2954405 ], [ 92.3952149, 27.2956716 ], [ 92.3953953, 27.2957283 ], [ 92.3955262, 27.2956784 ], [ 92.3955437, 27.2955624 ], [ 92.3954273, 27.2952094 ], [ 92.3953761, 27.294962 ], [ 92.3954347, 27.2947049 ], [ 92.3955152, 27.2945584 ], [ 92.3955848, 27.2943761 ], [ 92.3955775, 27.2942101 ], [ 92.3954859, 27.2941027 ], [ 92.3953175, 27.2940311 ], [ 92.3951453, 27.2939367 ], [ 92.3950611, 27.2937186 ], [ 92.3950904, 27.2935233 ], [ 92.3951673, 27.2933346 ], [ 92.3953248, 27.2931328 ], [ 92.3953834, 27.292791 ], [ 92.3953724, 27.2924688 ], [ 92.3953724, 27.2921758 ], [ 92.3953248, 27.2919089 ], [ 92.3952186, 27.2914532 ], [ 92.3951526, 27.2911733 ], [ 92.3950867, 27.2909682 ], [ 92.3949732, 27.2906167 ], [ 92.3950134, 27.2904051 ], [ 92.3950684, 27.2901968 ], [ 92.3950794, 27.2899657 ], [ 92.3950264, 27.2896264 ], [ 92.395116, 27.2895067 ], [ 92.3951856, 27.2894937 ], [ 92.3952919, 27.2895503 ], [ 92.3953468, 27.2896857 ], [ 92.3953358, 27.2901187 ], [ 92.3951966, 27.2904442 ], [ 92.3952588, 27.2907469 ], [ 92.3954749, 27.2911245 ], [ 92.3955262, 27.2913393 ], [ 92.3955262, 27.2915899 ], [ 92.3955775, 27.2917527 ], [ 92.3957789, 27.2919707 ], [ 92.3960427, 27.2922572 ], [ 92.3961342, 27.2925046 ], [ 92.3961522, 27.2928677 ], [ 92.3962429, 27.293416 ], [ 92.3965086, 27.2936222 ], [ 92.3968231, 27.2938085 ], [ 92.3971263, 27.2941345 ], [ 92.3974145, 27.2943042 ], [ 92.397845, 27.2943441 ], [ 92.3981258, 27.2945005 ], [ 92.3982868, 27.294923 ], [ 92.3984627, 27.295239 ], [ 92.398706, 27.2956282 ], [ 92.3987996, 27.2959775 ], [ 92.3989606, 27.2964565 ], [ 92.3990504, 27.2965896 ], [ 92.3991552, 27.2966062 ], [ 92.3991852, 27.2965097 ], [ 92.399159, 27.2964099 ], [ 92.3990579, 27.2959609 ], [ 92.3988857, 27.2953754 ], [ 92.3988333, 27.29473 ], [ 92.3988745, 27.2945005 ], [ 92.3989531, 27.2941844 ], [ 92.3989493, 27.2940148 ], [ 92.3989456, 27.2938518 ], [ 92.3988932, 27.293732 ], [ 92.3988183, 27.2936356 ], [ 92.3986761, 27.2935524 ], [ 92.3984927, 27.2934992 ], [ 92.3982905, 27.2934093 ], [ 92.398167, 27.2932563 ], [ 92.398006, 27.2931565 ], [ 92.3978376, 27.2931 ], [ 92.3976129, 27.2930966 ], [ 92.3973921, 27.2930966 ], [ 92.3972648, 27.2929569 ], [ 92.3971937, 27.2926841 ], [ 92.3971862, 27.2921618 ], [ 92.3971825, 27.2919057 ], [ 92.3972199, 27.2916795 ], [ 92.3973509, 27.2913701 ], [ 92.397452, 27.2911339 ], [ 92.3975644, 27.2906384 ] ] } },
{ "type": "Feature", "properties": { "element": "way", "id": 238560167, "highway": "trunk", "ref": "NH13", "ref:old": "NH229", "source": null, "name": null, "name:en": null, "surface": null, "bridge": null, "bridge:structure": null, "layer": null, "name:zh": null, "sidewalk": null, "smoothness": null, "lanes": null, "route": null, "alt_name": null, "service": null, "oneway": null }, "geometry": { "type": "LineString", "coordinates": [ [ 92.5538357, 27.2091652 ], [ 92.553758, 27.2091223 ], [ 92.5537286, 27.2089076 ], [ 92.5538924, 27.2085156 ], [ 92.5539113, 27.2083775 ], [ 92.5538105, 27.2080806 ], [ 92.5535691, 27.2076345 ], [ 92.5534201, 27.2073862 ], [ 92.5532396, 27.2072163 ], [ 92.5531346, 27.2069848 ], [ 92.5530338, 27.2067981 ], [ 92.552847, 27.2066114 ], [ 92.5526098, 27.2064584 ], [ 92.5523957, 27.2063034 ], [ 92.5520809, 27.2059898 ], [ 92.5517954, 27.2056052 ], [ 92.5515876, 27.2053028 ], [ 92.5513546, 27.2049817 ], [ 92.5510838, 27.2046979 ], [ 92.5508529, 27.2045187 ], [ 92.5505779, 27.2043525 ], [ 92.5502295, 27.2041509 ], [ 92.5500637, 27.2040352 ], [ 92.5497488, 27.2038728 ], [ 92.5492765, 27.2037458 ], [ 92.5488945, 27.2036655 ], [ 92.5485334, 27.2036021 ], [ 92.5483739, 27.2035703 ], [ 92.5482669, 27.2035666 ], [ 92.5481766, 27.2036525 ], [ 92.5479709, 27.2037831 ], [ 92.54757, 27.2038821 ], [ 92.5471502, 27.2039456 ], [ 92.5465834, 27.2040184 ], [ 92.5463861, 27.2040445 ], [ 92.5459852, 27.2041547 ], [ 92.5455402, 27.2041547 ], [ 92.54507, 27.2041845 ], [ 92.5446691, 27.2041603 ], [ 92.5444088, 27.2041379 ], [ 92.5439848, 27.2041192 ], [ 92.5438315, 27.2041341 ], [ 92.5436321, 27.2041323 ], [ 92.5434432, 27.2041621 ], [ 92.5433424, 27.2042405 ], [ 92.5432816, 27.2043171 ], [ 92.5431913, 27.2045598 ], [ 92.5429478, 27.2048809 ], [ 92.5426875, 27.2051497 ], [ 92.5425616, 27.2053102 ], [ 92.5423517, 27.2054895 ], [ 92.5421628, 27.2056519 ], [ 92.5420725, 27.2057602 ], [ 92.5420473, 27.2058442 ], [ 92.5421208, 27.2061522 ], [ 92.5421292, 27.2062586 ], [ 92.542083, 27.2063594 ], [ 92.5419319, 27.2065797 ], [ 92.5416422, 27.206884 ], [ 92.5413798, 27.2069829 ], [ 92.5411636, 27.2071024 ], [ 92.5410251, 27.2072518 ], [ 92.5409831, 27.2073339 ], [ 92.5408865, 27.2074945 ], [ 92.5408424, 27.2075859 ], [ 92.54079, 27.2076419 ], [ 92.5406619, 27.2076419 ], [ 92.5405213, 27.2075766 ], [ 92.5403471, 27.2074851 ], [ 92.5401644, 27.2074011 ], [ 92.5398328, 27.2073134 ], [ 92.5396292, 27.2073171 ], [ 92.5395158, 27.2073246 ], [ 92.5394151, 27.2073022 ], [ 92.5392996, 27.2072406 ], [ 92.5391464, 27.20722 ], [ 92.5387875, 27.2071995 ], [ 92.5384033, 27.207108 ], [ 92.5382417, 27.2070352 ], [ 92.5379772, 27.2068859 ], [ 92.537803, 27.2068485 ], [ 92.5375805, 27.2067776 ], [ 92.5374168, 27.2066562 ], [ 92.5370872, 27.2062642 ], [ 92.5370053, 27.206085 ], [ 92.5369781, 27.2058964 ], [ 92.5368941, 27.2054428 ], [ 92.5367933, 27.2050694 ], [ 92.5366653, 27.2046755 ], [ 92.5366128, 27.2043936 ], [ 92.5366002, 27.2042424 ], [ 92.5364932, 27.2040949 ], [ 92.5364151, 27.2038323 ], [ 92.5364716, 27.2036659 ], [ 92.5364716, 27.203489 ], [ 92.5363587, 27.2033016 ], [ 92.5360471, 27.2030085 ], [ 92.5360055, 27.2029082 ], [ 92.5359906, 27.2027947 ], [ 92.535958, 27.2027102 ], [ 92.5357146, 27.2024514 ], [ 92.5355157, 27.2022719 ], [ 92.535106, 27.202029 ], [ 92.5346221, 27.2020079 ], [ 92.534248, 27.2020567 ], [ 92.5338829, 27.2020924 ], [ 92.5336751, 27.2020752 ], [ 92.5332506, 27.2019564 ], [ 92.5330576, 27.2019155 ], [ 92.532385, 27.2018315 ], [ 92.5321713, 27.2018447 ], [ 92.5319041, 27.2018473 ], [ 92.531634, 27.2018156 ], [ 92.531257, 27.2018077 ], [ 92.5311086, 27.2018262 ], [ 92.5309394, 27.2018526 ], [ 92.5307909, 27.2019212 ], [ 92.5306722, 27.2020136 ], [ 92.5305267, 27.2021272 ], [ 92.5303872, 27.2022433 ], [ 92.5301824, 27.2024229 ], [ 92.5300102, 27.2026024 ], [ 92.5296764, 27.2029691 ], [ 92.5295534, 27.2035176 ] ] } },
{ "type": "Feature", "properties": { "element": "way", "id": 288458011, "highway": "trunk", "ref": "NH13", "ref:old": "NH229", "source": null, "name": null, "name:en": null, "surface": null, "bridge": null, "bridge:structure": null, "layer": null, "name:zh": null, "sidewalk": null, "smoothness": null, "lanes": null, "route": null, "alt_name": null, "service": null, "oneway": null }, "geometry": { "type": "LineString", "coordinates": [ [ 92.3975644, 27.2906384 ], [ 92.3975437, 27.2905187 ], [ 92.3974557, 27.2904174 ], [ 92.3973624, 27.2903576 ], [ 92.3972537, 27.29033 ], [ 92.3971138, 27.2902701 ], [ 92.3969688, 27.290132 ], [ 92.3970361, 27.2900261 ], [ 92.397176, 27.2900123 ], [ 92.3973158, 27.2900676 ], [ 92.3976007, 27.2902379 ], [ 92.3978649, 27.2903944 ], [ 92.397927, 27.2905141 ], [ 92.3978752, 27.290735 ], [ 92.397782, 27.2909238 ], [ 92.397725, 27.2910481 ], [ 92.397725, 27.291246 ], [ 92.397725, 27.2914117 ], [ 92.3976629, 27.2915774 ], [ 92.3977406, 27.2920608 ], [ 92.3977406, 27.292314 ], [ 92.3978234, 27.2925395 ], [ 92.3980928, 27.2925901 ], [ 92.3983466, 27.2925994 ], [ 92.398647, 27.2926132 ], [ 92.3989526, 27.2927513 ], [ 92.3993049, 27.2929262 ], [ 92.3994342, 27.2930054 ], [ 92.3994659, 27.2932064 ], [ 92.3994996, 27.2934293 ], [ 92.3996718, 27.2935291 ], [ 92.3998365, 27.2936023 ], [ 92.3999601, 27.2937187 ], [ 92.4000611, 27.2938451 ], [ 92.4001427, 27.2941534 ], [ 92.4001577, 27.2945027 ], [ 92.4001801, 27.2947123 ], [ 92.400285, 27.2949019 ], [ 92.4005657, 27.2952345 ], [ 92.4008016, 27.2955472 ], [ 92.4008839, 27.2956238 ], [ 92.4010636, 27.2957169 ], [ 92.4012433, 27.29584 ], [ 92.4013968, 27.2959731 ], [ 92.4014679, 27.2961327 ], [ 92.4014679, 27.2963323 ], [ 92.4014866, 27.296472 ], [ 92.4016026, 27.296482 ], [ 92.4018273, 27.2965452 ], [ 92.4022091, 27.2967648 ], [ 92.4023962, 27.2969677 ], [ 92.4026508, 27.2971074 ], [ 92.4031562, 27.2972804 ], [ 92.403654, 27.2975365 ], [ 92.4039535, 27.2978459 ], [ 92.4040471, 27.2982418 ], [ 92.4041407, 27.2983815 ], [ 92.4042492, 27.2984813 ], [ 92.4044589, 27.2985545 ], [ 92.4052824, 27.298754 ], [ 92.4055407, 27.2988804 ], [ 92.4060386, 27.2991432 ], [ 92.4063231, 27.2992131 ], [ 92.4065477, 27.2992231 ], [ 92.4067236, 27.2992563 ], [ 92.4068285, 27.2993561 ], [ 92.4068285, 27.2994692 ], [ 92.4067124, 27.2996522 ], [ 92.406091, 27.3006102 ], [ 92.4060759, 27.3006741 ], [ 92.4060573, 27.3007532 ], [ 92.4061247, 27.3007898 ], [ 92.40666, 27.300873 ], [ 92.4068734, 27.3009196 ], [ 92.4072589, 27.3011158 ], [ 92.4075959, 27.3014751 ], [ 92.4075509, 27.301698 ], [ 92.4075846, 27.3019009 ], [ 92.4077718, 27.3023433 ], [ 92.4077943, 27.3029054 ], [ 92.4077381, 27.303095 ], [ 92.4075622, 27.3031982 ], [ 92.4074386, 27.3032946 ], [ 92.4074012, 27.3034443 ], [ 92.4075247, 27.3036838 ], [ 92.4080001, 27.3043092 ], [ 92.4081836, 27.3044289 ], [ 92.4085092, 27.3045154 ], [ 92.4086665, 27.3046584 ], [ 92.4088761, 27.3048979 ], [ 92.4089659, 27.3050044 ], [ 92.4091681, 27.305021 ], [ 92.4093478, 27.3050642 ], [ 92.4095874, 27.3052671 ], [ 92.4097858, 27.3056829 ], [ 92.4099392, 27.3059224 ], [ 92.4098194, 27.3063715 ], [ 92.409636, 27.3065611 ], [ 92.4096809, 27.3067673 ], [ 92.409797, 27.3069136 ], [ 92.4102986, 27.3072363 ], [ 92.4105007, 27.3074126 ], [ 92.4106879, 27.3077319 ], [ 92.4108901, 27.3079714 ], [ 92.4110697, 27.3080712 ], [ 92.4112681, 27.3080845 ], [ 92.4115901, 27.3080812 ], [ 92.4119794, 27.3082475 ], [ 92.4123425, 27.3083838 ], [ 92.4127318, 27.3083838 ], [ 92.4130538, 27.3084404 ], [ 92.4133008, 27.3084903 ], [ 92.4137276, 27.3085335 ], [ 92.4139859, 27.3085568 ], [ 92.4141081, 27.3085879 ] ] } },
{ "type": "Feature", "properties": { "element": "way", "id": 288458014, "highway": "trunk", "ref": "NH13", "ref:old": "NH229", "source": null, "name": null, "name:en": null, "surface": null, "bridge": null, "bridge:structure": null, "layer": null, "name:zh": null, "sidewalk": null, "smoothness": null, "lanes": null, "route": null, "alt_name": null, "service": null, "oneway": null }, "geometry": { "type": "LineString", "coordinates": [ [ 92.4141081, 27.3085879 ], [ 92.4144966, 27.3087351 ], [ 92.4147504, 27.3087305 ], [ 92.4149679, 27.3087443 ], [ 92.4151803, 27.3088272 ], [ 92.415403, 27.3089883 ], [ 92.4156569, 27.3092046 ], [ 92.4159676, 27.3093151 ], [ 92.4162111, 27.3093887 ], [ 92.4165219, 27.3093381 ], [ 92.4168327, 27.3091171 ], [ 92.417102, 27.3088042 ], [ 92.417273, 27.3085464 ], [ 92.4173403, 27.3083946 ], [ 92.4173662, 27.3080356 ], [ 92.4172937, 27.3076628 ], [ 92.4170813, 27.3070644 ], [ 92.4170761, 27.3066962 ], [ 92.4171279, 27.3063418 ], [ 92.4172781, 27.3059138 ], [ 92.4173973, 27.3054535 ] ] } },
{ "type": "Feature", "properties": { "element": "way", "id": 288458015, "highway": "trunk", "ref": "NH13", "ref:old": "NH229", "source": null, "name": null, "name:en": null, "surface": null, "bridge": null, "bridge:structure": null, "layer": null, "name:zh": null, "sidewalk": null, "smoothness": null, "lanes": null, "route": null, "alt_name": null, "service": null, "oneway": null }, "geometry": { "type": "LineString", "coordinates": [ [ 92.4173973, 27.3054535 ], [ 92.4174492, 27.3051491 ], [ 92.4174164, 27.3048721 ], [ 92.4174, 27.3046437 ], [ 92.4174546, 27.3045076 ], [ 92.4178593, 27.3040557 ], [ 92.4184664, 27.3035746 ], [ 92.4187453, 27.3033462 ], [ 92.418871, 27.303249 ], [ 92.4190679, 27.3032004 ], [ 92.4193195, 27.3031859 ], [ 92.4196804, 27.3031956 ], [ 92.4199976, 27.3032247 ], [ 92.4202929, 27.3032199 ], [ 92.4209218, 27.302904 ], [ 92.4210859, 27.3026999 ], [ 92.421609, 27.3015398 ], [ 92.4218371, 27.3013508 ], [ 92.4220034, 27.301282 ], [ 92.4221736, 27.3012511 ], [ 92.4223205, 27.3012099 ], [ 92.4223824, 27.3010724 ], [ 92.4224017, 27.3009281 ], [ 92.422452, 27.3007769 ], [ 92.4227227, 27.3007219 ], [ 92.4230011, 27.300691 ], [ 92.4231867, 27.3005811 ], [ 92.4232795, 27.300344 ], [ 92.4233646, 27.3001103 ], [ 92.4235309, 27.2997873 ], [ 92.4234883, 27.2996464 ], [ 92.4234381, 27.2995364 ], [ 92.4231635, 27.29932 ], [ 92.4226531, 27.2989866 ], [ 92.4228008, 27.2986498 ], [ 92.4229525, 27.2983765 ], [ 92.423094, 27.298152 ], [ 92.423207, 27.2978961 ], [ 92.4234044, 27.29764 ], [ 92.423511, 27.2973603 ], [ 92.4235562, 27.2972672 ], [ 92.4236237, 27.2971345 ], [ 92.423759, 27.2968458 ], [ 92.4238596, 27.2966568 ], [ 92.4238596, 27.2964369 ], [ 92.4239485, 27.2962513 ], [ 92.4240529, 27.2961585 ], [ 92.4244512, 27.2960486 ], [ 92.4249114, 27.296028 ], [ 92.4250544, 27.2959867 ], [ 92.4251086, 27.2956122 ], [ 92.4251357, 27.2954541 ], [ 92.4252053, 27.2953269 ], [ 92.4253909, 27.2952788 ], [ 92.4257776, 27.2950795 ], [ 92.4259902, 27.294997 ], [ 92.4262919, 27.2949249 ], [ 92.4264079, 27.2948321 ], [ 92.426462, 27.2946809 ], [ 92.4265432, 27.2945022 ], [ 92.4266979, 27.2944369 ], [ 92.4268255, 27.2943647 ], [ 92.4271851, 27.2942101 ], [ 92.4273708, 27.2941276 ], [ 92.4275216, 27.2939764 ], [ 92.4278348, 27.2938321 ], [ 92.4280397, 27.2938012 ], [ 92.428295, 27.293808 ], [ 92.428496, 27.2938115 ], [ 92.4286275, 27.2938424 ], [ 92.4287667, 27.2938905 ], [ 92.4290529, 27.2942067 ], [ 92.429312, 27.2944919 ], [ 92.429602, 27.2947462 ], [ 92.4297141, 27.2949386 ], [ 92.4298379, 27.2950452 ], [ 92.42995, 27.2950589 ], [ 92.4301124, 27.2949592 ], [ 92.4303019, 27.2947668 ], [ 92.4303947, 27.2946706 ], [ 92.4304102, 27.294485 ], [ 92.4302748, 27.2941104 ], [ 92.4301511, 27.2938802 ], [ 92.4299461, 27.2937599 ], [ 92.4298495, 27.2937531 ], [ 92.4294202, 27.2935194 ], [ 92.4292694, 27.2932513 ], [ 92.4291728, 27.2928183 ], [ 92.4290877, 27.292674 ], [ 92.4289833, 27.2925778 ], [ 92.4288557, 27.2925503 ], [ 92.428496, 27.2925366 ], [ 92.4284148, 27.2926637 ], [ 92.4283839, 27.2927874 ], [ 92.4282718, 27.2928493 ], [ 92.4280745, 27.2926843 ], [ 92.4277845, 27.2923132 ], [ 92.4276376, 27.2921173 ], [ 92.4275061, 27.291942 ], [ 92.4272083, 27.2918355 ], [ 92.4271155, 27.2917221 ], [ 92.4271542, 27.2916499 ], [ 92.4274017, 27.2915778 ], [ 92.4276762, 27.2913785 ], [ 92.4277574, 27.2912547 ], [ 92.4276724, 27.2909764 ], [ 92.4272818, 27.2905365 ], [ 92.4267327, 27.2902169 ], [ 92.4262957, 27.2900004 ], [ 92.4259052, 27.2899214 ], [ 92.4257698, 27.2899111 ], [ 92.4256268, 27.2898904 ], [ 92.4255339, 27.2897873 ], [ 92.4255533, 27.2896189 ], [ 92.4257312, 27.2894059 ], [ 92.4261063, 27.2892237 ], [ 92.4266747, 27.2891103 ], [ 92.4269261, 27.2890553 ], [ 92.4270537, 27.2889901 ], [ 92.4271271, 27.2888663 ], [ 92.4271001, 27.2887357 ], [ 92.4269493, 27.2885845 ], [ 92.4267095, 27.2885089 ], [ 92.4264543, 27.2882134 ], [ 92.4260947, 27.2878835 ], [ 92.4257892, 27.2875914 ], [ 92.425708, 27.2874814 ], [ 92.4257698, 27.2873714 ], [ 92.4261604, 27.2873164 ], [ 92.4265046, 27.2872168 ], [ 92.426636, 27.2871033 ], [ 92.4266824, 27.2869865 ], [ 92.4266244, 27.2868456 ], [ 92.4263344, 27.2866806 ], [ 92.4255649, 27.2863542 ], [ 92.4254605, 27.2862717 ], [ 92.4253909, 27.286117 ], [ 92.4254759, 27.2859864 ], [ 92.4260753, 27.2858421 ], [ 92.4263808, 27.2856393 ], [ 92.426578, 27.2854984 ], [ 92.4266322, 27.2853816 ], [ 92.4265974, 27.2852544 ], [ 92.4264117, 27.2850345 ], [ 92.4261913, 27.2847561 ], [ 92.4261913, 27.2846633 ], [ 92.4263808, 27.2844812 ], [ 92.4264775, 27.2843712 ], [ 92.4265007, 27.2842234 ], [ 92.4265471, 27.2840035 ], [ 92.4263769, 27.2835704 ], [ 92.4261372, 27.2831649 ], [ 92.4258433, 27.2829312 ], [ 92.4255842, 27.2828246 ], [ 92.4250544, 27.2828968 ], [ 92.4249075, 27.2828831 ], [ 92.4247528, 27.2827628 ], [ 92.424834, 27.2826425 ], [ 92.4248804, 27.2825875 ], [ 92.4252555, 27.2822816 ], [ 92.4253561, 27.282206 ], [ 92.4253793, 27.2821235 ], [ 92.4252671, 27.2820445 ], [ 92.4251163, 27.2819792 ], [ 92.4247451, 27.281883 ], [ 92.4245711, 27.2817902 ], [ 92.4244937, 27.2816355 ], [ 92.4245285, 27.281498 ], [ 92.4247219, 27.2813915 ], [ 92.425039, 27.2812953 ], [ 92.4252323, 27.2811853 ], [ 92.4252787, 27.2807935 ], [ 92.4254411, 27.2804567 ], [ 92.4255726, 27.2802573 ], [ 92.4257814, 27.2802505 ], [ 92.4262223, 27.280656 ], [ 92.4264466, 27.2809103 ], [ 92.4265316, 27.2810891 ], [ 92.4267172, 27.2811372 ], [ 92.4269261, 27.2810547 ], [ 92.4269879, 27.2808279 ], [ 92.4269415, 27.2804979 ], [ 92.4268522, 27.2802907 ], [ 92.4269459, 27.2797715 ], [ 92.4269761, 27.2794863 ], [ 92.4269264, 27.278745 ], [ 92.4269483, 27.2786138 ], [ 92.4270632, 27.2784631 ], [ 92.4270796, 27.2783367 ], [ 92.4268663, 27.2781763 ], [ 92.4266694, 27.2779819 ], [ 92.4265491, 27.2778361 ], [ 92.4263905, 27.2777097 ], [ 92.4262593, 27.2776563 ], [ 92.4261608, 27.2776174 ], [ 92.426035, 27.2775396 ], [ 92.4258272, 27.2773986 ], [ 92.4257015, 27.2773646 ], [ 92.4254554, 27.27735 ], [ 92.4252257, 27.2773209 ], [ 92.4250425, 27.2772893 ], [ 92.424955, 27.2772504 ], [ 92.4249686, 27.2771969 ], [ 92.4250616, 27.2771386 ], [ 92.4251847, 27.2770584 ], [ 92.4252886, 27.2769782 ], [ 92.4253405, 27.2769053 ], [ 92.4253651, 27.2767911 ], [ 92.4253241, 27.2767254 ], [ 92.4252229, 27.2766647 ], [ 92.4250479, 27.2765699 ], [ 92.4250069, 27.2764921 ], [ 92.4250124, 27.2763998 ], [ 92.4250671, 27.2763147 ], [ 92.4252093, 27.2762442 ], [ 92.4254253, 27.2762248 ], [ 92.4256823, 27.2761956 ], [ 92.4260925, 27.2761397 ], [ 92.4262026, 27.2760934 ] ] } },
{ "type": "Feature", "properties": { "element": "way", "id": 288458019, "highway": "trunk", "ref": "NH13", "ref:old": "NH229", "source": null, "name": null, "name:en": null, "surface": null, "bridge": null, "bridge:structure": null, "layer": null, "name:zh": null, "sidewalk": null, "smoothness": null, "lanes": null, "route": null, "alt_name": null, "service": null, "oneway": null }, "geometry": { "type": "LineString", "coordinates": [ [ 92.4262026, 27.2760934 ], [ 92.4262078, 27.2756008 ], [ 92.4262234, 27.2753591 ], [ 92.4262026, 27.2751704 ], [ 92.4261638, 27.2750391 ], [ 92.4261275, 27.2749379 ], [ 92.4261224, 27.2748711 ], [ 92.4261767, 27.2747859 ], [ 92.4262648, 27.2747813 ], [ 92.4264565, 27.2748366 ], [ 92.4265523, 27.2748527 ], [ 92.4266378, 27.2747675 ], [ 92.4267931, 27.274657 ], [ 92.4269278, 27.2745649 ], [ 92.4270236, 27.2746455 ], [ 92.4270677, 27.2747284 ], [ 92.4271506, 27.2748228 ], [ 92.4273422, 27.2749125 ], [ 92.4274432, 27.2750069 ], [ 92.4275779, 27.275 ], [ 92.4276918, 27.2748918 ], [ 92.4278317, 27.2747974 ], [ 92.4280104, 27.274733 ], [ 92.4280622, 27.2746708 ], [ 92.4280208, 27.2745097 ], [ 92.428, 27.274344 ], [ 92.4280648, 27.2742173 ], [ 92.4281425, 27.2740815 ], [ 92.4281088, 27.2739526 ], [ 92.4280648, 27.2738375 ], [ 92.4280544, 27.2737431 ], [ 92.4281295, 27.2736626 ], [ 92.4282694, 27.2736349 ], [ 92.428329, 27.2735521 ], [ 92.4283445, 27.2734692 ], [ 92.4283549, 27.2733932 ], [ 92.4284844, 27.2733173 ], [ 92.4285465, 27.2733081 ], [ 92.4286061, 27.2732827 ], [ 92.4286087, 27.2732597 ], [ 92.4285724, 27.273163 ], [ 92.4284481, 27.2731262 ], [ 92.4283005, 27.2730733 ], [ 92.4280674, 27.2729328 ], [ 92.4279172, 27.2728246 ], [ 92.427798, 27.2727118 ], [ 92.4277411, 27.2725714 ], [ 92.4276478, 27.2724241 ], [ 92.4273215, 27.2721432 ], [ 92.427192, 27.2719453 ], [ 92.4271091, 27.2717657 ], [ 92.4269511, 27.27157 ], [ 92.4266222, 27.2712339 ], [ 92.4263425, 27.2710981 ], [ 92.4261198, 27.2710383 ], [ 92.4259333, 27.2709738 ], [ 92.4257934, 27.2708979 ], [ 92.425708, 27.2708104 ], [ 92.4256898, 27.2707091 ], [ 92.4257209, 27.2706193 ], [ 92.4257857, 27.2705226 ], [ 92.4260237, 27.2702404 ], [ 92.4262024, 27.2700631 ], [ 92.4263578, 27.2698628 ], [ 92.4264977, 27.2696579 ], [ 92.426578, 27.2695428 ], [ 92.4265961, 27.2694738 ], [ 92.4265572, 27.269232 ], [ 92.4265495, 27.2689696 ], [ 92.4265365, 27.26879 ], [ 92.4266971, 27.2683388 ], [ 92.426811, 27.2680764 ], [ 92.4268913, 27.2677955 ], [ 92.4268991, 27.2676275 ], [ 92.4268499, 27.2674088 ], [ 92.4267877, 27.2671533 ], [ 92.426767, 27.2670059 ], [ 92.4266582, 27.2663245 ], [ 92.4266582, 27.2661081 ], [ 92.4266272, 27.2659769 ], [ 92.4265521, 27.2658019 ], [ 92.4264769, 27.2656592 ], [ 92.4262076, 27.265254 ], [ 92.4261713, 27.2650813 ], [ 92.4261558, 27.2649432 ], [ 92.4261532, 27.2648189 ], [ 92.4261403, 27.2647291 ], [ 92.4261118, 27.264591 ], [ 92.4260652, 27.2645196 ] ] } },
{ "type": "Feature", "properties": { "element": "way", "id": 338305062, "highway": "unclassified", "ref": null, "ref:old": null, "source": null, "name": null, "name:en": null, "surface": "paved", "bridge": "yes", "bridge:structure": "truss", "layer": "1", "name:zh": null, "sidewalk": null, "smoothness": null, "lanes": null, "route": null, "alt_name": null, "service": null, "oneway": null }, "geometry": { "type": "LineString", "coordinates": [ [ 92.3715929, 27.2081086 ], [ 92.3710807, 27.2079207 ] ] } },
{ "type": "Feature", "properties": { "element": "way", "id": 338305064, "highway": "secondary", "ref": null, "ref:old": null, "source": null, "name": null, "name:en": null, "surface": null, "bridge": null, "bridge:structure": null, "layer": null, "name:zh": null, "sidewalk": null, "smoothness": null, "lanes": null, "route": null, "alt_name": null, "service": null, "oneway": null }, "geometry": { "type": "LineString", "coordinates": [ [ 92.3855407, 27.2057042 ], [ 92.3854788, 27.2056975 ], [ 92.3854171, 27.2056855 ], [ 92.3852294, 27.2056927 ], [ 92.3850458, 27.2057311 ], [ 92.3848941, 27.2057643 ], [ 92.3847439, 27.2058096 ], [ 92.3844676, 27.2059432 ], [ 92.3843469, 27.20601 ], [ 92.3842584, 27.2060791 ], [ 92.3841431, 27.2062103 ], [ 92.3840653, 27.2063082 ], [ 92.3839875, 27.2063773 ], [ 92.3838695, 27.206437 ], [ 92.3837591, 27.2064747 ], [ 92.38373, 27.2064847 ], [ 92.3835315, 27.2065395 ], [ 92.3831453, 27.2066588 ], [ 92.3827135, 27.2067781 ], [ 92.3825874, 27.2068091 ], [ 92.3824855, 27.2068186 ], [ 92.3823702, 27.2068043 ], [ 92.3822709, 27.2067781 ], [ 92.3820912, 27.2067351 ], [ 92.3819812, 27.2067161 ], [ 92.381823, 27.2067113 ], [ 92.3816862, 27.2067256 ], [ 92.3815413, 27.2067638 ], [ 92.3812222, 27.2068926 ], [ 92.3810746, 27.2069451 ], [ 92.380911, 27.2069809 ], [ 92.3807474, 27.206988 ], [ 92.3806267, 27.2069761 ], [ 92.3805087, 27.2069427 ], [ 92.3803568, 27.2068797 ], [ 92.3797899, 27.2066397 ], [ 92.3796477, 27.2065777 ], [ 92.379544, 27.2065147 ], [ 92.3794063, 27.206406 ], [ 92.3790049, 27.2060663 ], [ 92.3787894, 27.2058788 ], [ 92.3787126, 27.2057991 ], [ 92.378599, 27.2056688 ], [ 92.3785275, 27.2055725 ], [ 92.3784336, 27.2055176 ], [ 92.3783173, 27.2054804 ], [ 92.3781752, 27.2054565 ], [ 92.3775673, 27.205446 ], [ 92.3774671, 27.2054398 ], [ 92.3773544, 27.2054446 ], [ 92.3772257, 27.2054589 ], [ 92.377105, 27.2054852 ], [ 92.3768958, 27.2055543 ], [ 92.3763298, 27.2057643 ], [ 92.3761689, 27.2058024 ], [ 92.3760321, 27.2058239 ], [ 92.3758658, 27.2058382 ], [ 92.3750772, 27.2059002 ], [ 92.3748439, 27.2059193 ], [ 92.3747044, 27.2059432 ], [ 92.3745917, 27.2059718 ], [ 92.3744684, 27.2060195 ], [ 92.373822, 27.206332 ], [ 92.3731192, 27.2066731 ], [ 92.3729234, 27.2067924 ], [ 92.3728242, 27.2068687 ], [ 92.3725962, 27.207062 ], [ 92.3723923, 27.2072576 ], [ 92.3722368, 27.2074102 ], [ 92.3720758, 27.2076297 ], [ 92.3718747, 27.2079326 ], [ 92.3717785, 27.2081574 ], [ 92.3717251, 27.2083234 ], [ 92.3716869, 27.2084503 ], [ 92.3716292, 27.2085587 ], [ 92.3715328, 27.2086895 ], [ 92.3714579, 27.2087995 ], [ 92.3713995, 27.2089081 ], [ 92.3713516, 27.2090113 ], [ 92.3713075, 27.2090893 ], [ 92.371246, 27.2091664 ], [ 92.3710486, 27.2093661 ], [ 92.3709171, 27.2094736 ], [ 92.3707508, 27.2095571 ], [ 92.3706339, 27.2096072 ], [ 92.3705443, 27.2096621 ], [ 92.3704424, 27.2097384 ], [ 92.3703414, 27.2098376 ], [ 92.3702385, 27.2099197 ], [ 92.3701125, 27.2099936 ], [ 92.3698979, 27.2100986 ], [ 92.3693802, 27.2103562 ], [ 92.369163, 27.2104564 ], [ 92.3690412, 27.2105011 ], [ 92.3689174, 27.2105351 ], [ 92.3686976, 27.2105839 ], [ 92.368361, 27.2106639 ], [ 92.3682, 27.2107116 ], [ 92.3680364, 27.210776 ], [ 92.3679399, 27.2108357 ], [ 92.367846, 27.2109096 ] ] } },
{ "type": "Feature", "properties": { "element": "way", "id": 338305076, "highway": "unclassified", "ref": null, "ref:old": null, "source": null, "name": null, "name:en": null, "surface": "paved", "bridge": null, "bridge:structure": null, "layer": null, "name:zh": null, "sidewalk": null, "smoothness": null, "lanes": null, "route": null, "alt_name": null, "service": null, "oneway": null }, "geometry": { "type": "LineString", "coordinates": [ [ 92.3717785, 27.2081574 ], [ 92.3716658, 27.2081304 ], [ 92.3715929, 27.2081086 ] ] } },
{ "type": "Feature", "properties": { "element": "way", "id": 338305077, "highway": "path", "ref": null, "ref:old": null, "source": null, "name": null, "name:en": null, "surface": null, "bridge": "yes", "bridge:structure": "suspension", "layer": "1", "name:zh": null, "sidewalk": null, "smoothness": null, "lanes": null, "route": null, "alt_name": null, "service": null, "oneway": null }, "geometry": { "type": "LineString", "coordinates": [ [ 92.3690476, 27.2094283 ], [ 92.3689207, 27.2101534 ] ] } },
{ "type": "Feature", "properties": { "element": "way", "id": 338306250, "highway": "road", "ref": null, "ref:old": null, "source": null, "name": null, "name:en": null, "surface": null, "bridge": null, "bridge:structure": null, "layer": null, "name:zh": null, "sidewalk": null, "smoothness": null, "lanes": null, "route": null, "alt_name": null, "service": null, "oneway": null }, "geometry": { "type": "LineString", "coordinates": [ [ 92.3837591, 27.2064747 ], [ 92.3837354, 27.2064203 ], [ 92.3837381, 27.2063726 ], [ 92.3837917, 27.2063153 ], [ 92.3839097, 27.2062509 ], [ 92.3839956, 27.2061841 ], [ 92.3840975, 27.2060791 ], [ 92.3841699, 27.2059885 ], [ 92.3842209, 27.2059026 ], [ 92.3842745, 27.2058191 ], [ 92.3843174, 27.205769 ], [ 92.3844274, 27.2056879 ], [ 92.3846822, 27.2055066 ], [ 92.3847815, 27.2054494 ], [ 92.3850041, 27.2053754 ], [ 92.3851328, 27.2053206 ], [ 92.3852321, 27.2052848 ], [ 92.385342, 27.2052657 ], [ 92.3854708, 27.205249 ], [ 92.3858222, 27.2052418 ], [ 92.3864203, 27.2052729 ], [ 92.3867717, 27.2052991 ] ] } },
{ "type": "Feature", "properties": { "element": "way", "id": 338306251, "highway": "road", "ref": null, "ref:old": null, "source": null, "name": null, "name:en": null, "surface": null, "bridge": null, "bridge:structure": null, "layer": null, "name:zh": null, "sidewalk": null, "smoothness": null, "lanes": null, "route": null, "alt_name": null, "service": null, "oneway": null }, "geometry": { "type": "LineString", "coordinates": [ [ 92.3867717, 27.2052991 ], [ 92.3870426, 27.2053182 ], [ 92.3871498, 27.2053349 ], [ 92.3872062, 27.2053611 ], [ 92.3872313, 27.2054055 ], [ 92.3872276, 27.2054422 ], [ 92.3872035, 27.2054852 ], [ 92.3871659, 27.2055019 ], [ 92.3871177, 27.2055019 ], [ 92.3870372, 27.2054852 ], [ 92.3867985, 27.2054017 ], [ 92.386777, 27.2053778 ], [ 92.3867726, 27.2053459 ], [ 92.3867717, 27.2052991 ] ] } },
{ "type": "Feature", "properties": { "element": "way", "id": 338306252, "highway": "road", "ref": null, "ref:old": null, "source": null, "name": null, "name:en": null, "surface": null, "bridge": null, "bridge:structure": null, "layer": null, "name:zh": null, "sidewalk": null, "smoothness": null, "lanes": null, "route": null, "alt_name": null, "service": null, "oneway": null }, "geometry": { "type": "LineString", "coordinates": [ [ 92.3842218, 27.2057275 ], [ 92.3842745, 27.2058191 ] ] } },
{ "type": "Feature", "properties": { "element": "way", "id": 338306253, "highway": "road", "ref": null, "ref:old": null, "source": null, "name": null, "name:en": null, "surface": null, "bridge": "yes", "bridge:structure": null, "layer": "1", "name:zh": null, "sidewalk": null, "smoothness": null, "lanes": null, "route": null, "alt_name": null, "service": null, "oneway": null }, "geometry": { "type": "LineString", "coordinates": [ [ 92.3839178, 27.2052418 ], [ 92.3842218, 27.2057275 ] ] } },
{ "type": "Feature", "properties": { "element": "way", "id": 338306254, "highway": "road", "ref": null, "ref:old": null, "source": null, "name": null, "name:en": null, "surface": null, "bridge": null, "bridge:structure": null, "layer": null, "name:zh": null, "sidewalk": null, "smoothness": null, "lanes": null, "route": null, "alt_name": null, "service": null, "oneway": null }, "geometry": { "type": "LineString", "coordinates": [ [ 92.3839178, 27.2052418 ], [ 92.3838749, 27.2052061 ], [ 92.3838185, 27.2052061 ], [ 92.3837247, 27.205249 ], [ 92.3835101, 27.2053635 ], [ 92.3832955, 27.2054494 ], [ 92.3831882, 27.2054899 ], [ 92.3831239, 27.2054947 ], [ 92.3830407, 27.2054756 ], [ 92.3829897, 27.2054422 ], [ 92.3829441, 27.2053874 ], [ 92.3829227, 27.2053253 ], [ 92.3829039, 27.2052514 ], [ 92.3828851, 27.2052061 ], [ 92.3828583, 27.2051679 ], [ 92.3828208, 27.205156 ], [ 92.3827671, 27.205156 ], [ 92.382709, 27.2051884 ], [ 92.3826232, 27.2052767 ], [ 92.3825347, 27.2053912 ], [ 92.3824694, 27.2055114 ], [ 92.3824328, 27.2056154 ], [ 92.3823862, 27.2056545 ], [ 92.3823514, 27.2056545 ], [ 92.3823272, 27.2056402 ], [ 92.3823192, 27.2055973 ], [ 92.382338, 27.2055329 ], [ 92.3824131, 27.2052943 ], [ 92.3824023, 27.2052609 ], [ 92.3823728, 27.2052371 ], [ 92.3823326, 27.2052347 ], [ 92.3822682, 27.2052657 ], [ 92.3821726, 27.2053339 ], [ 92.3821234, 27.2053826 ], [ 92.3819258, 27.2056202 ], [ 92.3818481, 27.2056989 ], [ 92.3817756, 27.2057466 ], [ 92.3816808, 27.2057857 ], [ 92.381595, 27.2058048 ], [ 92.3815092, 27.2058167 ], [ 92.3814314, 27.2058167 ], [ 92.3813536, 27.2057881 ], [ 92.3812785, 27.2057666 ], [ 92.3812302, 27.2057738 ], [ 92.3811578, 27.205812 ], [ 92.3810541, 27.2058492 ], [ 92.3809459, 27.2058668 ], [ 92.380793, 27.2058668 ], [ 92.3805704, 27.2058454 ], [ 92.3803585, 27.2058144 ], [ 92.3801546, 27.2057452 ], [ 92.3797577, 27.2056116 ], [ 92.3796048, 27.2055639 ], [ 92.3795082, 27.2055567 ], [ 92.3794251, 27.2055567 ], [ 92.3793473, 27.2055543 ], [ 92.3792963, 27.2055186 ], [ 92.3792668, 27.2054494 ], [ 92.3791917, 27.2053587 ], [ 92.379122, 27.2053182 ], [ 92.3790388, 27.2052729 ], [ 92.3789477, 27.2052204 ], [ 92.3788618, 27.2051273 ], [ 92.3787384, 27.2050248 ], [ 92.3786016, 27.2049604 ], [ 92.3784568, 27.2049246 ], [ 92.3783763, 27.2049198 ], [ 92.3783012, 27.2049365 ], [ 92.3782261, 27.2049341 ], [ 92.3781805, 27.2048792 ], [ 92.3781242, 27.2048459 ], [ 92.3780089, 27.2048363 ], [ 92.3779016, 27.2048435 ], [ 92.3777112, 27.2048649 ], [ 92.3773222, 27.2049103 ], [ 92.3770379, 27.204958 ], [ 92.3768475, 27.2049699 ], [ 92.3766946, 27.2049794 ], [ 92.3765042, 27.2050105 ], [ 92.376311, 27.2050438 ], [ 92.3761528, 27.2050558 ], [ 92.3759999, 27.205051 ], [ 92.37578, 27.2050629 ], [ 92.3754769, 27.2051202 ], [ 92.3753052, 27.2051393 ] ] } },
{ "type": "Feature", "properties": { "element": "way", "id": 338306255, "highway": "tertiary", "ref": null, "ref:old": null, "source": null, "name": null, "name:en": null, "surface": null, "bridge": null, "bridge:structure": null, "layer": null, "name:zh": null, "sidewalk": null, "smoothness": null, "lanes": null, "route": null, "alt_name": null, "service": null, "oneway": null }, "geometry": { "type": "LineString", "coordinates": [ [ 92.3979083, 27.2061678 ], [ 92.3983678, 27.2063501 ], [ 92.3985385, 27.2064155 ], [ 92.3986994, 27.2064656 ], [ 92.3988845, 27.2064847 ], [ 92.3991501, 27.2065181 ], [ 92.3992734, 27.2065348 ], [ 92.3994263, 27.2065777 ], [ 92.3995685, 27.2066111 ], [ 92.3997133, 27.206623 ], [ 92.3998287, 27.2066063 ], [ 92.3999735, 27.2065682 ], [ 92.4000808, 27.2065372 ], [ 92.4001907, 27.2065252 ], [ 92.4003141, 27.2065014 ], [ 92.4004268, 27.2064584 ], [ 92.4004984, 27.2064266 ] ] } },
{ "type": "Feature", "properties": { "element": "way", "id": 338306256, "highway": "tertiary", "ref": null, "ref:old": null, "source": null, "name": null, "name:en": null, "surface": null, "bridge": null, "bridge:structure": null, "layer": null, "name:zh": null, "sidewalk": null, "smoothness": null, "lanes": null, "route": null, "alt_name": null, "service": null, "oneway": null }, "geometry": { "type": "LineString", "coordinates": [ [ 92.3673266, 27.1938544 ], [ 92.3675841, 27.1937804 ], [ 92.3679533, 27.1936669 ], [ 92.3681732, 27.1935857 ], [ 92.3683395, 27.1934855 ], [ 92.3685309, 27.1933534 ], [ 92.3686936, 27.1932016 ], [ 92.3689037, 27.1930814 ], [ 92.3690396, 27.1930155 ], [ 92.3692112, 27.1929654 ], [ 92.3694687, 27.1929177 ], [ 92.3698925, 27.1928819 ], [ 92.3702546, 27.1928748 ], [ 92.3704477, 27.1928915 ], [ 92.3705577, 27.1929368 ], [ 92.3706103, 27.1929896 ], [ 92.3706409, 27.1930203 ], [ 92.3707106, 27.193142 ], [ 92.3707803, 27.1932231 ], [ 92.3708662, 27.1932851 ], [ 92.3709842, 27.1933257 ], [ 92.3711156, 27.1933305 ], [ 92.3712229, 27.1933138 ], [ 92.3713946, 27.1932374 ], [ 92.3716396, 27.1931339 ], [ 92.3717674, 27.1930752 ], [ 92.3718756, 27.1929931 ], [ 92.3719256, 27.1929034 ], [ 92.3719453, 27.1927832 ], [ 92.3719364, 27.1926553 ], [ 92.3719498, 27.1925599 ], [ 92.3720919, 27.1924334 ], [ 92.3722582, 27.1924 ], [ 92.3723601, 27.1924 ], [ 92.372454, 27.1924477 ], [ 92.3725694, 27.1926076 ], [ 92.3728188, 27.192975 ], [ 92.3729422, 27.1931754 ], [ 92.3730548, 27.1933305 ], [ 92.3731407, 27.1933925 ], [ 92.3732426, 27.1934164 ], [ 92.3734196, 27.1934259 ], [ 92.3736262, 27.1934426 ], [ 92.3741385, 27.1934426 ], [ 92.3743343, 27.1934402 ], [ 92.3744496, 27.1934211 ], [ 92.374573, 27.1933806 ], [ 92.3747124, 27.1933305 ], [ 92.3748385, 27.1933114 ], [ 92.3749485, 27.1933233 ], [ 92.3750611, 27.1933662 ], [ 92.3751309, 27.1934259 ], [ 92.3751845, 27.1935189 ], [ 92.3751899, 27.1936692 ], [ 92.3752113, 27.1937981 ], [ 92.3752408, 27.1939412 ], [ 92.3752757, 27.1940438 ], [ 92.375324, 27.1941321 ], [ 92.3753991, 27.1942036 ], [ 92.3755091, 27.1942871 ], [ 92.3756244, 27.1943325 ], [ 92.3757102, 27.194385 ], [ 92.3757826, 27.194447 ], [ 92.3758631, 27.1945329 ], [ 92.3761447, 27.1947547 ], [ 92.3763942, 27.1949194 ], [ 92.3765685, 27.1950291 ], [ 92.3766624, 27.1950983 ], [ 92.3767295, 27.1951746 ], [ 92.3767804, 27.1952987 ], [ 92.3768314, 27.1954204 ], [ 92.3768984, 27.1954943 ], [ 92.3770138, 27.1955897 ], [ 92.3771264, 27.1956876 ], [ 92.3772149, 27.1958212 ], [ 92.3772605, 27.1959428 ], [ 92.3772874, 27.1960645 ], [ 92.3772954, 27.1961599 ], [ 92.377274, 27.1962768 ], [ 92.3772471, 27.1964701 ], [ 92.3772284, 27.1965726 ], [ 92.3772337, 27.1967039 ], [ 92.3772579, 27.1968041 ], [ 92.3773061, 27.1969281 ], [ 92.3773678, 27.1970617 ], [ 92.3774349, 27.1972335 ], [ 92.3774993, 27.1974601 ], [ 92.3775475, 27.1976176 ], [ 92.3775663, 27.1977893 ], [ 92.377569, 27.1979015 ], [ 92.3775502, 27.1981209 ], [ 92.3775314, 27.1982879 ], [ 92.3774966, 27.1984335 ], [ 92.3774832, 27.1985217 ], [ 92.3774885, 27.1986315 ], [ 92.3775207, 27.1988939 ], [ 92.3775234, 27.1989917 ], [ 92.37751, 27.1990752 ], [ 92.3774671, 27.1991897 ], [ 92.3773947, 27.1993018 ], [ 92.3772793, 27.1994497 ], [ 92.3772203, 27.1995261 ], [ 92.3771854, 27.1996167 ], [ 92.3771747, 27.1997145 ], [ 92.3771693, 27.1998982 ], [ 92.3771801, 27.1999984 ], [ 92.3772176, 27.2000843 ], [ 92.37729, 27.2001654 ], [ 92.3773812, 27.2002083 ], [ 92.3775288, 27.2002131 ], [ 92.3777621, 27.2002036 ], [ 92.3780089, 27.2002131 ], [ 92.3782637, 27.2002465 ], [ 92.3784354, 27.2002489 ], [ 92.3785641, 27.2002322 ], [ 92.3787116, 27.200175 ], [ 92.3788726, 27.2000986 ], [ 92.379181, 27.1999722 ], [ 92.3794921, 27.1998577 ], [ 92.3796343, 27.1998267 ], [ 92.379763, 27.1998076 ], [ 92.3801117, 27.1998076 ], [ 92.3803022, 27.1998123 ], [ 92.3804363, 27.199841 ], [ 92.3805597, 27.199903 ], [ 92.3806482, 27.1999936 ], [ 92.3806857, 27.2000724 ], [ 92.3806938, 27.2001797 ], [ 92.3806804, 27.2002966 ], [ 92.3806455, 27.2004421 ], [ 92.3805892, 27.2006568 ], [ 92.3805623, 27.2007809 ], [ 92.3805436, 27.2009527 ], [ 92.380515, 27.2011712 ], [ 92.3804775, 27.2013215 ], [ 92.3804131, 27.2014455 ], [ 92.3802709, 27.2016316 ], [ 92.3801127, 27.201789 ], [ 92.3798489, 27.2020142 ], [ 92.3792141, 27.2026121 ], [ 92.3790639, 27.2027862 ], [ 92.379021, 27.2028697 ], [ 92.379013, 27.202946 ], [ 92.3790308, 27.2029995 ], [ 92.3790747, 27.2030343 ], [ 92.3791247, 27.2030543 ], [ 92.3792051, 27.2030567 ], [ 92.3793553, 27.203009 ], [ 92.3795324, 27.2029541 ], [ 92.3797255, 27.2029136 ], [ 92.3799347, 27.202885 ], [ 92.3800876, 27.2028778 ], [ 92.380278, 27.2028993 ], [ 92.3804711, 27.2029589 ], [ 92.380684, 27.2030104 ], [ 92.3809003, 27.2030543 ], [ 92.381072, 27.2030997 ], [ 92.381199, 27.203156 ], [ 92.3813348, 27.2032452 ], [ 92.3815101, 27.2034327 ], [ 92.3815977, 27.2035171 ], [ 92.3816996, 27.2035911 ], [ 92.3818874, 27.2036555 ], [ 92.3823219, 27.2037867 ], [ 92.3827064, 27.2038907 ], [ 92.3829146, 27.2039584 ], [ 92.3830846, 27.2040291 ], [ 92.3832348, 27.2041245 ], [ 92.383435, 27.2042495 ], [ 92.3835405, 27.204301 ], [ 92.3836522, 27.204333 ], [ 92.3837569, 27.2043354 ], [ 92.3839097, 27.2043139 ], [ 92.3841002, 27.2042733 ], [ 92.3842718, 27.2042566 ], [ 92.3844167, 27.2042519 ], [ 92.3846178, 27.2042829 ], [ 92.3848056, 27.2043282 ], [ 92.384996, 27.204364 ], [ 92.3851811, 27.2043783 ], [ 92.3853528, 27.2043616 ], [ 92.3854788, 27.204333 ], [ 92.3856371, 27.2042829 ], [ 92.385857, 27.2042113 ], [ 92.3859777, 27.2041636 ], [ 92.3860662, 27.2041135 ], [ 92.3861494, 27.2040348 ], [ 92.3863318, 27.2038606 ], [ 92.3864552, 27.2037461 ], [ 92.3865732, 27.2036817 ], [ 92.3866992, 27.2036459 ], [ 92.3868307, 27.2036269 ], [ 92.3869567, 27.2036173 ], [ 92.3871498, 27.2036221 ], [ 92.3873912, 27.203634 ], [ 92.3875173, 27.2036292 ], [ 92.3876461, 27.2036054 ], [ 92.3877963, 27.2035672 ], [ 92.3882335, 27.203405 ], [ 92.3885526, 27.2033024 ], [ 92.3887619, 27.2032404 ], [ 92.3893466, 27.2030639 ], [ 92.3898642, 27.2029184 ], [ 92.3900171, 27.202885 ], [ 92.3902076, 27.2028516 ], [ 92.3904275, 27.2028253 ], [ 92.3906287, 27.202811 ], [ 92.3907601, 27.2028182 ], [ 92.3909184, 27.202842 ], [ 92.3912214, 27.2029374 ], [ 92.3914038, 27.2029899 ], [ 92.3916211, 27.2030209 ], [ 92.3920958, 27.2030519 ], [ 92.392533, 27.2030997 ], [ 92.392702, 27.2030997 ], [ 92.3930373, 27.203102 ], [ 92.3939224, 27.2031903 ], [ 92.3942255, 27.2032356 ], [ 92.3944705, 27.2032848 ], [ 92.3946476, 27.2033396 ], [ 92.3947834, 27.2034217 ], [ 92.3950865, 27.203634 ], [ 92.3955613, 27.2039918 ], [ 92.3957124, 27.204134 ], [ 92.3958295, 27.20429 ], [ 92.3960709, 27.2046717 ], [ 92.3961576, 27.2048187 ], [ 92.3962783, 27.2049666 ], [ 92.3966968, 27.2053697 ], [ 92.3973244, 27.2058683 ], [ 92.3975551, 27.2059971 ], [ 92.3979083, 27.2061678 ] ] } },
{ "type": "Feature", "properties": { "element": "way", "id": 338308710, "highway": "road", "ref": null, "ref:old": null, "source": null, "name": null, "name:en": null, "surface": null, "bridge": null, "bridge:structure": null, "layer": null, "name:zh": null, "sidewalk": null, "smoothness": null, "lanes": null, "route": null, "alt_name": null, "service": null, "oneway": null }, "geometry": { "type": "LineString", "coordinates": [ [ 92.3855407, 27.2057042 ], [ 92.3853125, 27.2057738 ], [ 92.3851677, 27.2058144 ], [ 92.3850041, 27.2058716 ], [ 92.3848458, 27.2059384 ], [ 92.3846903, 27.2060314 ], [ 92.3845052, 27.2061483 ], [ 92.3843389, 27.2062604 ], [ 92.3842128, 27.2063582 ], [ 92.3841002, 27.2064608 ], [ 92.3840385, 27.2065372 ], [ 92.384026, 27.2065958 ], [ 92.3840394, 27.2066531 ], [ 92.3840609, 27.2067509 ], [ 92.3840555, 27.2068511 ], [ 92.3840153, 27.2069537 ], [ 92.3839392, 27.2070286 ], [ 92.3838185, 27.2070763 ], [ 92.3836737, 27.2070977 ], [ 92.3835342, 27.2070977 ], [ 92.383376, 27.2070787 ], [ 92.3832204, 27.2070548 ], [ 92.3831131, 27.2070333 ], [ 92.3829763, 27.2070405 ], [ 92.3828234, 27.2070691 ], [ 92.3826679, 27.2071049 ], [ 92.3825579, 27.2071359 ], [ 92.3824774, 27.2071502 ], [ 92.3823782, 27.2071407 ], [ 92.3821851, 27.2071001 ], [ 92.3820751, 27.2070882 ], [ 92.3819088, 27.2070954 ], [ 92.3816352, 27.2071168 ], [ 92.3815655, 27.2071431 ], [ 92.381553, 27.2071827 ], [ 92.3815584, 27.2072232 ], [ 92.3815735, 27.2072456 ], [ 92.3816191, 27.2072599 ], [ 92.3816969, 27.2072695 ], [ 92.3819008, 27.2072576 ], [ 92.3820724, 27.2072623 ], [ 92.3821985, 27.2072743 ], [ 92.3823648, 27.2073029 ], [ 92.3825177, 27.207322 ], [ 92.3827081, 27.207322 ], [ 92.3830917, 27.2073005 ], [ 92.383148, 27.2073124 ], [ 92.3831918, 27.2073425 ], [ 92.3831909, 27.2073888 ], [ 92.383157, 27.2074284 ], [ 92.3830836, 27.2074389 ], [ 92.3829844, 27.2074317 ], [ 92.3828583, 27.2074174 ], [ 92.3826813, 27.2074365 ], [ 92.3823889, 27.2074579 ], [ 92.3821904, 27.2074651 ], [ 92.3820429, 27.2074723 ], [ 92.3818793, 27.207489 ], [ 92.3817291, 27.2074985 ], [ 92.3816057, 27.207508 ], [ 92.3814823, 27.2075343 ], [ 92.3813938, 27.2075629 ], [ 92.3813, 27.2076154 ], [ 92.3812222, 27.2076416 ], [ 92.3811149, 27.2076559 ], [ 92.3808601, 27.2076607 ], [ 92.380734, 27.2076655 ], [ 92.3806482, 27.2076631 ], [ 92.3805784, 27.2076416 ], [ 92.380498, 27.2076035 ], [ 92.380388, 27.2075581 ], [ 92.3802861, 27.2075295 ], [ 92.380109, 27.207489 ], [ 92.3798086, 27.2073768 ], [ 92.3794305, 27.2072361 ], [ 92.3793339, 27.2072146 ], [ 92.3792105, 27.2072218 ], [ 92.3791032, 27.2072385 ], [ 92.3789503, 27.2072766 ], [ 92.3788618, 27.2073148 ], [ 92.3787599, 27.2073911 ], [ 92.3786857, 27.2074737 ], [ 92.3786151, 27.2075033 ], [ 92.378548, 27.207508 ], [ 92.3784944, 27.2074794 ], [ 92.3784729, 27.2074293 ], [ 92.3784568, 27.2073315 ], [ 92.3784327, 27.2069021 ], [ 92.3784005, 27.2067304 ], [ 92.3783737, 27.2066588 ], [ 92.3783281, 27.2066039 ], [ 92.378253, 27.206561 ], [ 92.3781644, 27.20653 ], [ 92.3780598, 27.2065252 ], [ 92.3775449, 27.2065372 ], [ 92.3774161, 27.2065682 ], [ 92.3772659, 27.2066063 ], [ 92.3771801, 27.2066588 ], [ 92.3771184, 27.2067256 ], [ 92.3770755, 27.2068115 ], [ 92.3770352, 27.2069284 ], [ 92.3770013, 27.2070133 ], [ 92.376944, 27.2071025 ], [ 92.3768528, 27.2071741 ], [ 92.3767429, 27.2072766 ], [ 92.376649, 27.2073864 ], [ 92.376607, 27.2074808 ], [ 92.37659, 27.2075557 ], [ 92.3765846, 27.2076583 ], [ 92.3766891, 27.2083329 ] ] } },
{ "type": "Feature", "properties": { "element": "way", "id": 338308711, "highway": "unclassified", "ref": null, "ref:old": null, "source": null, "name": null, "name:en": null, "surface": null, "bridge": null, "bridge:structure": null, "layer": null, "name:zh": null, "sidewalk": null, "smoothness": null, "lanes": null, "route": null, "alt_name": null, "service": null, "oneway": null }, "geometry": { "type": "LineString", "coordinates": [ [ 92.3710807, 27.2079207 ], [ 92.370977, 27.207884 ], [ 92.3708886, 27.2078665 ], [ 92.3707806, 27.2078607 ], [ 92.3706768, 27.2078664 ], [ 92.370577, 27.2078805 ], [ 92.3704538, 27.2079088 ], [ 92.3701543, 27.2079895 ], [ 92.3700173, 27.2080438 ], [ 92.3699142, 27.2080791 ], [ 92.3697352, 27.2081348 ], [ 92.3695306, 27.2082001 ], [ 92.3694431, 27.2082331 ], [ 92.3693359, 27.2082988 ], [ 92.3693075, 27.2083244 ], [ 92.3692787, 27.2083554 ], [ 92.3692591, 27.2083879 ], [ 92.3692256, 27.2084525 ], [ 92.3692061, 27.2084802 ], [ 92.3691469, 27.2085402 ], [ 92.3690752, 27.2085938 ], [ 92.3688747, 27.2087059 ], [ 92.368812, 27.2087305 ], [ 92.3687006, 27.2087635 ], [ 92.3684901, 27.2088604 ], [ 92.3684308, 27.2088999 ], [ 92.3683885, 27.208945 ], [ 92.3683362, 27.2090319 ], [ 92.3683094, 27.2090684 ], [ 92.3682675, 27.2091081 ], [ 92.3681935, 27.2091606 ], [ 92.3681144, 27.2092037 ], [ 92.3679534, 27.2092734 ], [ 92.3678595, 27.2093048 ], [ 92.3678029, 27.2093173 ], [ 92.3677358, 27.2093228 ], [ 92.3676267, 27.2093226 ], [ 92.3675137, 27.2093063 ], [ 92.3674249, 27.2092837 ], [ 92.3672493, 27.2092037 ], [ 92.3671879, 27.2091821 ], [ 92.3671107, 27.2091718 ], [ 92.3670367, 27.2091751 ], [ 92.366993, 27.2091855 ], [ 92.3669539, 27.2092024 ], [ 92.3669173, 27.2092313 ], [ 92.3668972, 27.2092625 ], [ 92.3668798, 27.2093174 ], [ 92.3668581, 27.2094226 ], [ 92.3668274, 27.2095191 ], [ 92.3668051, 27.2095665 ], [ 92.3667704, 27.2096143 ], [ 92.3667315, 27.2096477 ], [ 92.3666479, 27.2096967 ], [ 92.3665898, 27.20972 ], [ 92.3665148, 27.2097408 ], [ 92.3664394, 27.2097744 ], [ 92.3663166, 27.2098736 ], [ 92.36592, 27.2102523 ], [ 92.3657367, 27.2104316 ], [ 92.365669, 27.2105043 ], [ 92.3656263, 27.2105667 ], [ 92.3656082, 27.2106157 ], [ 92.3655987, 27.2106675 ], [ 92.3655966, 27.2107108 ], [ 92.3655913, 27.210771 ], [ 92.3655765, 27.2108142 ], [ 92.3655522, 27.2108679 ], [ 92.3655204, 27.2109092 ], [ 92.3654083, 27.2110193 ], [ 92.3653692, 27.2110748 ], [ 92.3653533, 27.2111134 ], [ 92.3653448, 27.211151 ], [ 92.3653427, 27.2112836 ], [ 92.3653556, 27.2113559 ], [ 92.3653714, 27.211388 ], [ 92.3653933, 27.2114189 ], [ 92.3654291, 27.2114557 ], [ 92.3654595, 27.2115024 ], [ 92.3654867, 27.2115578 ], [ 92.36551, 27.2116125 ], [ 92.3655351, 27.2116548 ], [ 92.3656686, 27.2118265 ], [ 92.3657022, 27.2118808 ], [ 92.3657069, 27.2119284 ], [ 92.3656986, 27.2119713 ], [ 92.3656644, 27.2120352 ], [ 92.365592, 27.2121809 ], [ 92.3655711, 27.2122347 ], [ 92.3655571, 27.2122781 ], [ 92.3655499, 27.2123212 ], [ 92.3655525, 27.2123833 ], [ 92.3655823, 27.212583 ], [ 92.3655855, 27.2126272 ], [ 92.3655823, 27.2126714 ], [ 92.3655664, 27.2127467 ], [ 92.3655442, 27.212821 ], [ 92.3654723, 27.2129696 ], [ 92.3654469, 27.2130054 ], [ 92.3653739, 27.2130646 ], [ 92.365321, 27.2131258 ], [ 92.3652618, 27.2132114 ], [ 92.3652155, 27.2132627 ], [ 92.3651328, 27.2133373 ], [ 92.36509, 27.2133839 ], [ 92.3649753, 27.2135581 ], [ 92.3648939, 27.2136795 ], [ 92.3647215, 27.2139419 ], [ 92.3646517, 27.2140341 ], [ 92.3644644, 27.2142081 ], [ 92.3644052, 27.2142505 ], [ 92.3643089, 27.2143107 ], [ 92.364237, 27.2143502 ], [ 92.3641936, 27.2143831 ], [ 92.3641408, 27.2144264 ], [ 92.364059, 27.2145035 ], [ 92.3639349, 27.2146325 ], [ 92.3638889, 27.2146737 ], [ 92.3638156, 27.2147211 ], [ 92.3637554, 27.2147495 ], [ 92.3636947, 27.2147841 ], [ 92.363552, 27.2148655 ], [ 92.3634412, 27.2149132 ], [ 92.3633535, 27.2149428 ], [ 92.3632638, 27.214973 ], [ 92.3631918, 27.2150038 ], [ 92.3630892, 27.2150595 ], [ 92.3629562, 27.2151221 ], [ 92.3628449, 27.2151615 ], [ 92.3627799, 27.2151739 ], [ 92.3627605, 27.2151721 ], [ 92.3627434, 27.2151643 ], [ 92.3627294, 27.2151426 ], [ 92.3627282, 27.2151265 ], [ 92.3627348, 27.2151044 ], [ 92.3627505, 27.2150854 ], [ 92.3627817, 27.2150631 ], [ 92.3628561, 27.2150354 ], [ 92.3629147, 27.2150093 ], [ 92.3630189, 27.2149522 ], [ 92.3631155, 27.2148935 ], [ 92.3632657, 27.2148141 ], [ 92.3633591, 27.2147513 ], [ 92.3634562, 27.2146899 ], [ 92.3635225, 27.2146558 ], [ 92.3636823, 27.2145561 ], [ 92.3637822, 27.2144755 ], [ 92.3638196, 27.2144348 ], [ 92.3639084, 27.2142944 ], [ 92.3640149, 27.2141499 ], [ 92.3641802, 27.213899 ], [ 92.3642708, 27.2137453 ], [ 92.3643839, 27.2135027 ], [ 92.3644091, 27.2134363 ], [ 92.3644605, 27.2131854 ], [ 92.3644988, 27.2130192 ], [ 92.3645016, 27.2129843 ], [ 92.3644902, 27.2129467 ], [ 92.3644708, 27.2129143 ], [ 92.3644457, 27.2128998 ], [ 92.3644231, 27.2128965 ], [ 92.3643979, 27.2129037 ], [ 92.3643738, 27.2129244 ], [ 92.3643625, 27.2129521 ], [ 92.3643639, 27.2130167 ], [ 92.3643612, 27.2130509 ], [ 92.3643433, 27.213144 ], [ 92.364298, 27.2132853 ], [ 92.3642634, 27.2133742 ], [ 92.3642214, 27.2134514 ], [ 92.3641569, 27.2135437 ], [ 92.3638785, 27.2139192 ], [ 92.363827, 27.2139787 ], [ 92.363751, 27.2140359 ], [ 92.3636362, 27.2141027 ], [ 92.3635568, 27.2141491 ], [ 92.3634503, 27.2142045 ], [ 92.3632403, 27.2142666 ], [ 92.3631633, 27.2142961 ], [ 92.3629175, 27.2144319 ], [ 92.3627995, 27.2145058 ], [ 92.3625907, 27.2146656 ], [ 92.3623753, 27.2148526 ], [ 92.3623121, 27.214897 ], [ 92.3622374, 27.2149254 ], [ 92.3621516, 27.2149383 ], [ 92.362089, 27.2149367 ], [ 92.3619852, 27.21492 ], [ 92.3619129, 27.2149025 ], [ 92.3618539, 27.2148835 ], [ 92.3617771, 27.2148802 ], [ 92.3616099, 27.2148977 ], [ 92.361364, 27.2149253 ], [ 92.3611825, 27.214957 ], [ 92.3609684, 27.2150226 ], [ 92.3608999, 27.2150527 ], [ 92.3608494, 27.21508 ], [ 92.3608024, 27.2151134 ], [ 92.3607268, 27.2151807 ], [ 92.360683, 27.2152184 ], [ 92.3606438, 27.2152374 ], [ 92.3605672, 27.2152538 ], [ 92.3604933, 27.2152555 ], [ 92.3604224, 27.2152473 ], [ 92.360282, 27.2152171 ], [ 92.3602081, 27.2152052 ], [ 92.3601413, 27.215201 ], [ 92.360084, 27.2152011 ], [ 92.3600252, 27.2151933 ], [ 92.3599573, 27.215173 ], [ 92.3598633, 27.2151158 ], [ 92.3597183, 27.2150453 ], [ 92.3595965, 27.2150135 ], [ 92.3592462, 27.2150239 ], [ 92.3591322, 27.2150588 ], [ 92.3588097, 27.2152081 ], [ 92.358722, 27.2152692 ], [ 92.3586557, 27.21533 ], [ 92.3586181, 27.2153855 ], [ 92.3585642, 27.2155093 ], [ 92.3585426, 27.2155908 ], [ 92.3585123, 27.2156676 ], [ 92.3584538, 27.2157365 ], [ 92.3583644, 27.2158018 ], [ 92.3582849, 27.2158391 ], [ 92.358199, 27.2158606 ], [ 92.3580667, 27.2158853 ], [ 92.3579433, 27.2159067 ], [ 92.3578548, 27.2159306 ], [ 92.3577502, 27.2159783 ], [ 92.3575928, 27.2160657 ], [ 92.357397, 27.2161707 ], [ 92.357271, 27.2162589 ], [ 92.3571815, 27.2163242 ], [ 92.3571208, 27.2163519 ], [ 92.3570501, 27.2163623 ], [ 92.3569911, 27.2163528 ], [ 92.3568901, 27.2163162 ], [ 92.3568257, 27.2162971 ], [ 92.3567551, 27.2162908 ], [ 92.3566755, 27.2162971 ], [ 92.3565709, 27.2163185 ], [ 92.3563876, 27.2163933 ], [ 92.3562535, 27.2164506 ], [ 92.356123, 27.2164998 ], [ 92.3559799, 27.2165245 ], [ 92.3558216, 27.2165412 ], [ 92.3557036, 27.2165484 ], [ 92.3556348, 27.2165547 ], [ 92.3555347, 27.2165818 ], [ 92.3554435, 27.2166271 ], [ 92.3553791, 27.2166843 ], [ 92.3553013, 27.2167726 ], [ 92.3552101, 27.2169228 ], [ 92.3551484, 27.217054 ], [ 92.3551011, 27.2172154 ], [ 92.3550679, 27.2173737 ], [ 92.3550421, 27.2174468 ], [ 92.3550036, 27.2175025 ], [ 92.3549607, 27.2175359 ], [ 92.3549026, 27.217566 ], [ 92.3547926, 27.2176113 ], [ 92.3546987, 27.2176638 ], [ 92.3545771, 27.2177553 ], [ 92.3543652, 27.2179199 ], [ 92.354266, 27.2179723 ], [ 92.3541855, 27.2179962 ], [ 92.3540943, 27.2180224 ], [ 92.3539933, 27.2180669 ], [ 92.3538395, 27.2181298 ], [ 92.3537278, 27.2181957 ], [ 92.3536232, 27.2182673 ], [ 92.3535445, 27.2183325 ], [ 92.353464, 27.2183778 ], [ 92.3533808, 27.2183945 ], [ 92.3533147, 27.2183961 ], [ 92.3531797, 27.2183778 ], [ 92.3530438, 27.218346 ], [ 92.3529553, 27.2183388 ], [ 92.3528819, 27.2183468 ], [ 92.352789, 27.2183794 ], [ 92.3526442, 27.2184438 ], [ 92.3525288, 27.2184796 ], [ 92.3524189, 27.2184986 ], [ 92.352316, 27.2184923 ], [ 92.3522355, 27.2184828 ], [ 92.3521202, 27.2185043 ], [ 92.3520236, 27.2185496 ], [ 92.3515811, 27.2187619 ], [ 92.3514747, 27.2188063 ], [ 92.3513862, 27.2188063 ], [ 92.3513236, 27.2187976 ], [ 92.3512601, 27.218761 ], [ 92.3511331, 27.218676 ], [ 92.3509839, 27.2186179 ], [ 92.3508042, 27.2185726 ], [ 92.3506245, 27.2185297 ], [ 92.3504814, 27.2184685 ], [ 92.3503794, 27.2184184 ], [ 92.3503338, 27.2183778 ], [ 92.3502936, 27.2183254 ], [ 92.3502758, 27.2182363 ], [ 92.3502436, 27.2181409 ], [ 92.350189, 27.2180296 ], [ 92.3501193, 27.217939 ], [ 92.3500093, 27.2178435 ], [ 92.3499101, 27.2177887 ], [ 92.349734, 27.2177115 ], [ 92.3494434, 27.2176241 ], [ 92.3493066, 27.2175692 ], [ 92.3491698, 27.2175215 ], [ 92.3490715, 27.2175016 ], [ 92.3489642, 27.217504 ], [ 92.3488596, 27.2175279 ], [ 92.3487567, 27.2175192 ], [ 92.3486655, 27.2174762 ], [ 92.3485592, 27.2174038 ], [ 92.3484429, 27.2173403 ], [ 92.3482936, 27.2172559 ], [ 92.3482498, 27.2172019 ], [ 92.3482283, 27.217128 ], [ 92.3482203, 27.2169944 ], [ 92.3482256, 27.2168751 ], [ 92.3482024, 27.2168075 ], [ 92.3481434, 27.2167598 ], [ 92.3480442, 27.2167455 ], [ 92.3479342, 27.2167622 ], [ 92.3477411, 27.216798 ], [ 92.3475283, 27.2168107 ], [ 92.3472869, 27.2168322 ], [ 92.3471045, 27.2168227 ], [ 92.3469177, 27.2168099 ], [ 92.346737, 27.2168084 ], [ 92.3466065, 27.2168266 ], [ 92.3465073, 27.2168385 ], [ 92.346383, 27.2168298 ], [ 92.3462659, 27.2168004 ], [ 92.3461425, 27.2167598 ], [ 92.3460584, 27.216744 ], [ 92.3459601, 27.2167431 ], [ 92.34575, 27.2167821 ], [ 92.3455783, 27.2168251 ], [ 92.3454281, 27.2168751 ], [ 92.3452627, 27.2169292 ], [ 92.3451045, 27.216996 ], [ 92.3449757, 27.2170818 ], [ 92.3448809, 27.2171852 ], [ 92.3448121, 27.217275 ], [ 92.3447665, 27.2173537 ], [ 92.3447263, 27.2174658 ], [ 92.3446941, 27.2175899 ], [ 92.3446565, 27.2176948 ], [ 92.3445922, 27.2178165 ], [ 92.3444786, 27.2179986 ], [ 92.3444232, 27.2180717 ], [ 92.3443418, 27.2181012 ], [ 92.3442649, 27.2181003 ], [ 92.344197, 27.2180678 ], [ 92.3440897, 27.2179867 ], [ 92.3439297, 27.2178856 ], [ 92.3438, 27.2178245 ], [ 92.3436749, 27.2177688 ], [ 92.3435961, 27.2177243 ], [ 92.3435237, 27.2176575 ], [ 92.343462, 27.2175788 ], [ 92.3434164, 27.2174619 ], [ 92.3433547, 27.2173593 ], [ 92.3432957, 27.2172902 ], [ 92.343226, 27.2172496 ], [ 92.3431304, 27.2171868 ], [ 92.3430141, 27.2171423 ], [ 92.3429712, 27.2171017 ], [ 92.3429658, 27.2170564 ], [ 92.3429739, 27.2169682 ], [ 92.3429846, 27.2168251 ], [ 92.3429631, 27.2167225 ], [ 92.3429229, 27.2166438 ], [ 92.3428505, 27.2166056 ], [ 92.3427673, 27.2165698 ], [ 92.3427173, 27.2165165 ], [ 92.3426681, 27.2164458 ], [ 92.3426449, 27.2163782 ], [ 92.3426225, 27.2163265 ], [ 92.3425849, 27.2162955 ], [ 92.3425393, 27.2162764 ], [ 92.3424545, 27.2162661 ], [ 92.3423579, 27.2162422 ], [ 92.3422711, 27.216212 ], [ 92.3421594, 27.2161468 ], [ 92.3420458, 27.2160689 ], [ 92.3419546, 27.2159735 ], [ 92.341842, 27.2158352 ], [ 92.3417722, 27.2157517 ], [ 92.3416998, 27.2157016 ], [ 92.341631, 27.2156984 ], [ 92.341555, 27.2157278 ], [ 92.3415076, 27.2158033 ], [ 92.341496, 27.2159043 ], [ 92.341505, 27.2160705 ], [ 92.3415442, 27.2162264 ], [ 92.3416176, 27.2164283 ], [ 92.3416891, 27.2166152 ], [ 92.3417722, 27.2168012 ], [ 92.3418054, 27.2169053 ], [ 92.3418134, 27.216996 ], [ 92.3417937, 27.2170994 ], [ 92.3417624, 27.2172321 ], [ 92.341749, 27.2173657 ], [ 92.3417168, 27.2174396 ], [ 92.3416569, 27.2174953 ], [ 92.3415791, 27.2175215 ], [ 92.3414781, 27.2175231 ], [ 92.3413672, 27.2174881 ], [ 92.3412796, 27.2174706 ], [ 92.3411741, 27.2174881 ], [ 92.3410694, 27.2175369 ], [ 92.3409927, 27.217597 ], [ 92.3406869, 27.217931 ], [ 92.3406001, 27.2180248 ], [ 92.3405384, 27.2180868 ], [ 92.3404643, 27.2181337 ], [ 92.3402192, 27.2182514 ], [ 92.3400288, 27.2183564 ], [ 92.339884, 27.2184327 ], [ 92.3398115, 27.2184732 ] ] } },
{ "type": "Feature", "properties": { "element": "way", "id": 338308712, "highway": "unclassified", "ref": null, "ref:old": null, "source": null, "name": null, "name:en": null, "surface": null, "bridge": null, "bridge:structure": null, "layer": null, "name:zh": null, "sidewalk": null, "smoothness": null, "lanes": null, "route": null, "alt_name": null, "service": null, "oneway": null }, "geometry": { "type": "LineString", "coordinates": [ [ 92.3398115, 27.2184732 ], [ 92.3397686, 27.2184399 ], [ 92.339732, 27.218439 ], [ 92.3396811, 27.2184629 ], [ 92.3396211, 27.2184756 ], [ 92.339555, 27.21847 ], [ 92.339504, 27.2184486 ], [ 92.3394441, 27.2184232 ], [ 92.3393458, 27.2183842 ], [ 92.3392402, 27.2183778 ], [ 92.3391437, 27.2183707 ], [ 92.3390668, 27.2183555 ], [ 92.3389756, 27.2183174 ], [ 92.3388674, 27.2182777 ], [ 92.3387798, 27.2182577 ], [ 92.3386314, 27.2182586 ], [ 92.3385465, 27.2182434 ], [ 92.338415, 27.2182315 ], [ 92.3382773, 27.21823 ], [ 92.3381834, 27.2182133 ], [ 92.3380976, 27.2181799 ], [ 92.3379993, 27.218117 ], [ 92.3379403, 27.2180455 ], [ 92.3378669, 27.2179819 ], [ 92.3378187, 27.2179103 ], [ 92.337765, 27.2178483 ], [ 92.337706, 27.2178292 ], [ 92.3376363, 27.2178459 ], [ 92.3375558, 27.2179056 ], [ 92.3374887, 27.2179628 ], [ 92.3373958, 27.217993 ], [ 92.3372903, 27.218032 ], [ 92.3372178, 27.2180845 ], [ 92.3371383, 27.218179 ], [ 92.3370418, 27.2182935 ], [ 92.3369747, 27.2183293 ], [ 92.3368906, 27.2183444 ], [ 92.3368209, 27.2183325 ], [ 92.3367592, 27.2182944 ], [ 92.3367136, 27.2182323 ], [ 92.3366582, 27.2181957 ], [ 92.3366046, 27.2181886 ], [ 92.3365419, 27.2182037 ], [ 92.3364678, 27.2182458 ], [ 92.3363944, 27.2183087 ], [ 92.3363247, 27.2183921 ], [ 92.3362576, 27.2184542 ], [ 92.3360833, 27.2185663 ], [ 92.3359099, 27.2186418 ], [ 92.3358026, 27.2187133 ], [ 92.3357346, 27.218769 ], [ 92.3356622, 27.2188215 ], [ 92.3355844, 27.2188549 ], [ 92.33547, 27.2188946 ], [ 92.3353788, 27.2189232 ], [ 92.3352715, 27.2189757 ], [ 92.3352008, 27.2189956 ], [ 92.3351642, 27.21899 ], [ 92.3351472, 27.2189646 ], [ 92.3351525, 27.2189193 ], [ 92.335191, 27.2187849 ], [ 92.3352142, 27.2186736 ], [ 92.335225, 27.218583 ], [ 92.3352142, 27.2184852 ], [ 92.335182, 27.2183945 ], [ 92.3351311, 27.218323 ], [ 92.3350587, 27.218249 ], [ 92.3349755, 27.2181775 ], [ 92.3348719, 27.2180932 ], [ 92.3347958, 27.2180463 ], [ 92.3347475, 27.2179938 ], [ 92.3346912, 27.217896 ], [ 92.3346241, 27.217803 ], [ 92.3345356, 27.2177171 ], [ 92.3344391, 27.2176432 ], [ 92.3342674, 27.2175669 ], [ 92.3341664, 27.2175088 ], [ 92.3340099, 27.217388 ], [ 92.3338919, 27.2173021 ], [ 92.333807, 27.2172559 ], [ 92.3336934, 27.2172568 ], [ 92.3336139, 27.2172917 ], [ 92.3335817, 27.2173442 ], [ 92.3335817, 27.2173943 ], [ 92.3336085, 27.2174802 ], [ 92.3337122, 27.2176336 ], [ 92.3338436, 27.2178292 ], [ 92.3339492, 27.2179548 ], [ 92.3339831, 27.2180248 ], [ 92.3339831, 27.2180988 ], [ 92.3339643, 27.2181632 ], [ 92.3339107, 27.2182562 ], [ 92.3338061, 27.2183778 ], [ 92.3337417, 27.2184446 ], [ 92.3336666, 27.2184756 ], [ 92.3335683, 27.2184939 ], [ 92.3334225, 27.2185066 ], [ 92.3333215, 27.2185082 ], [ 92.3332401, 27.2185305 ], [ 92.3331874, 27.2185535 ], [ 92.3331167, 27.2186164 ], [ 92.3330282, 27.2186951 ], [ 92.3329424, 27.2187332 ], [ 92.3328253, 27.2187658 ], [ 92.3327332, 27.2188096 ], [ 92.3326027, 27.2188612 ], [ 92.3324435, 27.2189169 ], [ 92.3322889, 27.2189709 ], [ 92.3321163, 27.2190147 ], [ 92.3319482, 27.2190544 ], [ 92.3318105, 27.2191077 ], [ 92.33173, 27.2191578 ], [ 92.3316398, 27.2192166 ], [ 92.3315888, 27.2192404 ], [ 92.3315289, 27.2192532 ], [ 92.3314198, 27.2192643 ], [ 92.331216, 27.2192881 ], [ 92.3310953, 27.2193001 ], [ 92.330988, 27.2193144 ], [ 92.3308888, 27.2193144 ], [ 92.3308154, 27.2193033 ], [ 92.3307332, 27.2192738 ], [ 92.3306223, 27.2192174 ], [ 92.3305016, 27.2191387 ], [ 92.3304372, 27.2190815 ], [ 92.3303648, 27.2190004 ], [ 92.3302736, 27.2189527 ], [ 92.330169, 27.2189097 ], [ 92.3300734, 27.2188827 ], [ 92.3299866, 27.2188501 ], [ 92.3299196, 27.2188072 ], [ 92.3298856, 27.2187539 ], [ 92.3298632, 27.2186784 ], [ 92.3298552, 27.2186164 ], [ 92.3298579, 27.2185376 ], [ 92.3298686, 27.218447 ], [ 92.3298686, 27.2183635 ], [ 92.3298552, 27.2182586 ], [ 92.3298186, 27.2181456 ], [ 92.3297479, 27.2179175 ], [ 92.3296755, 27.2177577 ], [ 92.329654, 27.217698 ], [ 92.329646, 27.2176384 ], [ 92.3296272, 27.2175979 ], [ 92.3295933, 27.2175708 ], [ 92.3295101, 27.2175446 ], [ 92.3294618, 27.2175183 ], [ 92.3294314, 27.2174786 ], [ 92.3293992, 27.217388 ], [ 92.3293697, 27.2172663 ], [ 92.3293304, 27.2172178 ], [ 92.3292785, 27.2171661 ], [ 92.3291551, 27.2170779 ], [ 92.3291068, 27.217023 ], [ 92.32908, 27.2169586 ], [ 92.329072, 27.2169014 ], [ 92.329072, 27.2168322 ], [ 92.32908, 27.2167225 ], [ 92.3290532, 27.2166485 ], [ 92.3290183, 27.2166056 ], [ 92.3289566, 27.2165722 ], [ 92.3288386, 27.2165293 ], [ 92.3286625, 27.2164569 ], [ 92.3283022, 27.2163098 ], [ 92.3281985, 27.2162541 ], [ 92.32811, 27.2162374 ], [ 92.3280179, 27.2162407 ], [ 92.3278838, 27.2162598 ], [ 92.3276487, 27.2163281 ], [ 92.3275056, 27.2163575 ], [ 92.3273366, 27.2163695 ], [ 92.3271846, 27.2163877 ], [ 92.3270281, 27.2164005 ], [ 92.3269423, 27.2163933 ], [ 92.3268806, 27.2163886 ], [ 92.3268243, 27.2163599 ], [ 92.3267492, 27.2163075 ], [ 92.3266553, 27.2162454 ], [ 92.3265909, 27.216212 ], [ 92.3265105, 27.2162025 ], [ 92.3264336, 27.2162064 ], [ 92.3263532, 27.2162446 ], [ 92.3263147, 27.2162788 ], [ 92.32627, 27.2162923 ], [ 92.3262164, 27.2162995 ], [ 92.3260152, 27.2162708 ], [ 92.3258909, 27.2162621 ], [ 92.3258033, 27.2162708 ], [ 92.3257094, 27.2162995 ], [ 92.3255351, 27.2163543 ], [ 92.3253759, 27.2163695 ], [ 92.3252257, 27.2163599 ], [ 92.3250487, 27.2163265 ], [ 92.3248914, 27.2162828 ], [ 92.3247214, 27.2162598 ], [ 92.3245266, 27.2162541 ], [ 92.3243764, 27.2162661 ], [ 92.3242396, 27.2163042 ], [ 92.3241394, 27.2163337 ], [ 92.3240187, 27.2163719 ], [ 92.3238926, 27.2163957 ], [ 92.3237514, 27.2164211 ], [ 92.3234859, 27.216476 ], [ 92.3233186, 27.2165007 ], [ 92.3231479, 27.2165284 ], [ 92.3230728, 27.2165475 ], [ 92.3229977, 27.2165404 ], [ 92.3229307, 27.2165046 ], [ 92.3229083, 27.2164792 ], [ 92.322868, 27.2163599 ], [ 92.3228117, 27.2162001 ], [ 92.3227697, 27.2161301 ], [ 92.3226239, 27.215995 ], [ 92.3225167, 27.2159043 ], [ 92.3224228, 27.2158185 ], [ 92.3223289, 27.2157565 ], [ 92.3222091, 27.2157079 ], [ 92.3221287, 27.2156793 ], [ 92.3220607, 27.2156324 ], [ 92.32194, 27.2155728 ], [ 92.3217237, 27.2154432 ], [ 92.3216101, 27.2153438 ], [ 92.3215457, 27.2152675 ], [ 92.3214652, 27.2151935 ], [ 92.3213794, 27.2151363 ], [ 92.3212936, 27.2150934 ], [ 92.3211353, 27.2150457 ], [ 92.3210522, 27.2150337 ], [ 92.3209583, 27.2150457 ], [ 92.3208707, 27.2150591 ], [ 92.3208081, 27.2150552 ], [ 92.32075, 27.2150233 ], [ 92.3206937, 27.2149756 ], [ 92.3206257, 27.214924 ], [ 92.320556, 27.2148811 ], [ 92.320497, 27.2148238 ], [ 92.3204326, 27.214726 ], [ 92.3203494, 27.2146163 ], [ 92.3202663, 27.2145614 ], [ 92.3200893, 27.2144803 ], [ 92.3198023, 27.2143754 ], [ 92.3196315, 27.2143412 ], [ 92.3194965, 27.2143396 ], [ 92.3193875, 27.2143221 ], [ 92.3192882, 27.2142815 ], [ 92.3191568, 27.2142362 ], [ 92.319079, 27.2142267 ], [ 92.3189654, 27.2142347 ], [ 92.3187491, 27.2142648 ], [ 92.3185684, 27.21428 ], [ 92.3183968, 27.2142752 ], [ 92.31826, 27.2142513 ], [ 92.318159, 27.2142076 ], [ 92.3181125, 27.2141631 ], [ 92.318083, 27.2141011 ], [ 92.318024, 27.2139222 ], [ 92.3179757, 27.2138315 ], [ 92.3179086, 27.2137791 ], [ 92.3178121, 27.2137409 ], [ 92.3177379, 27.2137305 ], [ 92.317635, 27.2137242 ], [ 92.3174446, 27.2137266 ], [ 92.3173427, 27.2137504 ], [ 92.3172363, 27.2137782 ], [ 92.3171693, 27.2137782 ], [ 92.3171264, 27.2137591 ], [ 92.3170557, 27.2137099 ], [ 92.3169457, 27.2136097 ], [ 92.3168465, 27.2135334 ], [ 92.3167455, 27.2134729 ], [ 92.3166533, 27.2134523 ], [ 92.3165595, 27.2134308 ], [ 92.316488, 27.2134061 ], [ 92.3163985, 27.2133473 ], [ 92.3163422, 27.2132758 ], [ 92.3163315, 27.213209 ], [ 92.3163422, 27.2131183 ], [ 92.3163834, 27.2130269 ], [ 92.3164361, 27.2129323 ], [ 92.3164692, 27.2128575 ], [ 92.3164763, 27.2128011 ], [ 92.316471, 27.2127271 ], [ 92.3164183, 27.2126285 ], [ 92.3163646, 27.2125307 ], [ 92.3163154, 27.2124361 ], [ 92.3162805, 27.2123312 ], [ 92.316125, 27.2118709 ], [ 92.3160847, 27.2117636 ], [ 92.3160177, 27.211692 ], [ 92.3159479, 27.2116777 ], [ 92.3158889, 27.2117039 ], [ 92.3158416, 27.2117674 ], [ 92.3157494, 27.2118447 ], [ 92.3156395, 27.2118781 ], [ 92.3155617, 27.2118781 ], [ 92.3155107, 27.2118542 ], [ 92.3154356, 27.2118137 ], [ 92.3153686, 27.2117469 ], [ 92.3152586, 27.2115942 ], [ 92.315036, 27.2112937 ], [ 92.3147865, 27.2109406 ], [ 92.3145961, 27.210745 ], [ 92.3144942, 27.2106878 ], [ 92.3143547, 27.2106043 ], [ 92.3142635, 27.2105375 ], [ 92.3141669, 27.2104469 ], [ 92.314065, 27.2103037 ], [ 92.3139765, 27.2101201 ], [ 92.3138665, 27.2098457 ], [ 92.3135715, 27.2092685 ], [ 92.3135018, 27.2092041 ], [ 92.313424, 27.209185 ], [ 92.3133274, 27.2092017 ], [ 92.3132174, 27.2092351 ], [ 92.3130253, 27.2093295 ], [ 92.3128885, 27.2093939 ], [ 92.3127856, 27.2094402 ], [ 92.3126998, 27.2094927 ], [ 92.3126176, 27.2095824 ], [ 92.3125532, 27.2096611 ], [ 92.3124611, 27.2097122 ], [ 92.3123511, 27.2097599 ], [ 92.3122787, 27.2098076 ], [ 92.3122009, 27.2098815 ], [ 92.3121267, 27.2099808 ], [ 92.3120453, 27.2100867 ], [ 92.3119783, 27.2101344 ], [ 92.3118817, 27.2101654 ], [ 92.3118066, 27.2101702 ], [ 92.3116564, 27.2101463 ], [ 92.3114499, 27.2101224 ], [ 92.3113453, 27.2101272 ], [ 92.3112514, 27.2101439 ], [ 92.3111441, 27.2101845 ], [ 92.3110717, 27.2102322 ], [ 92.3109456, 27.2103419 ], [ 92.3108437, 27.2104111 ], [ 92.3107203, 27.2104659 ], [ 92.3105728, 27.2105184 ], [ 92.3102509, 27.2106186 ], [ 92.3101865, 27.2106496 ], [ 92.3101168, 27.2107092 ], [ 92.3100587, 27.2107942 ], [ 92.3099327, 27.2110923 ], [ 92.3098549, 27.2112665 ], [ 92.3097735, 27.2113652 ], [ 92.3097064, 27.2114368 ], [ 92.3095965, 27.2115083 ], [ 92.3094972, 27.2115489 ], [ 92.309229, 27.2116467 ], [ 92.3090091, 27.2117111 ], [ 92.3088749, 27.211723 ], [ 92.3087569, 27.2117183 ], [ 92.3086255, 27.2116849 ], [ 92.3085531, 27.2116419 ], [ 92.3084914, 27.2115775 ], [ 92.3084243, 27.2114511 ], [ 92.3082983, 27.2112746 ], [ 92.3081749, 27.2110957 ], [ 92.3080703, 27.2109931 ], [ 92.3078261, 27.2108476 ], [ 92.3076446, 27.2107477 ], [ 92.3075595, 27.2107288 ], [ 92.3074802, 27.2107379 ], [ 92.3074319, 27.210776 ], [ 92.3073756, 27.2108333 ], [ 92.3073417, 27.2109158 ], [ 92.3073327, 27.2110289 ], [ 92.3073578, 27.211214 ], [ 92.3074194, 27.2113595 ], [ 92.307448, 27.2114511 ], [ 92.307448, 27.2115274 ], [ 92.307406, 27.2116195 ], [ 92.3073631, 27.2116768 ], [ 92.3072763, 27.2117421 ], [ 92.307212, 27.2117755 ], [ 92.3071288, 27.2117946 ], [ 92.306992, 27.2118137 ], [ 92.3068857, 27.211839 ], [ 92.3067989, 27.2118781 ], [ 92.3067024, 27.2119591 ], [ 92.3065826, 27.2121085 ], [ 92.3064887, 27.2122158 ], [ 92.306419, 27.2122755 ], [ 92.306301, 27.2123446 ], [ 92.3061445, 27.2124051 ], [ 92.3060783, 27.2124186 ], [ 92.306022, 27.2124091 ], [ 92.3059513, 27.2123741 ], [ 92.3058772, 27.212328 ], [ 92.3058253, 27.2123288 ], [ 92.3057582, 27.2123622 ], [ 92.3056912, 27.2124337 ], [ 92.3056304, 27.2125188 ], [ 92.3055436, 27.2126914 ], [ 92.3054829, 27.2127859 ], [ 92.3054122, 27.2128345 ], [ 92.3053157, 27.2128679 ], [ 92.3052003, 27.212887 ], [ 92.3050698, 27.2128957 ], [ 92.3049518, 27.212898 ], [ 92.3047846, 27.2128798 ], [ 92.3045575, 27.2128551 ], [ 92.3043769, 27.2128488 ], [ 92.3042401, 27.2128536 ], [ 92.3040989, 27.2128623 ], [ 92.3040023, 27.2128623 ], [ 92.3039102, 27.2128512 ], [ 92.3038414, 27.2128527 ], [ 92.3037278, 27.2128703 ], [ 92.3036429, 27.212898 ], [ 92.303541, 27.2129505 ], [ 92.3034649, 27.2130301 ] ] } },
{ "type": "Feature", "properties": { "element": "way", "id": 338308713, "highway": "road", "ref": null, "ref:old": null, "source": null, "name": null, "name:en": null, "surface": null, "bridge": null, "bridge:structure": null, "layer": null, "name:zh": null, "sidewalk": null, "smoothness": null, "lanes": null, "route": null, "alt_name": null, "service": null, "oneway": null }, "geometry": { "type": "LineString", "coordinates": [ [ 92.3765846, 27.2076583 ], [ 92.3756271, 27.2079827 ], [ 92.3751791, 27.2081712 ], [ 92.37464, 27.208436 ], [ 92.3739838, 27.2088071 ], [ 92.3739024, 27.2088773 ], [ 92.3739007, 27.2089169 ], [ 92.3739221, 27.2089526 ], [ 92.3739775, 27.2089751 ], [ 92.3740687, 27.2089775 ], [ 92.3744442, 27.2089178 ], [ 92.3748251, 27.2088057 ], [ 92.3750585, 27.2087198 ], [ 92.3752516, 27.2086626 ], [ 92.3754608, 27.2086101 ], [ 92.3756271, 27.2085767 ], [ 92.3757853, 27.2085457 ], [ 92.3759087, 27.2085218 ], [ 92.3760267, 27.2084837 ], [ 92.3761421, 27.2084479 ], [ 92.3762735, 27.2084145 ], [ 92.3764237, 27.2083787 ], [ 92.3766891, 27.2083329 ], [ 92.3771032, 27.208323 ], [ 92.3771684, 27.2083291 ], [ 92.3772418, 27.2083596 ], [ 92.3772847, 27.208436 ], [ 92.3772766, 27.2085028 ], [ 92.3772445, 27.2085934 ], [ 92.3771864, 27.2086783 ], [ 92.3771569, 27.2087403 ], [ 92.3771452, 27.2088152 ], [ 92.3771488, 27.2089049 ] ] } },
{ "type": "Feature", "properties": { "element": "way", "id": 338308714, "highway": "unclassified", "ref": null, "ref:old": null, "source": null, "name": null, "name:en": null, "surface": null, "bridge": null, "bridge:structure": null, "layer": null, "name:zh": null, "sidewalk": null, "smoothness": null, "lanes": null, "route": null, "alt_name": null, "service": null, "oneway": null }, "geometry": { "type": "LineString", "coordinates": [ [ 92.3398115, 27.2184732 ], [ 92.3397293, 27.2185344 ], [ 92.3396372, 27.218571 ], [ 92.339563, 27.2185726 ], [ 92.3394789, 27.2185448 ], [ 92.3393153, 27.2184613 ], [ 92.3392349, 27.2184399 ], [ 92.339149, 27.2184446 ], [ 92.3390739, 27.2184494 ], [ 92.3389693, 27.2184255 ], [ 92.3388111, 27.2184088 ], [ 92.3386984, 27.2184208 ], [ 92.3385143, 27.2184605 ], [ 92.3382559, 27.21854 ], [ 92.3381298, 27.2185901 ], [ 92.3380574, 27.2186044 ], [ 92.3380145, 27.218602 ], [ 92.3379555, 27.2185782 ], [ 92.3379135, 27.2185344 ], [ 92.3378706, 27.2184629 ], [ 92.3378267, 27.218416 ], [ 92.3377811, 27.2183969 ], [ 92.3377114, 27.2184088 ], [ 92.3376497, 27.2184494 ], [ 92.3375639, 27.2185472 ], [ 92.3374968, 27.2186664 ], [ 92.3374566, 27.2187905 ], [ 92.3374458, 27.2188644 ], [ 92.3374136, 27.2189145 ], [ 92.3373546, 27.2189479 ], [ 92.3372876, 27.2189574 ], [ 92.3372044, 27.2189384 ], [ 92.337149, 27.2189113 ], [ 92.3371025, 27.2188978 ], [ 92.3370408, 27.2189193 ], [ 92.3370042, 27.2189781 ], [ 92.3369308, 27.2190767 ], [ 92.3368209, 27.219215 ], [ 92.336735, 27.2192723 ], [ 92.3366304, 27.2193104 ], [ 92.3365134, 27.2193454 ], [ 92.3364159, 27.2193963 ], [ 92.3363274, 27.2194559 ], [ 92.3362469, 27.2195442 ], [ 92.3360269, 27.2198018 ], [ 92.3359062, 27.219933 ], [ 92.3357158, 27.2201119 ], [ 92.3354825, 27.2202931 ], [ 92.3353681, 27.2204306 ], [ 92.3353108, 27.2204673 ], [ 92.3352474, 27.2204688 ], [ 92.3351981, 27.2204458 ], [ 92.3351428, 27.2203519 ], [ 92.3350811, 27.2201874 ], [ 92.3350131, 27.2200761 ], [ 92.3349138, 27.2199664 ], [ 92.3347422, 27.2198733 ], [ 92.3346107, 27.2198161 ], [ 92.3344954, 27.2198113 ], [ 92.3344283, 27.2198376 ], [ 92.3344132, 27.2198749 ], [ 92.3344257, 27.2199258 ], [ 92.3344937, 27.2200442 ], [ 92.3346465, 27.2202565 ], [ 92.3346697, 27.2203432 ], [ 92.3346617, 27.2203838 ], [ 92.3345946, 27.2204291 ], [ 92.3345142, 27.2204386 ], [ 92.334423, 27.2204148 ], [ 92.33433, 27.2203734 ], [ 92.3342325, 27.220348 ], [ 92.3340207, 27.2203289 ], [ 92.33379, 27.220317 ], [ 92.3335969, 27.2202931 ], [ 92.3333769, 27.2202478 ], [ 92.3330926, 27.220224 ], [ 92.332937, 27.2202216 ], [ 92.3327868, 27.2202264 ], [ 92.332634, 27.2202574 ], [ 92.3324972, 27.2202884 ], [ 92.3323765, 27.2203122 ], [ 92.3322719, 27.2203528 ], [ 92.332128, 27.2204139 ], [ 92.3320519, 27.2204601 ], [ 92.3319688, 27.2205484 ], [ 92.3318507, 27.2207249 ], [ 92.3317596, 27.2209037 ], [ 92.3317122, 27.2210556 ], [ 92.3316844, 27.2211518 ], [ 92.3316586, 27.2211891 ], [ 92.3316147, 27.2212043 ], [ 92.3315557, 27.2211971 ], [ 92.3314413, 27.2211724 ], [ 92.3312965, 27.2211223 ], [ 92.3311695, 27.2210635 ], [ 92.3310568, 27.2210397 ], [ 92.3309254, 27.2210373 ], [ 92.330794, 27.2210325 ], [ 92.3306796, 27.2210031 ], [ 92.3305669, 27.2209649 ], [ 92.3304614, 27.2208942 ], [ 92.3302219, 27.2206842 ], [ 92.3300748, 27.2205742 ], [ 92.3298827, 27.2204583 ], [ 92.3294663, 27.2202831 ], [ 92.329337, 27.2202091 ], [ 92.329174, 27.2201447 ], [ 92.3290394, 27.2201208 ], [ 92.3289134, 27.220127 ], [ 92.3286863, 27.2201828 ], [ 92.3284013, 27.2202651 ], [ 92.3282324, 27.2202958 ], [ 92.3281397, 27.2203087 ], [ 92.3280541, 27.2203337 ], [ 92.3279563, 27.220408 ], [ 92.3277551, 27.220656 ], [ 92.327619, 27.2208481 ], [ 92.3275161, 27.2209768 ], [ 92.3274394, 27.2210424 ], [ 92.3273976, 27.221056 ], [ 92.3273606, 27.2210536 ], [ 92.3273109, 27.2210306 ], [ 92.3272659, 27.2209879 ], [ 92.327248, 27.2209499 ], [ 92.3272102, 27.2208139 ], [ 92.3272078, 27.2207801 ], [ 92.3272165, 27.2207385 ], [ 92.3272782, 27.2205938 ], [ 92.3273299, 27.2205163 ], [ 92.3274728, 27.2203037 ], [ 92.3274969, 27.2202544 ], [ 92.3275134, 27.2202006 ], [ 92.3275429, 27.2200395 ], [ 92.3275517, 27.2199469 ], [ 92.3275503, 27.2198281 ], [ 92.3275156, 27.2194943 ], [ 92.3275062, 27.2194474 ], [ 92.3274837, 27.2193886 ], [ 92.3274638, 27.2193327 ], [ 92.3274462, 27.2192705 ], [ 92.3274298, 27.2191897 ], [ 92.3274177, 27.2191006 ], [ 92.3273955, 27.2189439 ], [ 92.3273855, 27.218894 ], [ 92.3273638, 27.2188325 ], [ 92.3273059, 27.2187551 ], [ 92.3272331, 27.2186931 ], [ 92.3271162, 27.218641 ], [ 92.3268149, 27.2185317 ], [ 92.3267411, 27.2185199 ], [ 92.32668, 27.2185213 ], [ 92.3266029, 27.2185322 ], [ 92.3261247, 27.2187188 ], [ 92.3260534, 27.2187406 ], [ 92.3259955, 27.2187466 ], [ 92.3259406, 27.218743 ], [ 92.3258912, 27.2187325 ], [ 92.3257524, 27.218687 ], [ 92.3256749, 27.2186689 ], [ 92.3255615, 27.2186532 ], [ 92.3248924, 27.2186723 ], [ 92.3245235, 27.2186975 ], [ 92.3242815, 27.2187621 ], [ 92.3238658, 27.2189002 ], [ 92.323742, 27.2189526 ], [ 92.3236226, 27.2190285 ], [ 92.3231628, 27.2193809 ], [ 92.323147, 27.2194074 ], [ 92.3231459, 27.2194304 ], [ 92.3231589, 27.2194491 ], [ 92.3231886, 27.2194686 ], [ 92.3232285, 27.2194734 ], [ 92.3232781, 27.2194704 ], [ 92.3233356, 27.2194551 ], [ 92.323389, 27.2194308 ], [ 92.3236022, 27.2192957 ], [ 92.3236583, 27.2192732 ], [ 92.3237667, 27.2192453 ], [ 92.3241999, 27.2191413 ], [ 92.3242669, 27.2191308 ], [ 92.3243381, 27.2191244 ], [ 92.3244349, 27.2191242 ], [ 92.3245335, 27.2191314 ], [ 92.3247066, 27.2191647 ], [ 92.3248428, 27.2191824 ], [ 92.325063, 27.2192076 ], [ 92.3251316, 27.2192238 ], [ 92.3252253, 27.2192604 ], [ 92.3254759, 27.2193872 ], [ 92.3257306, 27.2195003 ], [ 92.3258179, 27.2195552 ], [ 92.3259145, 27.2196393 ] ] } },
{ "type": "Feature", "properties": { "element": "way", "id": 338308715, "highway": "path", "ref": null, "ref:old": null, "source": null, "name": null, "name:en": null, "surface": "paved", "bridge": "yes", "bridge:structure": "simple-suspension", "layer": "1", "name:zh": null, "sidewalk": null, "smoothness": null, "lanes": null, "route": null, "alt_name": null, "service": null, "oneway": null }, "geometry": { "type": "LineString", "coordinates": [ [ 92.3253258, 27.2201726 ], [ 92.3250732, 27.2194543 ] ] } },
{ "type": "Feature", "properties": { "element": "way", "id": 338316003, "highway": "unclassified", "ref": null, "ref:old": null, "source": null, "name": null, "name:en": null, "surface": null, "bridge": null, "bridge:structure": null, "layer": null, "name:zh": null, "sidewalk": null, "smoothness": null, "lanes": null, "route": null, "alt_name": null, "service": null, "oneway": null }, "geometry": { "type": "LineString", "coordinates": [ [ 92.3034649, 27.2130301 ], [ 92.303371, 27.2130921 ], [ 92.3032718, 27.2131279 ], [ 92.3031735, 27.2131223 ], [ 92.3030814, 27.2130802 ], [ 92.3029214, 27.2129935 ], [ 92.3027497, 27.2129291 ], [ 92.3026093, 27.2128893 ], [ 92.302494, 27.2128464 ], [ 92.3024215, 27.2128416 ], [ 92.3023125, 27.2128503 ], [ 92.3022133, 27.2128599 ], [ 92.302114, 27.2128503 ], [ 92.3020273, 27.2128178 ], [ 92.3019531, 27.2127716 ], [ 92.3018851, 27.2127462 ], [ 92.3018261, 27.2127367 ], [ 92.3017537, 27.2127391 ], [ 92.3016742, 27.212743 ], [ 92.3015686, 27.2127391 ], [ 92.3014881, 27.2127081 ], [ 92.3013979, 27.2126762 ], [ 92.3013031, 27.2126699 ], [ 92.3012048, 27.2126786 ], [ 92.3011234, 27.2127009 ], [ 92.301008, 27.2127438 ], [ 92.3009007, 27.2127796 ], [ 92.300839, 27.2127748 ], [ 92.3007756, 27.2127502 ], [ 92.3006942, 27.2127057 ], [ 92.3005449, 27.2125903 ], [ 92.3004484, 27.2124997 ], [ 92.300367, 27.212386 ], [ 92.300266, 27.212192 ], [ 92.3001497, 27.2120473 ], [ 92.3000693, 27.2119877 ], [ 92.2999754, 27.2119781 ], [ 92.2999253, 27.2120059 ], [ 92.2998717, 27.2120775 ], [ 92.2998234, 27.2121968 ], [ 92.2997617, 27.2123423 ], [ 92.2996947, 27.212452 ], [ 92.2996052, 27.2125315 ], [ 92.2994738, 27.2125888 ], [ 92.299346, 27.2126213 ], [ 92.2992029, 27.2126603 ], [ 92.2991171, 27.2127033 ], [ 92.2989481, 27.2128035 ], [ 92.2988659, 27.2128551 ], [ 92.2987952, 27.2128822 ], [ 92.2986969, 27.2129004 ], [ 92.2983553, 27.2129203 ], [ 92.2982266, 27.2129227 ], [ 92.2981649, 27.212906 ], [ 92.2981246, 27.2128679 ], [ 92.2981032, 27.2128035 ], [ 92.2980827, 27.2126762 ], [ 92.2980656, 27.2124576 ], [ 92.2980549, 27.2122811 ], [ 92.2980361, 27.2122071 ], [ 92.2979905, 27.2121451 ], [ 92.2979003, 27.2120894 ], [ 92.2978064, 27.2120393 ], [ 92.2977411, 27.2119853 ], [ 92.2976714, 27.2119161 ], [ 92.2976016, 27.2117946 ], [ 92.2975453, 27.2116682 ], [ 92.2975158, 27.2115728 ], [ 92.2974943, 27.2114487 ], [ 92.2974836, 27.2113557 ], [ 92.2974809, 27.2112841 ], [ 92.2974461, 27.2112269 ], [ 92.2973575, 27.2111982 ], [ 92.2972556, 27.2111935 ], [ 92.2971349, 27.2111911 ], [ 92.2970276, 27.2111792 ], [ 92.2969525, 27.2111482 ], [ 92.2968586, 27.2110909 ], [ 92.2967621, 27.2110026 ], [ 92.2967353, 27.2109597 ], [ 92.2967514, 27.2109192 ], [ 92.2967943, 27.2109025 ], [ 92.296864, 27.210943 ], [ 92.2969686, 27.2109883 ], [ 92.2970571, 27.2110098 ], [ 92.2971322, 27.2110074 ], [ 92.2972583, 27.2109883 ], [ 92.2973736, 27.2109812 ], [ 92.297438, 27.2109645 ], [ 92.297489, 27.2109239 ], [ 92.2975372, 27.2108643 ], [ 92.2976231, 27.2108261 ], [ 92.297717, 27.2108023 ], [ 92.2978001, 27.2107999 ], [ 92.297852, 27.2108228 ], [ 92.2979128, 27.2108858 ], [ 92.2979584, 27.2109931 ], [ 92.298021, 27.2111377 ], [ 92.2980746, 27.2112259 ], [ 92.2981568, 27.2113104 ], [ 92.2983205, 27.2113938 ], [ 92.2987389, 27.2116372 ], [ 92.2988542, 27.211723 ], [ 92.2989239, 27.2118089 ], [ 92.2989732, 27.2118652 ], [ 92.2990205, 27.2118852 ], [ 92.2990768, 27.2118805 ], [ 92.299109, 27.2118304 ], [ 92.2991117, 27.2116658 ], [ 92.2990902, 27.2115775 ], [ 92.2990473, 27.2115179 ], [ 92.2989615, 27.2114511 ], [ 92.2989079, 27.2113628 ], [ 92.2988462, 27.2112483 ], [ 92.2987872, 27.2110957 ], [ 92.298755, 27.211005 ], [ 92.2987174, 27.2108595 ], [ 92.2986799, 27.2106258 ], [ 92.2986477, 27.2105351 ], [ 92.2985592, 27.210423 ], [ 92.2984707, 27.2103204 ], [ 92.2983741, 27.2102441 ], [ 92.2982936, 27.2102012 ], [ 92.2982051, 27.2101749 ], [ 92.2981273, 27.210163 ], [ 92.2980388, 27.210163 ], [ 92.2979154, 27.210163 ], [ 92.2978511, 27.2101558 ], [ 92.2977894, 27.210132 ], [ 92.2977438, 27.2100962 ], [ 92.2977009, 27.210027 ], [ 92.2976445, 27.2099769 ], [ 92.2975748, 27.2099626 ], [ 92.2974809, 27.2099674 ], [ 92.2973951, 27.2099626 ], [ 92.297261, 27.2099268 ], [ 92.2970786, 27.2098338 ], [ 92.2968828, 27.2096955 ], [ 92.2967433, 27.2095833 ], [ 92.2966092, 27.2094569 ], [ 92.2964912, 27.2093305 ], [ 92.2963785, 27.2092017 ], [ 92.2962525, 27.2090967 ], [ 92.2961157, 27.2090013 ], [ 92.2960513, 27.2089441 ], [ 92.296003, 27.2088797 ], [ 92.2959816, 27.20882 ], [ 92.2959708, 27.2087318 ], [ 92.2959574, 27.2083692 ], [ 92.2959413, 27.2082761 ], [ 92.2959172, 27.2082237 ], [ 92.2958796, 27.2082046 ], [ 92.2958206, 27.2082165 ], [ 92.2957089, 27.2082823 ], [ 92.2955363, 27.2083549 ], [ 92.2953807, 27.2083883 ], [ 92.2952788, 27.2083572 ], [ 92.2951903, 27.2083048 ], [ 92.2951206, 27.2082141 ], [ 92.2950508, 27.2080376 ], [ 92.2949891, 27.2078945 ], [ 92.2949489, 27.2077919 ], [ 92.2948684, 27.2077132 ], [ 92.2947451, 27.2076154 ], [ 92.2945439, 27.2074961 ], [ 92.2943588, 27.2073601 ], [ 92.294222, 27.2072671 ], [ 92.2941067, 27.2071908 ], [ 92.293994, 27.2071407 ], [ 92.2939002, 27.2071001 ], [ 92.2938036, 27.2070476 ], [ 92.2937392, 27.2070047 ], [ 92.2936722, 27.2069331 ], [ 92.2935837, 27.2068043 ], [ 92.2935032, 27.206623 ], [ 92.2934415, 27.206468 ], [ 92.2933932, 27.206301 ], [ 92.2933503, 27.2061292 ], [ 92.2932994, 27.2060648 ], [ 92.2932243, 27.2060481 ], [ 92.2931626, 27.2060815 ], [ 92.293083, 27.2061736 ], [ 92.2929382, 27.2065958 ], [ 92.2929087, 27.2067175 ], [ 92.2928756, 27.2067638 ], [ 92.2928336, 27.2067843 ], [ 92.2927763, 27.2067876 ], [ 92.2927254, 27.2067638 ], [ 92.2925537, 27.2066278 ], [ 92.2923257, 27.2064751 ], [ 92.2922151, 27.2063825 ], [ 92.2921862, 27.2063582 ], [ 92.2920414, 27.206239 ], [ 92.2919341, 27.2061746 ], [ 92.2918241, 27.2061364 ], [ 92.2916954, 27.2060887 ], [ 92.2916176, 27.2060314 ], [ 92.2915559, 27.2059408 ], [ 92.2914647, 27.2058215 ], [ 92.2913843, 27.2057571 ], [ 92.2913038, 27.205738 ], [ 92.2912153, 27.205738 ], [ 92.2911536, 27.2057213 ], [ 92.2910919, 27.2056808 ], [ 92.2910114, 27.2056235 ], [ 92.2909444, 27.2055353 ], [ 92.2907593, 27.20528 ], [ 92.2904482, 27.2048912 ], [ 92.2903167, 27.2046836 ], [ 92.290255, 27.2046192 ], [ 92.2901746, 27.2045477 ], [ 92.2901075, 27.2044713 ], [ 92.2900775, 27.2044149 ] ] } },
{ "type": "Feature", "properties": { "element": "way", "id": 338316006, "highway": "unclassified", "ref": null, "ref:old": null, "source": null, "name": null, "name:en": null, "surface": null, "bridge": null, "bridge:structure": null, "layer": null, "name:zh": null, "sidewalk": null, "smoothness": null, "lanes": null, "route": null, "alt_name": null, "service": null, "oneway": null }, "geometry": { "type": "LineString", "coordinates": [ [ 92.3034649, 27.2130301 ], [ 92.3034381, 27.2130038 ], [ 92.3034381, 27.2129728 ], [ 92.3034703, 27.2129156 ], [ 92.3035427, 27.2128488 ], [ 92.3036339, 27.2128035 ], [ 92.3038136, 27.2127414 ], [ 92.3039611, 27.2127081 ], [ 92.3040818, 27.2126675 ], [ 92.3042518, 27.212576 ], [ 92.3044502, 27.2124735 ], [ 92.3045968, 27.2123789 ], [ 92.304697, 27.2122993 ], [ 92.3047497, 27.2122525 ], [ 92.3048087, 27.2121857 ], [ 92.3048811, 27.2121427 ], [ 92.3049831, 27.2120759 ], [ 92.3050913, 27.2119892 ], [ 92.3051869, 27.2119161 ], [ 92.305262, 27.2118328 ], [ 92.3052996, 27.2117874 ], [ 92.3053639, 27.2117373 ], [ 92.3054632, 27.2116872 ], [ 92.3055839, 27.2116133 ], [ 92.3056751, 27.211568 ], [ 92.3058065, 27.2115274 ], [ 92.3059808, 27.2114869 ], [ 92.3061605, 27.2114487 ], [ 92.3062625, 27.2114344 ], [ 92.3063724, 27.2113843 ], [ 92.3064636, 27.2113056 ], [ 92.306528, 27.2112245 ], [ 92.3065468, 27.2111577 ], [ 92.3065468, 27.2110838 ], [ 92.3065173, 27.2110026 ], [ 92.3064905, 27.2109311 ], [ 92.3064797, 27.2108643 ], [ 92.3064958, 27.2107927 ], [ 92.3065307, 27.2107164 ], [ 92.3065682, 27.2106615 ], [ 92.3066246, 27.2106043 ], [ 92.3066782, 27.21059 ], [ 92.3067614, 27.2105852 ], [ 92.3068231, 27.210547 ], [ 92.3068794, 27.2104779 ], [ 92.3069008, 27.2104278 ], [ 92.3068955, 27.2103896 ], [ 92.306866, 27.2103777 ], [ 92.3067855, 27.2103705 ], [ 92.3066943, 27.2103634 ], [ 92.3065897, 27.2103467 ], [ 92.3064583, 27.210287 ], [ 92.3063778, 27.2102513 ], [ 92.3063134, 27.2102369 ], [ 92.3062491, 27.2102489 ], [ 92.3062098, 27.2102813 ], [ 92.306191, 27.2103505 ], [ 92.3061391, 27.2105423 ], [ 92.3060962, 27.2106091 ], [ 92.3060247, 27.2106415 ], [ 92.3059138, 27.2106735 ], [ 92.3058199, 27.2107164 ], [ 92.3057394, 27.2107856 ], [ 92.3056026, 27.2108738 ], [ 92.3054551, 27.2109239 ], [ 92.3052325, 27.210986 ], [ 92.3050528, 27.2110146 ], [ 92.304924, 27.2110146 ], [ 92.3048355, 27.2110217 ], [ 92.3047765, 27.2110527 ], [ 92.3047282, 27.2111004 ], [ 92.3046541, 27.2111878 ], [ 92.30457, 27.2112698 ], [ 92.3044884, 27.2113556 ], [ 92.30441, 27.2114382 ], [ 92.3042991, 27.2115537 ], [ 92.3042401, 27.2116085 ], [ 92.3041471, 27.2116434 ], [ 92.3040657, 27.2116562 ] ] } },
{ "type": "Feature", "properties": { "element": "way", "id": 338329175, "highway": "path", "ref": null, "ref:old": null, "source": null, "name": null, "name:en": null, "surface": null, "bridge": "yes", "bridge:structure": "suspension", "layer": "1", "name:zh": null, "sidewalk": null, "smoothness": null, "lanes": null, "route": null, "alt_name": null, "service": null, "oneway": null }, "geometry": { "type": "LineString", "coordinates": [ [ 92.4008346, 27.2016922 ], [ 92.4003545, 27.2021717 ] ] } },
{ "type": "Feature", "properties": { "element": "way", "id": 338329179, "highway": "secondary", "ref": null, "ref:old": null, "source": null, "name": null, "name:en": null, "surface": null, "bridge": null, "bridge:structure": null, "layer": null, "name:zh": null, "sidewalk": null, "smoothness": null, "lanes": null, "route": null, "alt_name": null, "service": null, "oneway": null }, "geometry": { "type": "LineString", "coordinates": [ [ 92.3377229, 27.1911771 ], [ 92.3377765, 27.1911437 ], [ 92.3378375, 27.1911427 ], [ 92.3378858, 27.1911785 ], [ 92.3380199, 27.1912715 ], [ 92.3381326, 27.1913192 ], [ 92.3382184, 27.1913503 ], [ 92.3383364, 27.191367 ], [ 92.338441, 27.1914123 ], [ 92.3385456, 27.191491 ], [ 92.3386154, 27.1915721 ], [ 92.3386449, 27.1916461 ], [ 92.3386556, 27.1917248 ], [ 92.3386529, 27.1917988 ], [ 92.33861, 27.191856 ], [ 92.338551, 27.1919491 ], [ 92.3385215, 27.1920278 ], [ 92.3385161, 27.1920994 ], [ 92.338543, 27.1921686 ], [ 92.3385886, 27.192233 ], [ 92.3387099, 27.1923747 ], [ 92.3387716, 27.1924701 ], [ 92.3387984, 27.192568 ], [ 92.3388031, 27.1926791 ], [ 92.3388192, 27.1927937 ], [ 92.3388407, 27.1928962 ], [ 92.3388943, 27.1930084 ], [ 92.3390553, 27.1933185 ], [ 92.339174, 27.1934841 ], [ 92.3393798, 27.1936907 ], [ 92.339477, 27.1938205 ], [ 92.3395682, 27.1939541 ], [ 92.3395998, 27.1940533 ], [ 92.3396346, 27.1942275 ], [ 92.3396856, 27.1943444 ], [ 92.3397553, 27.1944494 ], [ 92.3398465, 27.1945305 ], [ 92.339933, 27.1945529 ], [ 92.3400108, 27.1945362 ], [ 92.3400557, 27.1944732 ], [ 92.340045, 27.1944088 ], [ 92.3400081, 27.194362 ], [ 92.339933, 27.1942809 ], [ 92.3398653, 27.1941845 ], [ 92.3397855, 27.1940567 ], [ 92.3397312, 27.1939531 ], [ 92.3396373, 27.1937694 ], [ 92.3396078, 27.1936812 ], [ 92.339589, 27.1935714 ], [ 92.3395622, 27.1935022 ], [ 92.3395226, 27.1934435 ], [ 92.3394522, 27.193371 ], [ 92.3393537, 27.1932813 ], [ 92.3393107, 27.1932121 ], [ 92.3392678, 27.1931238 ], [ 92.339243, 27.1930036 ], [ 92.339243, 27.1928819 ], [ 92.3392296, 27.1926911 ], [ 92.3391847, 27.1925035 ], [ 92.3391364, 27.1923866 ], [ 92.3390392, 27.1922521 ], [ 92.3390177, 27.1921686 ], [ 92.3390237, 27.1920813 ], [ 92.3390633, 27.1920159 ], [ 92.3391444, 27.1918451 ], [ 92.3391652, 27.1917535 ], [ 92.3391713, 27.1916447 ], [ 92.3391793, 27.1915469 ], [ 92.339184, 27.1914242 ], [ 92.3391766, 27.191325 ], [ 92.3391123, 27.1912462 ], [ 92.3390499, 27.1912143 ], [ 92.3389533, 27.1912071 ], [ 92.3388273, 27.1912071 ], [ 92.3386965, 27.1911985 ], [ 92.3386026, 27.1911508 ], [ 92.3385537, 27.1910473 ], [ 92.3385329, 27.1909528 ], [ 92.3385329, 27.1908669 ], [ 92.3385463, 27.1907524 ], [ 92.3385839, 27.1905591 ], [ 92.338602, 27.1903697 ], [ 92.3385671, 27.1902719 ], [ 92.3385188, 27.1902313 ], [ 92.3384658, 27.1902251 ], [ 92.3383954, 27.1902433 ], [ 92.3382915, 27.1902991 ], [ 92.338144, 27.1903778 ], [ 92.3380608, 27.1904041 ], [ 92.3379985, 27.1903983 ], [ 92.337975, 27.1903659 ], [ 92.3379797, 27.1903124 ], [ 92.338036, 27.1902576 ], [ 92.3384196, 27.1900929 ], [ 92.3385832, 27.1900214 ], [ 92.3386744, 27.1900118 ], [ 92.3387495, 27.1900452 ], [ 92.338787, 27.1901049 ], [ 92.3387689, 27.1901726 ], [ 92.3387146, 27.1902528 ], [ 92.3386878, 27.1903124 ], [ 92.3386905, 27.1903912 ], [ 92.3387146, 27.1904604 ], [ 92.3387173, 27.1905534 ], [ 92.3387012, 27.190625 ], [ 92.3386798, 27.1907228 ], [ 92.3386717, 27.1908206 ], [ 92.3386717, 27.1909017 ], [ 92.3386985, 27.1909638 ], [ 92.3387575, 27.1909876 ], [ 92.3388621, 27.1909805 ], [ 92.3389674, 27.190948 ], [ 92.3391009, 27.1909375 ], [ 92.3392088, 27.1909623 ], [ 92.3392759, 27.1910029 ], [ 92.3393584, 27.1910497 ], [ 92.3394227, 27.1910807 ], [ 92.3394978, 27.1911117 ], [ 92.3395756, 27.1911785 ], [ 92.3396319, 27.1912835 ], [ 92.3396648, 27.1913584 ], [ 92.3397453, 27.1915182 ], [ 92.3397634, 27.191627 ], [ 92.3397768, 27.1917153 ], [ 92.3397741, 27.1918059 ], [ 92.33975, 27.1918656 ], [ 92.3397205, 27.1919038 ], [ 92.3396695, 27.191961 ], [ 92.3396407, 27.1920264 ], [ 92.3396024, 27.1921304 ], [ 92.3395924, 27.1922196 ], [ 92.3395917, 27.1922903 ], [ 92.3396105, 27.1924262 ], [ 92.3396641, 27.1926147 ], [ 92.3396936, 27.1927793 ], [ 92.3397178, 27.1929296 ], [ 92.339758, 27.1930394 ], [ 92.3397982, 27.1931157 ], [ 92.339866, 27.1931978 ], [ 92.3399431, 27.193266 ], [ 92.3400209, 27.1933328 ], [ 92.34011, 27.1934364 ], [ 92.3402113, 27.1935189 ], [ 92.3403159, 27.1935881 ], [ 92.3406029, 27.193748 ], [ 92.3406914, 27.1938028 ], [ 92.3407558, 27.1938816 ], [ 92.3407826, 27.1939603 ], [ 92.3408014, 27.1940438 ], [ 92.3408282, 27.1941368 ], [ 92.3408684, 27.1942346 ], [ 92.3409543, 27.1944112 ], [ 92.3410374, 27.1944947 ], [ 92.3411635, 27.1945639 ], [ 92.3413385, 27.1946197 ], [ 92.3415068, 27.1946378 ], [ 92.3416355, 27.1946354 ], [ 92.3417884, 27.1946044 ], [ 92.3419869, 27.1945663 ], [ 92.3422451, 27.1945243 ], [ 92.342349, 27.1945138 ], [ 92.342467, 27.1945352 ], [ 92.3425643, 27.1945839 ], [ 92.3426682, 27.1946498 ], [ 92.3428694, 27.1948287 ], [ 92.3431403, 27.195084 ], [ 92.3432771, 27.1952295 ], [ 92.3434065, 27.1953998 ], [ 92.343503, 27.1955549 ], [ 92.3435828, 27.195709 ], [ 92.3436418, 27.1958068 ], [ 92.3436928, 27.1958402 ], [ 92.3437786, 27.1958808 ], [ 92.3438779, 27.1959356 ], [ 92.3439878, 27.1960168 ], [ 92.3440368, 27.196044 ], [ 92.3441971, 27.1960979 ], [ 92.3443017, 27.1961694 ], [ 92.3443768, 27.1962052 ], [ 92.3444975, 27.1962458 ], [ 92.3446477, 27.1963126 ], [ 92.3447147, 27.1963698 ], [ 92.3447529, 27.1964543 ], [ 92.3447818, 27.1965702 ], [ 92.3448059, 27.1966704 ], [ 92.3448381, 27.1967492 ], [ 92.3449078, 27.196878 ], [ 92.3449997, 27.1970555 ], [ 92.3450929, 27.1971738 ], [ 92.3451787, 27.1972168 ], [ 92.3453216, 27.1972726 ], [ 92.3454476, 27.1973155 ], [ 92.3456079, 27.1973408 ], [ 92.345675, 27.1973217 ], [ 92.3456917, 27.197263 ], [ 92.3456515, 27.1972249 ], [ 92.3455355, 27.1971857 ], [ 92.3454067, 27.197138 ], [ 92.3452974, 27.1970722 ], [ 92.3451948, 27.1969925 ], [ 92.345109, 27.1968947 ], [ 92.3450393, 27.1967778 ], [ 92.3449776, 27.1965488 ], [ 92.3449159, 27.1964056 ], [ 92.3448576, 27.196242 ], [ 92.3447952, 27.1961647 ], [ 92.3446859, 27.1960964 ], [ 92.3445303, 27.1960296 ], [ 92.3444069, 27.1959628 ], [ 92.3442802, 27.1958641 ], [ 92.3441756, 27.1957639 ], [ 92.3440985, 27.1956336 ], [ 92.344077, 27.1955764 ], [ 92.3440743, 27.1954714 ], [ 92.3440904, 27.1953664 ], [ 92.3440797, 27.1952591 ], [ 92.3440308, 27.1951555 ], [ 92.3439536, 27.1950587 ], [ 92.3438403, 27.194936 ], [ 92.343607, 27.194707 ], [ 92.3434702, 27.1945782 ], [ 92.3433582, 27.1945147 ], [ 92.3432422, 27.1944756 ], [ 92.3431463, 27.1944646 ], [ 92.3430785, 27.1944488 ], [ 92.3430229, 27.1943931 ], [ 92.3429954, 27.1943205 ], [ 92.3429746, 27.1942046 ], [ 92.3429371, 27.1940233 ], [ 92.3428915, 27.1938658 ], [ 92.3428378, 27.1937608 ], [ 92.3427601, 27.1937107 ], [ 92.3426528, 27.1936869 ], [ 92.3425348, 27.1936893 ], [ 92.3424033, 27.1936988 ], [ 92.3423195, 27.1936907 ], [ 92.3422471, 27.1936525 ], [ 92.3421774, 27.193581 ], [ 92.3421539, 27.1934936 ], [ 92.3421452, 27.1933137 ], [ 92.3421639, 27.1930203 ], [ 92.3421592, 27.1927803 ], [ 92.3421405, 27.1925894 ], [ 92.3420996, 27.1924429 ], [ 92.3420459, 27.1922521 ], [ 92.342001, 27.1921004 ], [ 92.3419688, 27.1920073 ], [ 92.3419172, 27.1919348 ], [ 92.3418293, 27.1918928 ], [ 92.3416731, 27.1918775 ], [ 92.3415873, 27.1918417 ], [ 92.3414719, 27.1917296 ], [ 92.3413492, 27.1915349 ], [ 92.3413251, 27.1914228 ], [ 92.3413439, 27.191251 ], [ 92.3413834, 27.1911236 ], [ 92.3414243, 27.1910888 ], [ 92.3414773, 27.1910807 ], [ 92.3415122, 27.1911165 ], [ 92.3415283, 27.1912 ], [ 92.3414988, 27.1913479 ], [ 92.3415095, 27.1914624 ], [ 92.3415524, 27.1915554 ], [ 92.3416355, 27.1916222 ], [ 92.3416808, 27.1916379 ], [ 92.3417321, 27.1916556 ], [ 92.3418957, 27.1916604 ], [ 92.3420647, 27.1916461 ], [ 92.3421666, 27.1916533 ], [ 92.3422424, 27.1916995 ], [ 92.3422954, 27.1917916 ], [ 92.3423329, 27.1919061 ], [ 92.3423624, 27.1920493 ], [ 92.3423892, 27.1922616 ], [ 92.3424892, 27.1925489 ], [ 92.342577, 27.1927436 ], [ 92.3426065, 27.1928748 ], [ 92.3426226, 27.1930155 ], [ 92.3426414, 27.1931563 ], [ 92.3427037, 27.1932527 ], [ 92.3427889, 27.1933066 ], [ 92.342923, 27.1933686 ], [ 92.3430518, 27.1934378 ], [ 92.3431537, 27.1935213 ], [ 92.3432368, 27.1936215 ], [ 92.3432958, 27.1937456 ], [ 92.3433414, 27.1938649 ], [ 92.3433897, 27.1939269 ], [ 92.3434628, 27.1939541 ], [ 92.343548, 27.1939651 ], [ 92.343666, 27.1939674 ], [ 92.3437491, 27.1939841 ], [ 92.3438537, 27.1940295 ], [ 92.3439181, 27.1940915 ], [ 92.3439912, 27.1942117 ], [ 92.3440844, 27.19428 ], [ 92.3441461, 27.1943014 ], [ 92.3442587, 27.194311 ], [ 92.3443748, 27.1943453 ], [ 92.344468, 27.1943993 ], [ 92.344586, 27.194509 ], [ 92.3446664, 27.1946092 ], [ 92.3447684, 27.1947643 ], [ 92.344828, 27.1949012 ], [ 92.3449025, 27.1950267 ], [ 92.3450285, 27.1951698 ], [ 92.3452243, 27.1953416 ], [ 92.3454443, 27.1955468 ], [ 92.345675, 27.1957734 ], [ 92.3458258, 27.1959008 ], [ 92.3459566, 27.1959953 ], [ 92.3460478, 27.1960454 ], [ 92.3461344, 27.1960751 ], [ 92.3461832, 27.1961035 ], [ 92.3462504, 27.1961903 ], [ 92.3462892, 27.1962959 ], [ 92.346308, 27.1964605 ], [ 92.3463375, 27.1965345 ], [ 92.3463696, 27.1965583 ], [ 92.3464394, 27.1965774 ], [ 92.3465896, 27.1965702 ], [ 92.3467157, 27.1965702 ], [ 92.3468068, 27.1965893 ], [ 92.3469068, 27.196638 ], [ 92.3470751, 27.1967539 ], [ 92.3472145, 27.1968613 ], [ 92.3473031, 27.1969496 ], [ 92.3474157, 27.1970164 ], [ 92.3475418, 27.1970617 ], [ 92.3477651, 27.1971151 ], [ 92.3479206, 27.1971628 ], [ 92.3480219, 27.1972263 ], [ 92.3480702, 27.1972979 ], [ 92.348097, 27.1973981 ], [ 92.3480916, 27.1975555 ], [ 92.3480836, 27.1976486 ], [ 92.3481077, 27.1977488 ], [ 92.3481587, 27.1978728 ], [ 92.3482096, 27.1979229 ], [ 92.3482606, 27.1979396 ], [ 92.3484001, 27.1979492 ], [ 92.3485556, 27.1979492 ], [ 92.3487059, 27.1979754 ], [ 92.3487863, 27.1980255 ], [ 92.3488406, 27.1981123 ], [ 92.3488453, 27.1982378 ], [ 92.348797, 27.1983356 ], [ 92.3487568, 27.1984144 ], [ 92.3487756, 27.198505 ], [ 92.34884, 27.1985909 ], [ 92.3489365, 27.1986458 ], [ 92.3490384, 27.1986601 ], [ 92.3491437, 27.1986372 ], [ 92.3492208, 27.1986267 ], [ 92.3493389, 27.198641 ], [ 92.349473, 27.1986505 ], [ 92.349591, 27.1986434 ], [ 92.3496768, 27.1986577 ], [ 92.3497653, 27.1987054 ], [ 92.3498324, 27.1988151 ], [ 92.3498941, 27.1988772 ], [ 92.3499638, 27.1989153 ], [ 92.3500523, 27.1989273 ], [ 92.3501918, 27.1989296 ], [ 92.350334, 27.1989368 ], [ 92.3504151, 27.1989759 ], [ 92.3504868, 27.1990489 ], [ 92.3505137, 27.1991611 ], [ 92.350511, 27.1992565 ], [ 92.3504815, 27.1993567 ], [ 92.3504547, 27.1994688 ], [ 92.3504573, 27.1995451 ], [ 92.3504875, 27.199601 ], [ 92.3505432, 27.1996453 ], [ 92.3506344, 27.1996763 ], [ 92.3507551, 27.1997097 ], [ 92.3508302, 27.1997742 ], [ 92.3508516, 27.1998457 ], [ 92.3508925, 27.2002093 ], [ 92.3509481, 27.2003368 ], [ 92.3510232, 27.2004036 ], [ 92.3511241, 27.2004401 ], [ 92.35128, 27.2004469 ], [ 92.3514245, 27.200419 ], [ 92.3515222, 27.2003753 ], [ 92.3515973, 27.2003228 ], [ 92.3516777, 27.200237 ], [ 92.3517723, 27.2001162 ], [ 92.3518581, 27.2000017 ], [ 92.3519305, 27.1998729 ], [ 92.3519781, 27.199736 ], [ 92.3520378, 27.1996391 ], [ 92.3521444, 27.1994736 ], [ 92.3522739, 27.1993171 ], [ 92.3524643, 27.1990594 ], [ 92.3525763, 27.1988986 ], [ 92.3526681, 27.1987922 ], [ 92.3527667, 27.1987102 ], [ 92.3528981, 27.1986529 ], [ 92.3530162, 27.1986362 ], [ 92.3530939, 27.1986362 ], [ 92.3531664, 27.1986577 ], [ 92.3532314, 27.1987016 ], [ 92.3532629, 27.1987698 ], [ 92.3533273, 27.1990203 ], [ 92.353397, 27.1991825 ], [ 92.3534567, 27.199255 ], [ 92.3535258, 27.1992851 ], [ 92.3536143, 27.1992875 ], [ 92.3537189, 27.1992398 ], [ 92.3538269, 27.1991334 ], [ 92.3540468, 27.1989187 ], [ 92.3542017, 27.1987627 ], [ 92.3544592, 27.1985217 ], [ 92.3547683, 27.1982388 ], [ 92.3548488, 27.1981744 ], [ 92.3549474, 27.19814 ], [ 92.3550439, 27.1981328 ], [ 92.3551324, 27.1981567 ], [ 92.3551941, 27.1981877 ], [ 92.3553336, 27.1983094 ], [ 92.3554221, 27.1983428 ], [ 92.3555321, 27.1983499 ], [ 92.3556474, 27.1983213 ], [ 92.3557634, 27.1982984 ], [ 92.3558513, 27.1983022 ], [ 92.3559559, 27.1983165 ], [ 92.3560873, 27.1983332 ], [ 92.3561704, 27.1983356 ], [ 92.3562643, 27.1983738 ], [ 92.3563341, 27.1984334 ], [ 92.3563957, 27.1984955 ], [ 92.3564574, 27.1985145 ], [ 92.3565252, 27.1985274 ], [ 92.3566211, 27.1985289 ], [ 92.356721, 27.1985441 ], [ 92.3567954, 27.1985503 ], [ 92.3568785, 27.1985432 ], [ 92.3569758, 27.1985179 ], [ 92.3570831, 27.1984678 ], [ 92.3572252, 27.198358 ], [ 92.3575115, 27.1981591 ], [ 92.3576919, 27.1980551 ], [ 92.3579031, 27.1979468 ], [ 92.358172, 27.1978237 ], [ 92.3583678, 27.1977235 ], [ 92.358628, 27.1975541 ], [ 92.3587775, 27.1974792 ], [ 92.3589526, 27.1974229 ], [ 92.3593576, 27.1972941 ], [ 92.3597887, 27.1971834 ], [ 92.3601642, 27.1970712 ], [ 92.36036, 27.1969997 ], [ 92.3605612, 27.1969329 ], [ 92.360816, 27.1968637 ], [ 92.3609635, 27.196804 ], [ 92.3611547, 27.1967286 ], [ 92.3614497, 27.1965903 ], [ 92.3616965, 27.1964686 ], [ 92.3618601, 27.1963517 ], [ 92.3621008, 27.1961504 ], [ 92.3622269, 27.1960239 ], [ 92.3623858, 27.1958292 ], [ 92.3624173, 27.1957496 ], [ 92.3624207, 27.1956789 ], [ 92.3624019, 27.1956408 ], [ 92.3623181, 27.1954871 ], [ 92.3622758, 27.1953688 ], [ 92.3622617, 27.1952772 ], [ 92.3622456, 27.1951579 ], [ 92.3622161, 27.1950673 ], [ 92.3621793, 27.1949871 ], [ 92.3620847, 27.1948382 ], [ 92.3619754, 27.1946746 ], [ 92.3618889, 27.1945806 ], [ 92.3617843, 27.1945018 ], [ 92.3617065, 27.1944207 ], [ 92.3616455, 27.1943406 ], [ 92.361551, 27.1941822 ], [ 92.3614061, 27.1939388 ], [ 92.361211, 27.1935843 ], [ 92.3610956, 27.1933743 ], [ 92.3610447, 27.1932694 ], [ 92.3609984, 27.1931444 ], [ 92.3609394, 27.1930131 ], [ 92.3608428, 27.1928795 ], [ 92.3607952, 27.1927302 ], [ 92.3607275, 27.1925288 ], [ 92.3606772, 27.19242 ], [ 92.3605988, 27.192307 ], [ 92.3605512, 27.1922173 ], [ 92.3605056, 27.1920884 ], [ 92.3604251, 27.1919381 ], [ 92.3603493, 27.1918131 ], [ 92.3603044, 27.1917139 ], [ 92.3602689, 27.191596 ], [ 92.3602394, 27.1914767 ], [ 92.3602367, 27.1913741 ], [ 92.3602534, 27.1912391 ], [ 92.3603017, 27.1910005 ], [ 92.3603305, 27.1908803 ], [ 92.3604056, 27.1907156 ], [ 92.3604486, 27.1905797 ], [ 92.3604834, 27.1904699 ], [ 92.3605049, 27.1904198 ], [ 92.3605377, 27.1903754 ], [ 92.3605854, 27.190353 ], [ 92.3606631, 27.1903411 ], [ 92.360749, 27.1903339 ], [ 92.3608482, 27.1903077 ], [ 92.3609555, 27.1902456 ], [ 92.3610869, 27.1901359 ], [ 92.3611868, 27.1900605 ], [ 92.361278, 27.1900056 ], [ 92.3613847, 27.1899665 ], [ 92.3614705, 27.1899522 ], [ 92.3615858, 27.1899426 ], [ 92.3617119, 27.1898925 ], [ 92.3618433, 27.1898138 ], [ 92.3620445, 27.1897088 ], [ 92.3621337, 27.1896501 ], [ 92.3622034, 27.1895881 ], [ 92.3622758, 27.1894927 ], [ 92.3623482, 27.1893638 ], [ 92.3626265, 27.1889788 ], [ 92.362654, 27.188932 ], [ 92.362715, 27.1888285 ], [ 92.3627848, 27.1886996 ], [ 92.3628364, 27.1885527 ], [ 92.3628809, 27.1884244 ], [ 92.3629323, 27.1882797 ] ] } },
{ "type": "Feature", "properties": { "element": "way", "id": 338332420, "highway": "track", "ref": null, "ref:old": null, "source": null, "name": null, "name:en": null, "surface": null, "bridge": null, "bridge:structure": null, "layer": null, "name:zh": null, "sidewalk": null, "smoothness": null, "lanes": null, "route": null, "alt_name": null, "service": null, "oneway": null }, "geometry": { "type": "LineString", "coordinates": [ [ 92.362654, 27.188932 ], [ 92.3626828, 27.1889334 ], [ 92.3627398, 27.1888986 ], [ 92.362874, 27.1887077 ], [ 92.3629403, 27.1886233 ], [ 92.3629705, 27.188567 ], [ 92.3629946, 27.1884835 ], [ 92.3630288, 27.1884467 ], [ 92.3630637, 27.1884515 ], [ 92.3630718, 27.1884921 ], [ 92.3630537, 27.1885598 ], [ 92.362994, 27.1888571 ], [ 92.3629162, 27.1890766 ], [ 92.3628686, 27.1892064 ], [ 92.3628143, 27.1893891 ], [ 92.3627365, 27.1896158 ], [ 92.3626808, 27.1897122 ], [ 92.3626212, 27.1897685 ], [ 92.3625943, 27.1898162 ], [ 92.3625997, 27.1898401 ], [ 92.3626319, 27.1898591 ], [ 92.3626936, 27.189852 ], [ 92.362833, 27.1898138 ], [ 92.3629651, 27.1897623 ], [ 92.3631174, 27.1896611 ], [ 92.3632334, 27.1895714 ], [ 92.363348, 27.1894464 ], [ 92.3634473, 27.1892889 ], [ 92.3635418, 27.1891348 ], [ 92.3636223, 27.1890155 ], [ 92.3636672, 27.1889931 ], [ 92.3637001, 27.1890107 ], [ 92.3637155, 27.1890623 ], [ 92.3637101, 27.1891529 ], [ 92.3637262, 27.189246 ], [ 92.3637852, 27.1893438 ], [ 92.3638416, 27.1894345 ], [ 92.363863, 27.189518 ], [ 92.3638925, 27.1896229 ], [ 92.3639301, 27.1896826 ], [ 92.3639757, 27.1897088 ], [ 92.36404, 27.189716 ], [ 92.3641239, 27.1896835 ], [ 92.3642124, 27.1896287 ], [ 92.3642814, 27.1895347 ], [ 92.3643545, 27.1894163 ], [ 92.3644135, 27.1892899 ], [ 92.364496, 27.1891052 ], [ 92.3645631, 27.1889454 ], [ 92.3646147, 27.18887 ], [ 92.3646838, 27.1888118 ], [ 92.3647944, 27.1887435 ], [ 92.3648856, 27.1887077 ], [ 92.3649279, 27.1887187 ], [ 92.3649413, 27.1887617 ], [ 92.3649252, 27.1888189 ], [ 92.3649225, 27.1888786 ], [ 92.3649466, 27.1889406 ], [ 92.3649788, 27.189048 ], [ 92.3649869, 27.1891601 ], [ 92.3649788, 27.1892317 ], [ 92.3649922, 27.1892842 ], [ 92.3650304, 27.1893114 ], [ 92.3650673, 27.1893104 ], [ 92.3651156, 27.1892746 ], [ 92.3652262, 27.1891801 ], [ 92.3653201, 27.1890513 ], [ 92.3653952, 27.188963 ], [ 92.3654945, 27.1888724 ], [ 92.3655481, 27.1888342 ], [ 92.3655984, 27.1888237 ], [ 92.3656225, 27.1888404 ], [ 92.3656333, 27.1888762 ], [ 92.3656199, 27.1889382 ], [ 92.3655769, 27.1890551 ], [ 92.3655508, 27.1891229 ], [ 92.3655555, 27.189172 ], [ 92.3655877, 27.1891935 ], [ 92.3656279, 27.1891863 ], [ 92.3656715, 27.1891515 ], [ 92.3657439, 27.1891181 ], [ 92.3658344, 27.1890909 ], [ 92.3659498, 27.1890694 ], [ 92.3660497, 27.1890513 ], [ 92.3661375, 27.1890169 ], [ 92.3662026, 27.1889654 ], [ 92.3662589, 27.1888891 ], [ 92.3663146, 27.1888475 ], [ 92.3663823, 27.1888366 ], [ 92.3664386, 27.1888509 ], [ 92.3665452, 27.1888881 ], [ 92.366682, 27.1889454 ], [ 92.3667383, 27.1889883 ], [ 92.366798, 27.1890942 ], [ 92.36691, 27.189351 ], [ 92.3669744, 27.1894607 ], [ 92.3670548, 27.189549 ], [ 92.3672131, 27.1896874 ], [ 92.3672989, 27.1897852 ], [ 92.3673123, 27.1898472 ], [ 92.3672962, 27.1898782 ], [ 92.3672453, 27.1898902 ], [ 92.3671494, 27.189903 ], [ 92.3670823, 27.1899126 ], [ 92.3670072, 27.1899341 ], [ 92.3668999, 27.1899412 ], [ 92.3668403, 27.1899307 ], [ 92.3668054, 27.189914 ], [ 92.3667792, 27.189872 ], [ 92.3667336, 27.1898076 ], [ 92.3666693, 27.1898052 ], [ 92.3666418, 27.1898281 ], [ 92.3666371, 27.1898696 ], [ 92.3666639, 27.1899364 ], [ 92.3666686, 27.1899951 ], [ 92.366674, 27.1900548 ], [ 92.3667015, 27.1901011 ], [ 92.3667383, 27.1901287 ], [ 92.3668188, 27.190143 ], [ 92.3668993, 27.1901669 ], [ 92.3669878, 27.190186 ], [ 92.3671085, 27.1902242 ], [ 92.3672346, 27.1902719 ], [ 92.3673418, 27.1902934 ], [ 92.3674277, 27.1902981 ], [ 92.3674813, 27.1903029 ], [ 92.3675376, 27.190322 ], [ 92.3676396, 27.1903673 ], [ 92.367771, 27.1904317 ], [ 92.3679185, 27.1905224 ], [ 92.3680794, 27.1905749 ], [ 92.3681894, 27.1906011 ], [ 92.3683101, 27.1906321 ], [ 92.3684415, 27.1906679 ], [ 92.3685274, 27.1906822 ], [ 92.3685891, 27.1906846 ], [ 92.3686648, 27.1906641 ], [ 92.3687446, 27.1906512 ], [ 92.3687956, 27.1906632 ], [ 92.368801, 27.1906966 ], [ 92.3687775, 27.1907333 ], [ 92.3687078, 27.1907786 ], [ 92.3686246, 27.1908073 ], [ 92.3685488, 27.1908421 ], [ 92.3684818, 27.1908898 ], [ 92.3684288, 27.1909265 ], [ 92.3683691, 27.1909423 ], [ 92.3682752, 27.1909518 ], [ 92.3681123, 27.1909409 ], [ 92.368005, 27.1909265 ], [ 92.3678461, 27.190928 ], [ 92.3677093, 27.1909375 ], [ 92.3676262, 27.1909495 ], [ 92.3675591, 27.1909781 ], [ 92.3674947, 27.1910234 ], [ 92.3674572, 27.1910687 ], [ 92.3674384, 27.1911093 ], [ 92.3674304, 27.1911737 ], [ 92.3674411, 27.191219 ], [ 92.367484, 27.1912811 ], [ 92.3675464, 27.1913274 ], [ 92.3676127, 27.1913383 ], [ 92.3676583, 27.1913169 ], [ 92.3677287, 27.1912916 ], [ 92.367822, 27.1912763 ], [ 92.3679105, 27.1912882 ], [ 92.3679675, 27.1913226 ], [ 92.3679836, 27.1913631 ], [ 92.3679722, 27.1914051 ], [ 92.3679373, 27.1914362 ], [ 92.3678863, 27.1914457 ], [ 92.3677958, 27.1914514 ], [ 92.3677314, 27.1914562 ], [ 92.3676832, 27.1914777 ], [ 92.3676396, 27.1915125 ], [ 92.3675698, 27.1915364 ], [ 92.3675249, 27.1915302 ], [ 92.3674545, 27.1914886 ], [ 92.3673747, 27.191418 ], [ 92.3672969, 27.1913274 ], [ 92.3672325, 27.1912749 ], [ 92.3671648, 27.191293 ], [ 92.3671407, 27.1913336 ], [ 92.3671353, 27.1913837 ], [ 92.3671729, 27.1914886 ], [ 92.3672506, 27.1916008 ], [ 92.3673633, 27.1916914 ], [ 92.3674599, 27.191763 ], [ 92.3675537, 27.1918012 ], [ 92.3676905, 27.191868 ], [ 92.3677844, 27.1919181 ], [ 92.3678676, 27.1919396 ], [ 92.3679587, 27.1919396 ], [ 92.3680318, 27.1919166 ], [ 92.3681358, 27.1918918 ], [ 92.3682162, 27.1918465 ], [ 92.3683101, 27.1918203 ], [ 92.3683638, 27.1918179 ], [ 92.3684657, 27.1918155 ], [ 92.3685622, 27.1918155 ], [ 92.3686266, 27.1918036 ], [ 92.3687078, 27.1917687 ], [ 92.3687956, 27.1917463 ], [ 92.3689109, 27.1917272 ], [ 92.3690424, 27.1917177 ], [ 92.3691738, 27.1917201 ], [ 92.369375, 27.1917129 ], [ 92.3696009, 27.1916733 ], [ 92.3697585, 27.1916556 ], [ 92.3699489, 27.1916509 ], [ 92.3701313, 27.1916509 ], [ 92.3702842, 27.1916604 ], [ 92.3704163, 27.1916828 ], [ 92.3705203, 27.1917105 ], [ 92.3706383, 27.1917463 ], [ 92.3707107, 27.1917654 ], [ 92.3707697, 27.1917773 ], [ 92.3708347, 27.1918021 ], [ 92.3708984, 27.1918322 ], [ 92.3709843, 27.1918894 ], [ 92.3710647, 27.1919324 ], [ 92.3710916, 27.191961 ], [ 92.3710916, 27.1919944 ], [ 92.3710621, 27.1920016 ], [ 92.3710084, 27.1920064 ], [ 92.370936, 27.1920135 ], [ 92.3708824, 27.1920135 ], [ 92.3708401, 27.1920025 ], [ 92.3707784, 27.1919834 ], [ 92.370714, 27.1919405 ], [ 92.3706631, 27.1919143 ], [ 92.3706141, 27.1919014 ], [ 92.3705612, 27.191919 ], [ 92.3705048, 27.1919524 ], [ 92.3704485, 27.1919858 ], [ 92.3703405, 27.1920231 ], [ 92.3702306, 27.1920469 ], [ 92.3701561, 27.192067 ], [ 92.3700509, 27.1920755 ], [ 92.3698826, 27.1921099 ], [ 92.3697397, 27.1921423 ], [ 92.3696083, 27.1921805 ], [ 92.3694903, 27.1922235 ], [ 92.3693944, 27.1922745 ], [ 92.3692864, 27.1923356 ], [ 92.3691657, 27.1924 ], [ 92.3690263, 27.1924883 ], [ 92.3689009, 27.1925536 ], [ 92.368801, 27.1926338 ], [ 92.3685917, 27.192839 ], [ 92.3685435, 27.1928939 ], [ 92.3685274, 27.1929296 ], [ 92.3685495, 27.1929568 ], [ 92.3685917, 27.1929583 ], [ 92.3687232, 27.1928628 ], [ 92.3688814, 27.192765 ], [ 92.3690397, 27.1926887 ], [ 92.3691389, 27.1926386 ], [ 92.3692301, 27.19261 ], [ 92.3693186, 27.1926076 ], [ 92.3694045, 27.1926243 ], [ 92.3695198, 27.192672 ], [ 92.3696224, 27.1927111 ], [ 92.3697478, 27.1927364 ], [ 92.3698578, 27.192734 ], [ 92.3699919, 27.1927436 ], [ 92.3701072, 27.1927698 ], [ 92.3702198, 27.192796 ], [ 92.3703432, 27.1928127 ], [ 92.3705149, 27.1928318 ], [ 92.3706007, 27.1928652 ], [ 92.3706329, 27.1929058 ], [ 92.3706383, 27.1929511 ], [ 92.3706103, 27.1929896 ], [ 92.3705504, 27.1930117 ], [ 92.3704861, 27.1930069 ], [ 92.3703895, 27.1929855 ], [ 92.3702178, 27.1929807 ], [ 92.3700723, 27.1929869 ], [ 92.369955, 27.1930022 ], [ 92.3698497, 27.1930179 ], [ 92.369778, 27.1930451 ], [ 92.3696948, 27.1930785 ], [ 92.3696331, 27.1931024 ], [ 92.369552, 27.1931157 ], [ 92.369501, 27.1931277 ], [ 92.3694822, 27.1931491 ], [ 92.3694769, 27.193173 ], [ 92.3694876, 27.1931897 ], [ 92.3695359, 27.1932064 ], [ 92.3696566, 27.1932088 ], [ 92.3698148, 27.1932159 ], [ 92.3699013, 27.193236 ], [ 92.3700489, 27.1932813 ], [ 92.3701099, 27.1933233 ], [ 92.3702198, 27.1933925 ], [ 92.3703379, 27.1934378 ], [ 92.3705015, 27.1934855 ], [ 92.3706034, 27.1935356 ], [ 92.3707161, 27.1936024 ], [ 92.3708153, 27.1936859 ], [ 92.3709011, 27.1937551 ], [ 92.3709923, 27.1937885 ], [ 92.3710889, 27.1938028 ], [ 92.3711908, 27.1937861 ], [ 92.3712766, 27.1937885 ], [ 92.3713652, 27.1937814 ], [ 92.3714409, 27.1937441 ], [ 92.37151, 27.193736 ], [ 92.371567, 27.1937513 ], [ 92.3716495, 27.1937742 ], [ 92.3717568, 27.1937814 ], [ 92.3718345, 27.1937599 ], [ 92.3719425, 27.1937155 ], [ 92.3720303, 27.1936907 ], [ 92.3721001, 27.1936883 ], [ 92.3722208, 27.1937146 ], [ 92.3723817, 27.1937599 ], [ 92.3725105, 27.1938267 ], [ 92.3726104, 27.1938754 ], [ 92.3726982, 27.1939006 ], [ 92.3728169, 27.1939278 ], [ 92.3729477, 27.193946 ], [ 92.3730047, 27.1939612 ], [ 92.3730744, 27.1939994 ], [ 92.3731461, 27.1940629 ], [ 92.3732293, 27.1941464 ], [ 92.3732943, 27.1941903 ], [ 92.3733714, 27.1942275 ], [ 92.3734412, 27.1942847 ], [ 92.3734734, 27.1943325 ], [ 92.373519, 27.1943659 ], [ 92.3735672, 27.1943849 ], [ 92.3736289, 27.1944064 ], [ 92.3737121, 27.1944136 ], [ 92.3737181, 27.1943811 ], [ 92.3736913, 27.1943286 ], [ 92.3736806, 27.1942881 ], [ 92.3737047, 27.1942523 ], [ 92.3738542, 27.1941989 ], [ 92.3740125, 27.1941965 ], [ 92.3741412, 27.1942132 ], [ 92.3743129, 27.1942394 ], [ 92.3744584, 27.1942905 ], [ 92.3746435, 27.1943787 ], [ 92.3748574, 27.1944828 ], [ 92.375021, 27.1945853 ], [ 92.3751202, 27.1946593 ], [ 92.3752114, 27.1947523 ], [ 92.3753248, 27.194875 ], [ 92.3754314, 27.1949838 ], [ 92.3755393, 27.1950682 ], [ 92.375652, 27.1951159 ], [ 92.3757372, 27.1951913 ], [ 92.3757693, 27.1952677 ], [ 92.3757774, 27.1953488 ], [ 92.3757613, 27.1954537 ], [ 92.3757754, 27.1955215 ], [ 92.3758391, 27.1956279 ], [ 92.3758954, 27.1957472 ], [ 92.3759464, 27.1958426 ], [ 92.3760617, 27.1959786 ], [ 92.3761904, 27.1961074 ], [ 92.3762468, 27.1961957 ], [ 92.3762897, 27.1962983 ], [ 92.3763272, 27.1964414 ], [ 92.3763433, 27.1968112 ], [ 92.3763567, 27.1969591 ], [ 92.3763862, 27.1971022 ], [ 92.3764399, 27.1972573 ], [ 92.3765096, 27.1974482 ], [ 92.3765418, 27.1975841 ], [ 92.376566, 27.1977321 ], [ 92.3765633, 27.1979062 ], [ 92.3765418, 27.1982211 ], [ 92.3765365, 27.1983977 ], [ 92.3765606, 27.198567 ], [ 92.376582, 27.1987293 ], [ 92.3766035, 27.1989607 ], [ 92.3766846, 27.1994077 ], [ 92.3767644, 27.1996954 ], [ 92.3768208, 27.1998624 ], [ 92.3768771, 27.1999841 ], [ 92.3769448, 27.2000757 ], [ 92.3770058, 27.200163 ], [ 92.3771185, 27.2002894 ], [ 92.3772338, 27.2003753 ], [ 92.3773492, 27.2004493 ], [ 92.3774404, 27.2004707 ], [ 92.3775476, 27.2004612 ], [ 92.3777059, 27.2004159 ], [ 92.3778159, 27.2003777 ], [ 92.3779634, 27.2003443 ], [ 92.3781136, 27.2003038 ], [ 92.3782637, 27.2002465 ] ] } },
{ "type": "Feature", "properties": { "element": "way", "id": 338332426, "highway": "tertiary", "ref": null, "ref:old": null, "source": null, "name": null, "name:en": null, "surface": null, "bridge": null, "bridge:structure": null, "layer": null, "name:zh": null, "sidewalk": null, "smoothness": null, "lanes": null, "route": null, "alt_name": null, "service": null, "oneway": null }, "geometry": { "type": "LineString", "coordinates": [ [ 92.3459197, 27.2005099 ], [ 92.3459459, 27.2005733 ], [ 92.3460049, 27.200621 ], [ 92.3461155, 27.2006864 ], [ 92.3462711, 27.2007413 ], [ 92.3464501, 27.2008023 ], [ 92.3466198, 27.2008725 ], [ 92.3468042, 27.2009622 ], [ 92.3469383, 27.2010791 ], [ 92.3471153, 27.201258 ], [ 92.3472501, 27.2013997 ], [ 92.3473835, 27.2015132 ], [ 92.3475686, 27.2016039 ], [ 92.3478053, 27.2016836 ], [ 92.3479724, 27.201775 ], [ 92.3481612, 27.2018862 ], [ 92.3482908, 27.2020134 ], [ 92.3485071, 27.2022854 ], [ 92.3492427, 27.2032511 ], [ 92.3494287, 27.2034434 ], [ 92.3496209, 27.2036083 ], [ 92.3497938, 27.2037078 ], [ 92.350109, 27.2038408 ], [ 92.3503915, 27.203953 ], [ 92.3505479, 27.2040132 ], [ 92.3506834, 27.2040423 ], [ 92.3508398, 27.2040527 ], [ 92.3511901, 27.2040236 ], [ 92.3514749, 27.2039738 ], [ 92.3517178, 27.2039069 ], [ 92.3519427, 27.2037973 ], [ 92.352183, 27.2036219 ], [ 92.3523864, 27.203452 ], [ 92.3525589, 27.2032437 ], [ 92.3526575, 27.203093 ], [ 92.3526959, 27.2029494 ], [ 92.3527514, 27.2028014 ], [ 92.352853, 27.2026781 ], [ 92.3529486, 27.2025959 ], [ 92.3531119, 27.2025301 ], [ 92.3532813, 27.2024918 ], [ 92.3534693, 27.2024233 ], [ 92.3536295, 27.2023685 ], [ 92.3538112, 27.2023685 ], [ 92.3541779, 27.2024397 ], [ 92.354806, 27.2025416 ], [ 92.3549523, 27.2025506 ], [ 92.355056, 27.2025416 ], [ 92.3551678, 27.2025109 ], [ 92.3553507, 27.2024349 ], [ 92.3558264, 27.2022035 ], [ 92.3560886, 27.2020932 ], [ 92.3563285, 27.2020426 ], [ 92.3566679, 27.2019974 ], [ 92.3568631, 27.2019866 ], [ 92.3570989, 27.201992 ], [ 92.3574038, 27.2020372 ], [ 92.3576437, 27.2020842 ], [ 92.3578632, 27.2021547 ], [ 92.3580258, 27.2022071 ], [ 92.3581742, 27.2022361 ], [ 92.3583104, 27.2022361 ], [ 92.3585381, 27.2021927 ], [ 92.359095, 27.2021095 ], [ 92.3592454, 27.2020788 ], [ 92.3594284, 27.2020263 ], [ 92.3596052, 27.201945 ], [ 92.3598837, 27.2018094 ], [ 92.360089, 27.2017371 ], [ 92.3603208, 27.2016593 ], [ 92.3605423, 27.2015942 ], [ 92.3607375, 27.2015508 ], [ 92.3609651, 27.20154 ], [ 92.3611765, 27.2015454 ], [ 92.361329, 27.2015165 ], [ 92.3614774, 27.201455 ], [ 92.361579, 27.2013737 ], [ 92.3616664, 27.2012525 ], [ 92.3617376, 27.2010681 ], [ 92.3618433, 27.2006541 ], [ 92.3618839, 27.2005059 ], [ 92.3619246, 27.200401 ], [ 92.3620181, 27.2002726 ], [ 92.3622661, 27.2000575 ], [ 92.362756, 27.1996833 ], [ 92.3629897, 27.1995187 ], [ 92.3631727, 27.1994301 ], [ 92.3633231, 27.1993687 ], [ 92.3636362, 27.1992638 ], [ 92.3638374, 27.1991698 ], [ 92.3640386, 27.1990396 ], [ 92.3642216, 27.198904 ], [ 92.3644045, 27.1987738 ], [ 92.36462, 27.1986455 ], [ 92.3652908, 27.1983074 ], [ 92.3655713, 27.1981971 ], [ 92.365803, 27.198123 ], [ 92.365988, 27.1980778 ], [ 92.3661222, 27.1980633 ], [ 92.3662828, 27.1980669 ], [ 92.3665064, 27.1980687 ], [ 92.3667076, 27.1980018 ], [ 92.3668357, 27.197906 ], [ 92.3669211, 27.1978084 ], [ 92.3669678, 27.1976999 ], [ 92.3669759, 27.1975788 ], [ 92.3669495, 27.1974504 ], [ 92.3668214, 27.1971503 ], [ 92.36673, 27.1970255 ], [ 92.3666405, 27.1969604 ], [ 92.3665145, 27.196917 ], [ 92.3662807, 27.1968556 ], [ 92.36611, 27.196776 ], [ 92.3658986, 27.1966187 ], [ 92.3657156, 27.1964777 ], [ 92.3655124, 27.1962806 ], [ 92.3653721, 27.1960872 ], [ 92.3653436, 27.1960058 ], [ 92.3653355, 27.1959245 ], [ 92.365368, 27.1958087 ], [ 92.3654961, 27.1955556 ], [ 92.3656892, 27.1951289 ], [ 92.3658539, 27.1948939 ], [ 92.3661567, 27.1945359 ], [ 92.3664997, 27.1942281 ], [ 92.3666607, 27.1941064 ], [ 92.3668216, 27.1940229 ], [ 92.3673266, 27.1938544 ] ] } },
{ "type": "Feature", "properties": { "element": "way", "id": 338338874, "highway": "tertiary", "ref": null, "ref:old": null, "source": null, "name": null, "name:en": null, "surface": null, "bridge": null, "bridge:structure": null, "layer": null, "name:zh": null, "sidewalk": null, "smoothness": null, "lanes": null, "route": null, "alt_name": null, "service": null, "oneway": null }, "geometry": { "type": "LineString", "coordinates": [ [ 92.3377229, 27.1911771 ], [ 92.3378886, 27.1913192 ], [ 92.3380716, 27.1914252 ], [ 92.3381949, 27.1915111 ], [ 92.3382808, 27.1916065 ], [ 92.3383071, 27.1917248 ], [ 92.3382754, 27.1918451 ], [ 92.3382533, 27.1919467 ], [ 92.3382426, 27.1920326 ], [ 92.338256, 27.1921423 ], [ 92.338374, 27.1925861 ], [ 92.3384571, 27.1928819 ], [ 92.3384974, 27.1930179 ], [ 92.3385651, 27.1931835 ], [ 92.3386831, 27.193403 ], [ 92.3389453, 27.193841 ], [ 92.339015, 27.1939961 ], [ 92.339174, 27.194331 ], [ 92.3392618, 27.1946044 ], [ 92.3393128, 27.1947834 ], [ 92.3393637, 27.1949289 ], [ 92.3394361, 27.1950219 ], [ 92.3395816, 27.1951708 ], [ 92.339707, 27.1953011 ], [ 92.3398338, 27.1954356 ], [ 92.3399645, 27.1955396 ], [ 92.3401047, 27.1956217 ], [ 92.3402274, 27.1956852 ], [ 92.3403615, 27.1957162 ], [ 92.3405305, 27.1957376 ], [ 92.3407182, 27.1957472 ], [ 92.3409274, 27.19574 ], [ 92.3411072, 27.19574 ], [ 92.34126, 27.1957663 ], [ 92.3414351, 27.1958221 ], [ 92.3419923, 27.1961289 ], [ 92.3421237, 27.1962339 ], [ 92.3422095, 27.196315 ], [ 92.3422397, 27.1964018 ], [ 92.3422364, 27.1964891 ], [ 92.3421807, 27.1966499 ], [ 92.342113, 27.1968708 ], [ 92.3420701, 27.1971452 ], [ 92.3420191, 27.1973981 ], [ 92.341952, 27.1975698 ], [ 92.3418401, 27.1977807 ], [ 92.3418099, 27.1978776 ], [ 92.3418206, 27.1979444 ], [ 92.3418662, 27.1979897 ], [ 92.3419467, 27.1980183 ], [ 92.3420459, 27.1980183 ], [ 92.3425421, 27.1979301 ], [ 92.3427084, 27.1979134 ], [ 92.3428077, 27.1979134 ], [ 92.3429337, 27.197942 ], [ 92.3430571, 27.1980016 ], [ 92.3432636, 27.1981591 ], [ 92.3434568, 27.198338 ], [ 92.3435238, 27.1984311 ], [ 92.343556, 27.1985122 ], [ 92.3435614, 27.1986505 ], [ 92.3435319, 27.1989964 ], [ 92.3435292, 27.199111 ], [ 92.3435721, 27.1992398 ], [ 92.3436506, 27.1993385 ], [ 92.3437464, 27.1994235 ], [ 92.3438725, 27.1994974 ], [ 92.344071, 27.1995905 ], [ 92.3446691, 27.1998219 ], [ 92.3450232, 27.1999555 ], [ 92.3451794, 27.2000041 ], [ 92.3453048, 27.2000318 ], [ 92.3454872, 27.2000533 ], [ 92.3456401, 27.2000557 ], [ 92.3457635, 27.2000747 ], [ 92.3458205, 27.2001091 ], [ 92.3458708, 27.2002012 ], [ 92.3459003, 27.2003276 ], [ 92.3459137, 27.2004493 ], [ 92.3459197, 27.2005099 ] ] } },
{ "type": "Feature", "properties": { "element": "way", "id": 338338876, "highway": "secondary", "ref": null, "ref:old": null, "source": null, "name": null, "name:en": null, "surface": null, "bridge": null, "bridge:structure": null, "layer": null, "name:zh": null, "sidewalk": null, "smoothness": null, "lanes": null, "route": null, "alt_name": null, "service": null, "oneway": null }, "geometry": { "type": "LineString", "coordinates": [ [ 92.3973161, 27.1889332 ], [ 92.3972619, 27.1890026 ], [ 92.3972029, 27.1890551 ], [ 92.3970795, 27.1891124 ], [ 92.3968971, 27.1891601 ], [ 92.3966691, 27.1892006 ], [ 92.3965384, 27.1892207 ], [ 92.3964311, 27.189204 ], [ 92.3963291, 27.189142 ], [ 92.39624, 27.1890527 ], [ 92.3961005, 27.188943 ], [ 92.3959965, 27.18887 ], [ 92.3959, 27.1888461 ], [ 92.3957947, 27.1888452 ], [ 92.3956955, 27.1888714 ], [ 92.3956338, 27.1889143 ], [ 92.3955909, 27.1889668 ], [ 92.3955748, 27.1890217 ], [ 92.3955694, 27.1890837 ], [ 92.3956204, 27.1891744 ], [ 92.3956747, 27.1892947 ], [ 92.395674, 27.189382 ], [ 92.3956579, 27.1894535 ], [ 92.395607, 27.1895275 ], [ 92.3954433, 27.1897518 ], [ 92.3952724, 27.1900533 ], [ 92.3952422, 27.1901621 ], [ 92.3952341, 27.190248 ], [ 92.395261, 27.1903339 ], [ 92.3953039, 27.1903864 ], [ 92.3953656, 27.1904174 ], [ 92.3954353, 27.1904341 ], [ 92.3954836, 27.1904293 ], [ 92.3955272, 27.1903993 ], [ 92.3955996, 27.1903134 ], [ 92.3956747, 27.1902442 ], [ 92.3957438, 27.1902146 ], [ 92.3958296, 27.190217 ], [ 92.3959027, 27.1902466 ], [ 92.3959691, 27.1903053 ], [ 92.3960261, 27.1904041 ], [ 92.3960334, 27.1904771 ], [ 92.3960173, 27.1905582 ], [ 92.3959664, 27.1906202 ], [ 92.395902, 27.1906822 ], [ 92.3958108, 27.1907753 ], [ 92.3957793, 27.1908597 ], [ 92.3957652, 27.1909518 ], [ 92.3957438, 27.1910353 ], [ 92.3957089, 27.1910902 ], [ 92.3956526, 27.1911642 ], [ 92.3956177, 27.1912214 ], [ 92.3956016, 27.191324 ], [ 92.3955748, 27.1914457 ], [ 92.3955593, 27.1915349 ], [ 92.3955667, 27.1915936 ], [ 92.3955855, 27.1916389 ], [ 92.3956747, 27.191752 ], [ 92.3957283, 27.1918188 ], [ 92.3957491, 27.1918799 ], [ 92.3957598, 27.1919897 ], [ 92.3957598, 27.1921519 ], [ 92.3957283, 27.1922674 ], [ 92.3957062, 27.1923618 ], [ 92.3957062, 27.1924429 ], [ 92.3957169, 27.1925217 ], [ 92.3957578, 27.1925942 ], [ 92.3958162, 27.192703 ], [ 92.3958913, 27.1927722 ], [ 92.3960603, 27.192901 ], [ 92.39624, 27.1930155 ], [ 92.3963607, 27.1931038 ], [ 92.3964465, 27.1932016 ], [ 92.3966477, 27.1934688 ], [ 92.3969025, 27.193748 ], [ 92.3969856, 27.1938028 ], [ 92.3970741, 27.1938291 ], [ 92.3971499, 27.1938563 ], [ 92.3972163, 27.1939054 ], [ 92.3972411, 27.1939732 ], [ 92.3972324, 27.1940199 ], [ 92.3972035, 27.1940495 ], [ 92.3971284, 27.1940614 ], [ 92.3969782, 27.1940519 ], [ 92.3969219, 27.1940853 ], [ 92.3968971, 27.1941368 ], [ 92.3969025, 27.1941798 ], [ 92.3969407, 27.1942523 ], [ 92.3970822, 27.1945209 ], [ 92.3971546, 27.194676 ], [ 92.3972056, 27.194812 ], [ 92.3972351, 27.1949265 ], [ 92.3972485, 27.195041 ], [ 92.3972431, 27.1952891 ], [ 92.3972056, 27.1955611 ], [ 92.3971707, 27.1957877 ], [ 92.3971492, 27.195907 ], [ 92.3971224, 27.195981 ], [ 92.3970714, 27.1960215 ], [ 92.3970205, 27.1960287 ], [ 92.3969615, 27.196012 ], [ 92.3968924, 27.1960129 ], [ 92.3968414, 27.1960296 ], [ 92.396814, 27.1960716 ], [ 92.3967985, 27.1961418 ], [ 92.3968086, 27.1962219 ], [ 92.3968435, 27.1962911 ], [ 92.3969239, 27.1964104 ], [ 92.3969749, 27.1965106 ], [ 92.3970071, 27.1966323 ], [ 92.3969963, 27.1967587 ], [ 92.39693, 27.1969362 ], [ 92.3968595, 27.197138 ], [ 92.3967764, 27.1973003 ], [ 92.3967523, 27.1974219 ], [ 92.396763, 27.1975054 ], [ 92.3968113, 27.1975555 ], [ 92.3968756, 27.1975627 ], [ 92.3969233, 27.1975388 ], [ 92.3969695, 27.197503 ], [ 92.3969943, 27.1974276 ], [ 92.3970143, 27.1972353 ], [ 92.3970205, 27.1971428 ], [ 92.3970446, 27.1970402 ], [ 92.3971043, 27.1968622 ], [ 92.3971331, 27.1967349 ], [ 92.3971546, 27.1966347 ], [ 92.39716, 27.1965225 ], [ 92.3971626, 27.1964295 ], [ 92.3971767, 27.1963636 ], [ 92.3972089, 27.1962897 ], [ 92.3972485, 27.1962243 ], [ 92.3973081, 27.1961537 ], [ 92.3973477, 27.1960883 ], [ 92.3973879, 27.1960001 ], [ 92.3974235, 27.1958793 ], [ 92.3974664, 27.1957171 ], [ 92.3975013, 27.1956265 ], [ 92.3975495, 27.1955263 ], [ 92.3976193, 27.1954356 ], [ 92.3976857, 27.1953631 ], [ 92.3977695, 27.1952949 ], [ 92.3978868, 27.1952128 ], [ 92.3979673, 27.1951531 ], [ 92.3980297, 27.1950849 ], [ 92.3980887, 27.1949919 ], [ 92.3981128, 27.1948988 ], [ 92.3981182, 27.1948225 ], [ 92.3981309, 27.1947189 ], [ 92.3981477, 27.1946221 ], [ 92.3981611, 27.1944575 ], [ 92.3981396, 27.194102 ], [ 92.3981416, 27.1939818 ], [ 92.3981604, 27.1936 ], [ 92.3981691, 27.1935103 ], [ 92.3981926, 27.1934473 ], [ 92.3982362, 27.1934006 ], [ 92.398314, 27.1933672 ], [ 92.3983857, 27.1933638 ], [ 92.3984501, 27.1933758 ], [ 92.3985198, 27.1934235 ], [ 92.3985581, 27.1934865 ], [ 92.3986218, 27.1936191 ], [ 92.39867, 27.193748 ], [ 92.398713, 27.1939102 ], [ 92.3987827, 27.194416 ], [ 92.3987934, 27.1945352 ], [ 92.3987881, 27.1946712 ], [ 92.3987773, 27.194769 ], [ 92.3987478, 27.1948454 ], [ 92.3987022, 27.1949098 ], [ 92.3986057, 27.1949814 ], [ 92.3983938, 27.1951722 ], [ 92.3983133, 27.1952581 ], [ 92.3982114, 27.1953798 ], [ 92.3981443, 27.1954871 ], [ 92.3980987, 27.1956017 ], [ 92.3980189, 27.1958626 ], [ 92.3979566, 27.1961003 ], [ 92.3979385, 27.1962754 ], [ 92.3979512, 27.1964152 ], [ 92.3979807, 27.1965631 ], [ 92.3979888, 27.1966585 ], [ 92.3979888, 27.1967563 ], [ 92.3979733, 27.1968742 ], [ 92.3979056, 27.197181 ], [ 92.3978949, 27.197274 ], [ 92.397904, 27.1973331 ], [ 92.397911, 27.197379 ], [ 92.3979378, 27.1974911 ], [ 92.3979458, 27.1976032 ], [ 92.3979298, 27.1977416 ], [ 92.3979063, 27.1979644 ], [ 92.3978815, 27.1980875 ], [ 92.3978446, 27.1982006 ], [ 92.3977876, 27.1983118 ], [ 92.3977453, 27.1984129 ], [ 92.3977024, 27.198525 ], [ 92.39763, 27.1987684 ], [ 92.3975972, 27.1988772 ], [ 92.3975945, 27.1989797 ], [ 92.3976213, 27.1990919 ], [ 92.3976562, 27.1992111 ], [ 92.397691, 27.1993137 ], [ 92.3977373, 27.1993743 ], [ 92.3977956, 27.1994139 ], [ 92.3979807, 27.1995046 ], [ 92.3981738, 27.1996119 ], [ 92.3982302, 27.1996716 ], [ 92.3982543, 27.1997408 ], [ 92.3982758, 27.1998577 ], [ 92.398316, 27.1999865 ], [ 92.3983696, 27.200101 ], [ 92.3983965, 27.2001988 ], [ 92.3984501, 27.2004207 ], [ 92.3985064, 27.2007952 ], [ 92.3985467, 27.2009622 ], [ 92.3986539, 27.2013892 ], [ 92.3986674, 27.2014989 ], [ 92.3986546, 27.2015691 ], [ 92.3986191, 27.2016898 ], [ 92.3985467, 27.2019212 ], [ 92.3985225, 27.2020309 ], [ 92.3985091, 27.202186 ], [ 92.398493, 27.202582 ], [ 92.3984877, 27.2027394 ], [ 92.3984608, 27.2028325 ], [ 92.3984405, 27.2029131 ], [ 92.398383, 27.2029899 ], [ 92.3983106, 27.2030662 ], [ 92.3982308, 27.2031221 ], [ 92.3978455, 27.2033032 ], [ 92.3975549, 27.2034322 ], [ 92.3974905, 27.203468 ], [ 92.3974523, 27.2034956 ], [ 92.3974335, 27.2035577 ], [ 92.3974389, 27.2036149 ], [ 92.397506, 27.2038654 ], [ 92.3975489, 27.2039656 ], [ 92.3975807, 27.2040075 ], [ 92.3976428, 27.2040825 ], [ 92.3977447, 27.2041684 ], [ 92.3979056, 27.2042829 ], [ 92.3982335, 27.2044914 ], [ 92.3985252, 27.2046693 ], [ 92.39867, 27.2047504 ], [ 92.3988391, 27.2048342 ], [ 92.398949, 27.2048864 ], [ 92.3990241, 27.2049341 ], [ 92.3991696, 27.2050663 ], [ 92.3992769, 27.2051688 ], [ 92.3993728, 27.2052466 ], [ 92.3994774, 27.2053062 ], [ 92.3995927, 27.2053492 ], [ 92.3997133, 27.2053768 ], [ 92.3997885, 27.205416 ], [ 92.3998717, 27.205478 ], [ 92.3999334, 27.2055567 ], [ 92.4000896, 27.2057437 ], [ 92.4001727, 27.2058702 ], [ 92.4002606, 27.2060195 ], [ 92.4004984, 27.2064266 ] ] } },
{ "type": "Feature", "properties": { "element": "way", "id": 513054979, "highway": "unclassified", "ref": null, "ref:old": null, "source": null, "name": null, "name:en": null, "surface": null, "bridge": null, "bridge:structure": null, "layer": null, "name:zh": null, "sidewalk": null, "smoothness": null, "lanes": null, "route": null, "alt_name": null, "service": null, "oneway": null }, "geometry": { "type": "LineString", "coordinates": [ [ 92.4169573, 27.3206486 ], [ 92.4169231, 27.3207129 ], [ 92.4168393, 27.320723 ], [ 92.4166596, 27.3207063 ], [ 92.4164906, 27.320692 ], [ 92.4162814, 27.3206944 ], [ 92.4161983, 27.320754 ], [ 92.416099, 27.3208684 ], [ 92.4159247, 27.3210471 ], [ 92.4158415, 27.3211115 ], [ 92.4157074, 27.3211567 ], [ 92.4155518, 27.321171 ], [ 92.4154016, 27.3211472 ], [ 92.4152729, 27.32109 ], [ 92.4151495, 27.3210519 ], [ 92.4149939, 27.3210257 ], [ 92.4147311, 27.3210328 ], [ 92.4145514, 27.3210471 ], [ 92.4144173, 27.3210495 ], [ 92.4142724, 27.3210757 ], [ 92.4140927, 27.3210876 ], [ 92.4138942, 27.3210876 ], [ 92.4137011, 27.3210924 ], [ 92.4136153, 27.3211186 ], [ 92.4135107, 27.3211544 ], [ 92.4133792, 27.3211424 ], [ 92.4132451, 27.321121 ], [ 92.4130976, 27.3211186 ], [ 92.4127489, 27.3211496 ], [ 92.4125504, 27.3211734 ], [ 92.4123976, 27.3211734 ], [ 92.4122152, 27.3211615 ], [ 92.4120194, 27.3210972 ], [ 92.4116358, 27.3209446 ], [ 92.4111691, 27.3206849 ], [ 92.410976, 27.3205896 ], [ 92.4108687, 27.3205181 ], [ 92.4107131, 27.3204204 ], [ 92.4106139, 27.3204037 ], [ 92.4104503, 27.320387 ], [ 92.4103135, 27.3203346 ], [ 92.4101257, 27.3202488 ], [ 92.4099058, 27.3202893 ], [ 92.4098146, 27.3204299 ], [ 92.4097905, 27.3205705 ], [ 92.4097127, 27.3207135 ], [ 92.4095759, 27.320928 ], [ 92.4094954, 27.3210638 ], [ 92.4092996, 27.3211615 ], [ 92.4092299, 27.3211472 ], [ 92.4091145, 27.3211448 ], [ 92.4088812, 27.3211496 ], [ 92.4087712, 27.3211448 ], [ 92.4085647, 27.3211138 ], [ 92.4084842, 27.3210876 ], [ 92.408385, 27.32104 ], [ 92.4082509, 27.3209709 ], [ 92.4081597, 27.3208565 ], [ 92.4080926, 27.3207373 ], [ 92.4079397, 27.320244 ], [ 92.4078619, 27.3200868 ], [ 92.4077761, 27.31997 ], [ 92.4076447, 27.3198318 ], [ 92.4073791, 27.319827 ], [ 92.4072531, 27.319827 ], [ 92.4069741, 27.3198556 ], [ 92.4068856, 27.3198866 ], [ 92.4068186, 27.3199319 ], [ 92.4067461, 27.3199462 ], [ 92.4065718, 27.3198818 ], [ 92.4062607, 27.3198389 ], [ 92.4061024, 27.3198461 ], [ 92.4058905, 27.3198699 ], [ 92.405735, 27.3198961 ], [ 92.4054828, 27.3199724 ], [ 92.4053112, 27.3199962 ], [ 92.4050349, 27.3199867 ], [ 92.4048874, 27.3199652 ], [ 92.4046996, 27.3199247 ], [ 92.4045843, 27.3198604 ], [ 92.4044904, 27.3198079 ], [ 92.4042544, 27.3196721 ], [ 92.4041498, 27.3196554 ], [ 92.4040639, 27.3196745 ], [ 92.4039754, 27.3197031 ], [ 92.4037823, 27.3196578 ], [ 92.4037072, 27.3196054 ], [ 92.4034309, 27.3194839 ], [ 92.4033129, 27.3194195 ], [ 92.4032083, 27.3193218 ], [ 92.4031359, 27.3192122 ], [ 92.4030393, 27.3190787 ], [ 92.4028945, 27.3188428 ], [ 92.4027711, 27.318757 ], [ 92.4025404, 27.3186045 ], [ 92.4023688, 27.3185068 ], [ 92.4021971, 27.3185163 ], [ 92.4021086, 27.3185974 ], [ 92.4019772, 27.3186307 ], [ 92.4018511, 27.3186379 ], [ 92.4015078, 27.3185688 ], [ 92.4013656, 27.3184401 ], [ 92.40132, 27.3183686 ], [ 92.4011216, 27.3181041 ], [ 92.400915, 27.3180564 ], [ 92.4007675, 27.3181779 ], [ 92.4005985, 27.3183638 ], [ 92.400451, 27.3185116 ], [ 92.4002981, 27.3185831 ], [ 92.4001291, 27.3186784 ], [ 92.400097, 27.3187189 ], [ 92.3999414, 27.3187689 ], [ 92.3996115, 27.3187737 ], [ 92.3991394, 27.3187451 ], [ 92.3988444, 27.3186831 ], [ 92.3984984, 27.3185831 ], [ 92.3983455, 27.3185235 ], [ 92.3982221, 27.3184615 ], [ 92.3978814, 27.3183138 ], [ 92.3977447, 27.3182566 ], [ 92.3975971, 27.3181922 ], [ 92.3973209, 27.318197 ], [ 92.3971572, 27.3182375 ], [ 92.3970178, 27.3182566 ], [ 92.3967817, 27.318247 ], [ 92.3966128, 27.3182375 ], [ 92.3963284, 27.3182256 ], [ 92.3961273, 27.3181422 ], [ 92.3959771, 27.318054 ], [ 92.3958698, 27.3180064 ], [ 92.3956257, 27.3179921 ], [ 92.3954487, 27.3180183 ], [ 92.3953441, 27.318054 ], [ 92.3952422, 27.3181088 ], [ 92.3950678, 27.3181899 ], [ 92.3949471, 27.3182399 ], [ 92.3947781, 27.3182756 ], [ 92.3946789, 27.3182756 ], [ 92.3944777, 27.3182709 ], [ 92.3943382, 27.3182185 ], [ 92.3940915, 27.3181041 ], [ 92.3939708, 27.3181255 ], [ 92.3936731, 27.318054 ], [ 92.3935631, 27.3180159 ], [ 92.3932573, 27.3179611 ], [ 92.3931286, 27.3179611 ], [ 92.3929971, 27.3179539 ], [ 92.3928094, 27.3178062 ], [ 92.3927397, 27.3177204 ], [ 92.3926109, 27.3174583 ], [ 92.3925224, 27.3174034 ], [ 92.3917848, 27.3169221 ], [ 92.3911518, 27.3166313 ], [ 92.3906046, 27.3164836 ], [ 92.3900574, 27.3164883 ], [ 92.3896497, 27.3165265 ], [ 92.3893654, 27.3165789 ], [ 92.3890704, 27.3166409 ], [ 92.3887593, 27.3166933 ], [ 92.3883676, 27.3167648 ], [ 92.3882174, 27.3168935 ], [ 92.3880418, 27.3169507 ], [ 92.3879653, 27.3170067 ], [ 92.3878634, 27.317071 ], [ 92.3877843, 27.3171592 ], [ 92.3875952, 27.3173355 ], [ 92.3874825, 27.3173987 ], [ 92.3872975, 27.3174797 ], [ 92.3870681, 27.3176346 ], [ 92.3868965, 27.3177657 ], [ 92.3868254, 27.3178348 ], [ 92.3867583, 27.317942 ] ] } },
{ "type": "Feature", "properties": { "element": "way", "id": 513054988, "highway": "trunk", "ref": "NH913", "ref:old": null, "source": null, "name": null, "name:en": null, "surface": null, "bridge": "yes", "bridge:structure": null, "layer": "1", "name:zh": null, "sidewalk": null, "smoothness": null, "lanes": null, "route": null, "alt_name": null, "service": null, "oneway": null }, "geometry": { "type": "LineString", "coordinates": [ [ 92.4375379, 27.3324016 ], [ 92.437562, 27.3328924 ] ] } },
{ "type": "Feature", "properties": { "element": "way", "id": 513054989, "highway": "trunk", "ref": "NH913", "ref:old": null, "source": null, "name": "NH913", "name:en": null, "surface": null, "bridge": null, "bridge:structure": null, "layer": null, "name:zh": null, "sidewalk": null, "smoothness": null, "lanes": null, "route": null, "alt_name": null, "service": null, "oneway": null }, "geometry": { "type": "LineString", "coordinates": [ [ 92.3938634, 27.2912123 ], [ 92.393842, 27.2914439 ], [ 92.3938072, 27.2917823 ], [ 92.3937267, 27.2919587 ], [ 92.3936382, 27.2922376 ], [ 92.3935845, 27.2925785 ], [ 92.3935094, 27.2928883 ], [ 92.393488, 27.2930099 ], [ 92.393496, 27.2931362 ], [ 92.3935658, 27.2933627 ], [ 92.3935872, 27.2935105 ], [ 92.3935202, 27.2939061 ], [ 92.3935121, 27.2939943 ], [ 92.3935068, 27.2941087 ], [ 92.3935282, 27.2942994 ], [ 92.393598, 27.2944567 ], [ 92.3936677, 27.294595 ], [ 92.3937508, 27.2949406 ], [ 92.3937589, 27.2951408 ], [ 92.3936087, 27.2953553 ], [ 92.3935524, 27.2954769 ], [ 92.3935255, 27.295639 ], [ 92.393496, 27.295751 ], [ 92.393496, 27.2958916 ], [ 92.3934987, 27.2960823 ], [ 92.3935604, 27.2962563 ], [ 92.3935765, 27.2963779 ], [ 92.3936409, 27.296509 ], [ 92.3938608, 27.2966711 ], [ 92.3939091, 27.2967473 ], [ 92.3938447, 27.2968212 ], [ 92.3937696, 27.296826 ], [ 92.3936757, 27.2968284 ], [ 92.3935631, 27.2968379 ], [ 92.3934719, 27.2969881 ], [ 92.3935014, 27.2974743 ], [ 92.3935711, 27.2977675 ], [ 92.3936006, 27.2978724 ], [ 92.3936677, 27.2979629 ], [ 92.3938554, 27.2980702 ], [ 92.39407, 27.2982632 ], [ 92.3943087, 27.2984468 ], [ 92.3944697, 27.2987233 ], [ 92.3946092, 27.2989711 ], [ 92.3945662, 27.2991308 ], [ 92.3945636, 27.2992357 ], [ 92.394585, 27.2994169 ], [ 92.3947459, 27.2996194 ], [ 92.3948881, 27.2996767 ], [ 92.395049, 27.2996147 ], [ 92.3951027, 27.2995527 ], [ 92.3951885, 27.2994669 ], [ 92.3953387, 27.299393 ], [ 92.3956016, 27.2993096 ], [ 92.3960441, 27.2992238 ], [ 92.3965323, 27.2992905 ], [ 92.3966557, 27.2992929 ], [ 92.3968193, 27.2992762 ], [ 92.3970565, 27.2992864 ], [ 92.3972102, 27.2993059 ], [ 92.3972999, 27.2993663 ], [ 92.3972435, 27.2995062 ], [ 92.3966959, 27.2999484 ], [ 92.3964947, 27.3001104 ], [ 92.3964143, 27.3002701 ], [ 92.3964062, 27.3003893 ], [ 92.3963365, 27.3005061 ], [ 92.3963606, 27.3007206 ], [ 92.3963848, 27.3008183 ], [ 92.3964062, 27.3009589 ], [ 92.3963928, 27.3011043 ], [ 92.3964411, 27.3012616 ], [ 92.3964599, 27.3013284 ], [ 92.396704, 27.3014309 ], [ 92.3968515, 27.3015024 ], [ 92.3969856, 27.3016764 ], [ 92.397109, 27.3020577 ], [ 92.3971224, 27.3022579 ], [ 92.3972297, 27.3024796 ], [ 92.397337, 27.3026369 ], [ 92.3975784, 27.302961 ], [ 92.3976508, 27.3030564 ], [ 92.3977742, 27.3031136 ], [ 92.398037, 27.3031851 ], [ 92.3981577, 27.3032947 ], [ 92.3984984, 27.3036474 ], [ 92.3987639, 27.3039168 ], [ 92.3989087, 27.3040359 ], [ 92.3990938, 27.3041718 ], [ 92.3993352, 27.3043172 ], [ 92.3994988, 27.3043982 ], [ 92.3996651, 27.3044911 ], [ 92.3999387, 27.3045769 ], [ 92.4001211, 27.3046032 ], [ 92.4003866, 27.3046461 ], [ 92.4004966, 27.3047319 ], [ 92.4005342, 27.3048081 ], [ 92.4004886, 27.3051823 ], [ 92.4002445, 27.3054159 ], [ 92.4001479, 27.3054993 ], [ 92.3999655, 27.305628 ], [ 92.3998368, 27.3056828 ], [ 92.3995015, 27.3057186 ], [ 92.3993379, 27.3057329 ], [ 92.3992333, 27.3057591 ], [ 92.3990428, 27.3058759 ], [ 92.3987639, 27.305945 ], [ 92.3985386, 27.306007 ], [ 92.3983616, 27.3060951 ], [ 92.3982194, 27.3061786 ], [ 92.398096, 27.3062191 ], [ 92.3979539, 27.3062119 ], [ 92.3978278, 27.3062119 ], [ 92.3977447, 27.3062453 ], [ 92.3976588, 27.3063835 ], [ 92.3975623, 27.3066075 ], [ 92.3974737, 27.3067196 ], [ 92.3974308, 27.3068387 ], [ 92.397404, 27.3069913 ], [ 92.3973128, 27.3071557 ], [ 92.3972324, 27.3073225 ], [ 92.397176, 27.3074584 ], [ 92.3970661, 27.3076872 ], [ 92.3969668, 27.3078445 ], [ 92.3969132, 27.3078874 ], [ 92.3968112, 27.3079207 ], [ 92.3966691, 27.3079779 ], [ 92.3965779, 27.3080733 ], [ 92.3965859, 27.3082067 ], [ 92.3966074, 27.3083617 ], [ 92.3966825, 27.3084856 ], [ 92.3967361, 27.3087501 ], [ 92.3967764, 27.3089336 ], [ 92.3967469, 27.3091291 ], [ 92.3966047, 27.3094341 ], [ 92.3965698, 27.309651 ], [ 92.3963311, 27.3099751 ], [ 92.3962533, 27.3100919 ], [ 92.396138, 27.3101253 ], [ 92.395969, 27.310242 ], [ 92.3958752, 27.3103541 ], [ 92.3959422, 27.3105757 ], [ 92.3960119, 27.3106972 ], [ 92.3961031, 27.3108474 ], [ 92.3960817, 27.3109808 ], [ 92.3960254, 27.3111262 ], [ 92.3959395, 27.3111763 ], [ 92.3957384, 27.3112597 ], [ 92.3956472, 27.3115838 ], [ 92.3956472, 27.3117173 ], [ 92.395615, 27.3118698 ], [ 92.3955667, 27.3119675 ], [ 92.3954084, 27.3120676 ], [ 92.3949122, 27.3122535 ], [ 92.3946869, 27.3123274 ], [ 92.3944482, 27.3124132 ], [ 92.3943356, 27.3124823 ], [ 92.3943195, 27.3126276 ], [ 92.3942739, 27.3128803 ], [ 92.3942631, 27.3131639 ], [ 92.394349, 27.313314 ], [ 92.3944589, 27.3133807 ], [ 92.3946816, 27.3133688 ], [ 92.3948908, 27.3133545 ], [ 92.3950303, 27.3133164 ], [ 92.3952448, 27.3132401 ], [ 92.3955077, 27.3133092 ], [ 92.395843, 27.3134665 ], [ 92.3960978, 27.3134999 ], [ 92.3963258, 27.3135332 ], [ 92.396535, 27.3135976 ], [ 92.3968407, 27.3135976 ], [ 92.3970339, 27.3136167 ], [ 92.3970982, 27.3135881 ], [ 92.3973477, 27.3135761 ], [ 92.3974523, 27.3135785 ], [ 92.3976427, 27.3136047 ], [ 92.3977903, 27.3136476 ], [ 92.3980638, 27.3137906 ], [ 92.3984045, 27.3138693 ], [ 92.3986834, 27.3140623 ], [ 92.3990214, 27.3142434 ], [ 92.3992145, 27.3142696 ], [ 92.3993647, 27.3142601 ], [ 92.3994881, 27.3142124 ], [ 92.3996812, 27.3142387 ], [ 92.3999736, 27.3142744 ], [ 92.4004376, 27.3144365 ], [ 92.4007112, 27.3146319 ], [ 92.4010009, 27.3148035 ], [ 92.4013174, 27.3149703 ], [ 92.4016124, 27.3151943 ], [ 92.4017385, 27.3152753 ], [ 92.4019343, 27.3152944 ], [ 92.402181, 27.3152992 ], [ 92.4025404, 27.3153587 ], [ 92.4027657, 27.315404 ], [ 92.4030447, 27.3154088 ], [ 92.4033934, 27.3154755 ], [ 92.4034846, 27.3155256 ], [ 92.4038091, 27.3156066 ], [ 92.4041793, 27.3157663 ], [ 92.4042222, 27.3158163 ], [ 92.4043643, 27.3158997 ], [ 92.4044877, 27.3159092 ], [ 92.4046192, 27.3159664 ], [ 92.404705, 27.3162667 ], [ 92.4047613, 27.3163668 ], [ 92.4048552, 27.3164717 ], [ 92.4049759, 27.316567 ], [ 92.4052039, 27.3167886 ], [ 92.4052441, 27.3169411 ], [ 92.4051958, 27.317096 ], [ 92.40522, 27.3172033 ], [ 92.4052602, 27.3172986 ], [ 92.4054077, 27.3173653 ], [ 92.4055687, 27.3173653 ], [ 92.4056894, 27.3173176 ], [ 92.4058041, 27.3173092 ], [ 92.4060729, 27.317444 ], [ 92.4063224, 27.3175393 ], [ 92.4064377, 27.3176251 ], [ 92.4067435, 27.3176703 ], [ 92.4068025, 27.317718 ], [ 92.4070787, 27.3178467 ], [ 92.4073282, 27.3179373 ], [ 92.4074838, 27.3179158 ], [ 92.4075991, 27.3179325 ], [ 92.4077842, 27.3180135 ], [ 92.4078405, 27.318035 ], [ 92.4080309, 27.3180469 ], [ 92.4081999, 27.3180493 ], [ 92.4086022, 27.3182042 ], [ 92.4088114, 27.3182995 ], [ 92.4089912, 27.3183114 ], [ 92.4091735, 27.3183114 ], [ 92.4093452, 27.3183495 ], [ 92.4098468, 27.3186546 ], [ 92.4101257, 27.3187999 ], [ 92.4103591, 27.3188857 ], [ 92.4105307, 27.3189596 ], [ 92.4106461, 27.3190001 ], [ 92.4107882, 27.319012 ], [ 92.4113756, 27.3193385 ], [ 92.4114534, 27.3193933 ], [ 92.411727, 27.3194529 ], [ 92.4119443, 27.319491 ], [ 92.4120945, 27.3195625 ], [ 92.4122393, 27.3196459 ], [ 92.4123761, 27.3196936 ], [ 92.4125129, 27.319746 ], [ 92.4128455, 27.3199199 ], [ 92.4133363, 27.3200605 ], [ 92.4134195, 27.3201082 ], [ 92.4135482, 27.3201606 ], [ 92.4138084, 27.320225 ], [ 92.4138406, 27.3202583 ], [ 92.4141222, 27.3203942 ], [ 92.4143153, 27.3204943 ], [ 92.4144334, 27.3205133 ], [ 92.4146453, 27.3205181 ], [ 92.4147847, 27.3205324 ], [ 92.4149081, 27.3205419 ], [ 92.4150717, 27.32058 ], [ 92.4152058, 27.3206444 ], [ 92.4153775, 27.3207612 ], [ 92.4154901, 27.3208231 ], [ 92.4156779, 27.3208708 ], [ 92.4158093, 27.3208636 ], [ 92.4159193, 27.3208255 ], [ 92.4160293, 27.3207635 ], [ 92.4161151, 27.3207063 ], [ 92.416209, 27.3206539 ], [ 92.4163458, 27.3206134 ], [ 92.4165174, 27.32058 ], [ 92.4167427, 27.3205848 ], [ 92.4168366, 27.320611 ], [ 92.4169573, 27.3206486 ], [ 92.4172041, 27.3207087 ], [ 92.4176359, 27.3208017 ], [ 92.4179015, 27.3208946 ], [ 92.4180946, 27.320928 ], [ 92.4182957, 27.3209613 ], [ 92.4184164, 27.3210257 ], [ 92.4185801, 27.3211067 ], [ 92.4188215, 27.3212187 ], [ 92.4192291, 27.3213807 ], [ 92.4194303, 27.3214784 ], [ 92.419543, 27.3215738 ], [ 92.4196207, 27.3216429 ], [ 92.4197441, 27.321743 ], [ 92.4198359, 27.3218479 ], [ 92.4199484, 27.3218667 ], [ 92.4201137, 27.3218557 ], [ 92.420196, 27.3218669 ], [ 92.420243, 27.3219288 ], [ 92.4202913, 27.3220384 ], [ 92.4203315, 27.3221671 ], [ 92.4204683, 27.3222958 ], [ 92.4205971, 27.3223125 ], [ 92.4207768, 27.3223339 ], [ 92.4211335, 27.3223816 ], [ 92.421442, 27.3223959 ], [ 92.4218309, 27.3225603 ], [ 92.4219382, 27.3226675 ], [ 92.4220321, 27.3227557 ], [ 92.4220723, 27.322801 ], [ 92.4222171, 27.3228487 ], [ 92.422311, 27.3228987 ], [ 92.4223137, 27.3229678 ], [ 92.422201, 27.3229988 ], [ 92.4220991, 27.3229702 ], [ 92.4220079, 27.3229082 ], [ 92.4219114, 27.3228105 ], [ 92.4217853, 27.3227033 ], [ 92.4215519, 27.322658 ], [ 92.4212462, 27.322658 ], [ 92.4209645, 27.3226699 ], [ 92.4209458, 27.3227176 ], [ 92.4210316, 27.32277 ], [ 92.4212006, 27.3227867 ], [ 92.4215144, 27.322882 ], [ 92.4216056, 27.3229058 ], [ 92.4217477, 27.3229892 ], [ 92.421847, 27.3230774 ], [ 92.4219972, 27.3233395 ], [ 92.422083, 27.3233872 ], [ 92.4222198, 27.3234277 ], [ 92.4223781, 27.3234277 ], [ 92.4224681, 27.3234064 ], [ 92.4225417, 27.3234349 ], [ 92.4225014, 27.3235278 ], [ 92.4223861, 27.3235731 ], [ 92.4222574, 27.3235659 ], [ 92.4221501, 27.3235469 ], [ 92.4219784, 27.3235278 ], [ 92.4217799, 27.3234468 ], [ 92.421619, 27.3233658 ], [ 92.4213266, 27.3233086 ], [ 92.4208948, 27.3232919 ], [ 92.4206829, 27.3232871 ], [ 92.4205456, 27.3233257 ], [ 92.4205193, 27.3233824 ], [ 92.4205633, 27.3234352 ], [ 92.4206266, 27.3234372 ], [ 92.4208546, 27.3234754 ], [ 92.421104, 27.3235898 ], [ 92.4212408, 27.3236779 ], [ 92.4213695, 27.3237637 ], [ 92.4215385, 27.3238257 ], [ 92.4221045, 27.3239162 ], [ 92.4222171, 27.3239734 ], [ 92.4223539, 27.3240449 ], [ 92.4224934, 27.3240783 ], [ 92.4226704, 27.3240449 ], [ 92.4228072, 27.3240068 ], [ 92.4229333, 27.32394 ], [ 92.4230969, 27.3237947 ], [ 92.4232042, 27.323554 ], [ 92.4233142, 27.3234134 ], [ 92.4233839, 27.3232728 ], [ 92.4235234, 27.3230703 ], [ 92.4235556, 27.3230345 ], [ 92.4235851, 27.3229416 ], [ 92.4236441, 27.3228129 ], [ 92.4238211, 27.3226604 ], [ 92.4240223, 27.3226151 ], [ 92.4242073, 27.3226175 ], [ 92.4243307, 27.3226961 ], [ 92.4244487, 27.3228058 ], [ 92.4245667, 27.3231275 ], [ 92.4246579, 27.3232132 ], [ 92.4247411, 27.3232847 ], [ 92.4248645, 27.3234086 ], [ 92.4248752, 27.3235206 ], [ 92.4249127, 27.3236875 ], [ 92.4250281, 27.3238185 ], [ 92.4251515, 27.3238995 ], [ 92.425468, 27.3239615 ], [ 92.4257389, 27.3238829 ], [ 92.4260339, 27.3238352 ], [ 92.4262941, 27.3237089 ], [ 92.426514, 27.3235564 ], [ 92.4266857, 27.3235421 ], [ 92.4268949, 27.3236326 ], [ 92.4272758, 27.3236326 ], [ 92.4276727, 27.323666 ], [ 92.4279356, 27.3238376 ], [ 92.4280536, 27.3238614 ], [ 92.4283379, 27.3238614 ], [ 92.4286973, 27.3238138 ], [ 92.428869, 27.3237423 ], [ 92.4289775, 27.3236469 ], [ 92.4290192, 27.3234134 ], [ 92.4289817, 27.3231608 ], [ 92.4290192, 27.3229511 ], [ 92.429207, 27.3227653 ], [ 92.429443, 27.3226461 ], [ 92.4297236, 27.3225202 ], [ 92.4299312, 27.3225651 ], [ 92.4300492, 27.3226652 ], [ 92.4302316, 27.3228463 ], [ 92.4303442, 27.3229225 ], [ 92.4304891, 27.3229559 ], [ 92.4310631, 27.3229988 ], [ 92.431201, 27.3229147 ], [ 92.4312454, 27.3227176 ], [ 92.4312454, 27.3225222 ], [ 92.4314654, 27.3223411 ], [ 92.4318731, 27.3223173 ], [ 92.4322164, 27.322322 ], [ 92.4326134, 27.3224221 ], [ 92.4327528, 27.3225651 ], [ 92.4328601, 27.3226938 ], [ 92.4330801, 27.322751 ], [ 92.4333483, 27.3227653 ], [ 92.4335521, 27.3228749 ], [ 92.4337023, 27.3230131 ], [ 92.4338901, 27.3231275 ], [ 92.4342656, 27.3232657 ], [ 92.4344748, 27.3233944 ], [ 92.4346197, 27.3235707 ], [ 92.4346411, 27.3237661 ], [ 92.4347162, 27.3239567 ], [ 92.4348235, 27.3240377 ], [ 92.4350917, 27.3243714 ], [ 92.435258, 27.3245334 ], [ 92.435419, 27.3246668 ], [ 92.4356174, 27.3248575 ], [ 92.4359769, 27.3252483 ], [ 92.4360895, 27.3253174 ], [ 92.4361834, 27.3253627 ], [ 92.4362397, 27.3254341 ], [ 92.4362451, 27.325483 ], [ 92.4361968, 27.3255175 ], [ 92.4360868, 27.3254985 ], [ 92.4359527, 27.3253698 ], [ 92.4358267, 27.3252745 ], [ 92.4357006, 27.325172 ], [ 92.4355584, 27.32506 ], [ 92.4354538, 27.3250005 ], [ 92.4353314, 27.324976 ], [ 92.4353022, 27.3250061 ], [ 92.43533, 27.3250493 ], [ 92.4354243, 27.3250839 ], [ 92.4356094, 27.3252221 ], [ 92.4358025, 27.3255199 ], [ 92.4361539, 27.3257296 ], [ 92.436237, 27.3258297 ], [ 92.4362799, 27.3259083 ], [ 92.4363005, 27.3260126 ], [ 92.4363359, 27.326047 ], [ 92.4363746, 27.3260567 ], [ 92.436406, 27.3260394 ], [ 92.4365321, 27.3258559 ], [ 92.4365602, 27.3257832 ], [ 92.4367359, 27.3256379 ], [ 92.4368325, 27.3255497 ], [ 92.4368995, 27.3255032 ], [ 92.4369787, 27.325477 ], [ 92.4371664, 27.3254615 ], [ 92.4372549, 27.3254627 ], [ 92.4373322, 27.3254728 ], [ 92.4374293, 27.3254854 ], [ 92.4375862, 27.3256843 ], [ 92.4375889, 27.3258952 ], [ 92.4376224, 27.3262634 ], [ 92.4376398, 27.3263647 ], [ 92.4377766, 27.3267018 ], [ 92.4379362, 27.3270414 ], [ 92.4381146, 27.3273047 ], [ 92.4382031, 27.3275835 ], [ 92.4383748, 27.3277884 ], [ 92.4385974, 27.328103 ], [ 92.4387342, 27.328315 ], [ 92.4387637, 27.328408 ], [ 92.438828, 27.3285438 ], [ 92.4389648, 27.3286701 ], [ 92.439115, 27.3287535 ], [ 92.4393645, 27.3288583 ], [ 92.4395362, 27.3289584 ], [ 92.4396408, 27.329068 ], [ 92.43974, 27.3291991 ], [ 92.4399573, 27.3293921 ], [ 92.440086, 27.3294683 ], [ 92.4403515, 27.3295279 ], [ 92.4405634, 27.3295422 ], [ 92.4407512, 27.3295398 ], [ 92.4411723, 27.3294612 ], [ 92.4413466, 27.329342 ], [ 92.4414164, 27.3292539 ], [ 92.4414861, 27.32913 ], [ 92.4415746, 27.3290251 ], [ 92.4416685, 27.3289322 ], [ 92.4417758, 27.328906 ], [ 92.4419099, 27.3289393 ], [ 92.442103, 27.3289322 ], [ 92.4421728, 27.328937 ], [ 92.4423605, 27.3289084 ], [ 92.442551, 27.3290061 ], [ 92.4426529, 27.3290918 ], [ 92.4427333, 27.329161 ], [ 92.4429077, 27.3292062 ], [ 92.443192, 27.3292086 ], [ 92.4433342, 27.3292158 ], [ 92.4435219, 27.3292348 ], [ 92.4435997, 27.3292753 ], [ 92.4436426, 27.3293444 ], [ 92.4436641, 27.3294207 ], [ 92.4436533, 27.3295303 ], [ 92.443597, 27.3299139 ], [ 92.4436319, 27.3301236 ], [ 92.4436131, 27.3302999 ], [ 92.4435863, 27.3304095 ], [ 92.4434924, 27.3305477 ], [ 92.443361, 27.3305906 ], [ 92.4431652, 27.330574 ], [ 92.4429345, 27.3305644 ], [ 92.4426341, 27.3304834 ], [ 92.4424168, 27.3304572 ], [ 92.4422613, 27.3304501 ], [ 92.4419662, 27.3304667 ], [ 92.4417892, 27.3305025 ], [ 92.44169, 27.3305335 ], [ 92.4415693, 27.3305549 ], [ 92.4413654, 27.330593 ], [ 92.4411991, 27.3307288 ], [ 92.441065, 27.3308027 ], [ 92.4409524, 27.3308527 ], [ 92.4408397, 27.3309099 ], [ 92.4407083, 27.3309743 ], [ 92.4405795, 27.3310291 ], [ 92.4403489, 27.3311196 ], [ 92.440196, 27.3311887 ], [ 92.4400511, 27.3312459 ], [ 92.4399385, 27.3313746 ], [ 92.43985, 27.3314985 ], [ 92.4397293, 27.3316105 ], [ 92.4396032, 27.3316724 ], [ 92.4393994, 27.3317534 ], [ 92.4389943, 27.331987 ], [ 92.4388146, 27.3320918 ], [ 92.43871, 27.3321919 ], [ 92.438584, 27.3322943 ], [ 92.4383989, 27.3324063 ], [ 92.4382111, 27.3324254 ], [ 92.4380931, 27.3324111 ], [ 92.437951, 27.3323825 ], [ 92.4378008, 27.3323682 ], [ 92.4376264, 27.3323515 ], [ 92.4375379, 27.3324016 ] ] } },
{ "type": "Feature", "properties": { "element": "way", "id": 513813454, "highway": "tertiary", "ref": null, "ref:old": null, "source": null, "name": "Singchung-Chitre Basti Road", "name:en": "Singchung-Chitre Basti Road", "surface": null, "bridge": null, "bridge:structure": null, "layer": null, "name:zh": null, "sidewalk": null, "smoothness": null, "lanes": null, "route": null, "alt_name": null, "service": null, "oneway": null }, "geometry": { "type": "LineString", "coordinates": [ [ 92.4765204, 27.2026333 ], [ 92.4762942, 27.2025271 ], [ 92.4759486, 27.2022198 ], [ 92.4757601, 27.2019906 ], [ 92.4755968, 27.2017056 ], [ 92.4753957, 27.2014038 ], [ 92.4753203, 27.2013703 ], [ 92.4751946, 27.2014541 ], [ 92.4750564, 27.2014988 ], [ 92.4749684, 27.2014821 ], [ 92.4749056, 27.2013312 ], [ 92.474736, 27.2011188 ], [ 92.4746229, 27.2008729 ], [ 92.4744909, 27.2006773 ], [ 92.4744218, 27.2005432 ], [ 92.4743087, 27.2002917 ], [ 92.4742019, 27.2001185 ], [ 92.4740888, 27.1999061 ], [ 92.4740197, 27.1997161 ], [ 92.4740071, 27.1995652 ], [ 92.4739945, 27.1994143 ], [ 92.4739066, 27.1992467 ], [ 92.4738374, 27.1991181 ], [ 92.4738374, 27.1988778 ], [ 92.4738123, 27.198699 ], [ 92.4737935, 27.1984419 ], [ 92.4737683, 27.1982966 ], [ 92.4737495, 27.198101 ], [ 92.4737558, 27.197911 ], [ 92.4738689, 27.1977378 ], [ 92.4739066, 27.1976036 ], [ 92.4739191, 27.1974639 ], [ 92.4738186, 27.1973745 ], [ 92.4737495, 27.1972068 ], [ 92.4737809, 27.1970615 ], [ 92.4737746, 27.196905 ], [ 92.4737558, 27.1967653 ], [ 92.4736552, 27.1966536 ], [ 92.4735735, 27.1964132 ], [ 92.473517, 27.1961897 ], [ 92.4734416, 27.1959997 ], [ 92.4734416, 27.1958935 ], [ 92.473385, 27.1957873 ], [ 92.4732091, 27.1956699 ], [ 92.4728761, 27.1956532 ], [ 92.4727567, 27.1955582 ], [ 92.4727755, 27.195329 ], [ 92.472719, 27.1950775 ], [ 92.4726122, 27.1948652 ], [ 92.4725431, 27.194759 ], [ 92.4724991, 27.1946416 ], [ 92.472587, 27.1943398 ], [ 92.4726247, 27.1939207 ], [ 92.4726499, 27.1937083 ], [ 92.4727378, 27.1934847 ], [ 92.472763, 27.1932109 ], [ 92.4728007, 27.1929202 ], [ 92.4728635, 27.1927302 ], [ 92.4728761, 27.1925961 ], [ 92.4730017, 27.1922496 ], [ 92.473008, 27.192054 ], [ 92.4730457, 27.1917745 ], [ 92.4731023, 27.1916851 ], [ 92.473052, 27.1914951 ], [ 92.4729515, 27.1913162 ], [ 92.4728824, 27.191143 ], [ 92.4728746, 27.1911208 ], [ 92.4728258, 27.1909809 ], [ 92.4728258, 27.1908468 ], [ 92.4729003, 27.1907181 ], [ 92.4729326, 27.1906623 ], [ 92.4730017, 27.1905338 ], [ 92.4727316, 27.1904499 ], [ 92.4724488, 27.1903493 ], [ 92.4721346, 27.190232 ], [ 92.4717765, 27.1901481 ], [ 92.4715126, 27.1901481 ], [ 92.4713304, 27.1902264 ], [ 92.4708843, 27.1903382 ], [ 92.4708026, 27.1902264 ], [ 92.470878, 27.1900252 ], [ 92.4711105, 27.1898128 ], [ 92.4712675, 27.1897345 ], [ 92.4715503, 27.1896451 ], [ 92.4718519, 27.1895277 ], [ 92.4720592, 27.1894607 ], [ 92.4722415, 27.1894271 ], [ 92.4724677, 27.1894271 ], [ 92.4725966, 27.1894271 ], [ 92.4727767, 27.1895563 ], [ 92.4730408, 27.1895127 ], [ 92.4733362, 27.1894353 ], [ 92.4734689, 27.1894376 ], [ 92.4735926, 27.1894037 ], [ 92.4737632, 27.1895778 ], [ 92.4739535, 27.1897282 ], [ 92.4741903, 27.1899162 ], [ 92.4743453, 27.1900988 ], [ 92.4745952, 27.1902221 ], [ 92.4748786, 27.1902433 ], [ 92.4752481, 27.1904587 ], [ 92.4754959, 27.1906318 ], [ 92.4756956, 27.1908424 ], [ 92.4759294, 27.1909316 ], [ 92.4762413, 27.1910106 ], [ 92.476406, 27.1910657 ], [ 92.4764214, 27.1910914 ], [ 92.4764827, 27.1911933 ], [ 92.476445, 27.1914727 ], [ 92.4765518, 27.1917019 ], [ 92.4765644, 27.1918695 ], [ 92.4765518, 27.1921881 ], [ 92.476401, 27.192434 ], [ 92.4762502, 27.1926967 ], [ 92.476244, 27.1929761 ], [ 92.4761937, 27.1931829 ], [ 92.4760932, 27.193468 ], [ 92.4759298, 27.1937418 ], [ 92.4760115, 27.1938759 ], [ 92.4763445, 27.1938927 ], [ 92.4766461, 27.1939039 ], [ 92.4770294, 27.1940436 ], [ 92.477199, 27.1941833 ], [ 92.4773875, 27.1942448 ], [ 92.4776766, 27.1946528 ], [ 92.4778211, 27.1949043 ], [ 92.4778776, 27.1953179 ], [ 92.4778085, 27.1956644 ], [ 92.4777457, 27.1960332 ], [ 92.4776891, 27.1961617 ], [ 92.4778714, 27.1962288 ], [ 92.4780599, 27.1963406 ], [ 92.4782169, 27.1964132 ], [ 92.4783803, 27.1964132 ], [ 92.4785123, 27.1962903 ], [ 92.4785877, 27.1959773 ], [ 92.4786945, 27.1955414 ], [ 92.4787699, 27.1953458 ], [ 92.4789332, 27.1952564 ], [ 92.4791155, 27.1952676 ], [ 92.4794171, 27.1952564 ], [ 92.4797187, 27.1952396 ], [ 92.4799888, 27.1953458 ], [ 92.4803219, 27.1953179 ], [ 92.4806926, 27.1952676 ], [ 92.4809125, 27.1951837 ], [ 92.4813712, 27.1952005 ], [ 92.4817482, 27.1950887 ], [ 92.4821566, 27.1948875 ], [ 92.4824896, 27.1948316 ], [ 92.4830488, 27.1948652 ], [ 92.483407, 27.194949 ], [ 92.4835641, 27.1950049 ], [ 92.4835892, 27.1950943 ], [ 92.4832939, 27.1951614 ], [ 92.4826593, 27.1953179 ], [ 92.4820624, 27.1954408 ], [ 92.4813209, 27.1958655 ], [ 92.4807051, 27.1961562 ], [ 92.4802904, 27.1962791 ], [ 92.48009, 27.1964156 ], [ 92.4798883, 27.196553 ], [ 92.4796181, 27.1965865 ], [ 92.4794987, 27.1967206 ], [ 92.4792788, 27.1971845 ], [ 92.4792348, 27.1977042 ], [ 92.4791909, 27.198414 ], [ 92.4791343, 27.1986487 ], [ 92.479084, 27.1989337 ], [ 92.4789709, 27.1994143 ], [ 92.4788453, 27.1996993 ], [ 92.4788516, 27.1999229 ], [ 92.4789961, 27.1999285 ], [ 92.4790463, 27.1997496 ], [ 92.4791783, 27.1995764 ], [ 92.4792286, 27.1993808 ], [ 92.4793982, 27.1991517 ], [ 92.4794862, 27.1988387 ], [ 92.4796244, 27.1985928 ], [ 92.4796684, 27.198414 ], [ 92.4797312, 27.198196 ], [ 92.479838, 27.1979222 ], [ 92.4799574, 27.1976819 ], [ 92.4800768, 27.1975645 ], [ 92.4802213, 27.1975589 ], [ 92.480391, 27.197436 ], [ 92.4805355, 27.1972963 ], [ 92.4806863, 27.1971565 ], [ 92.4807491, 27.1970559 ], [ 92.4809753, 27.1971621 ], [ 92.4811073, 27.1971621 ], [ 92.4812078, 27.1971006 ], [ 92.4813649, 27.1971621 ], [ 92.4817168, 27.1971677 ], [ 92.4818676, 27.1971286 ], [ 92.4820749, 27.1970951 ], [ 92.4823701, 27.1970912 ], [ 92.4825022, 27.1970895 ], [ 92.4828038, 27.1971342 ], [ 92.4830488, 27.1971733 ], [ 92.4832625, 27.1971677 ], [ 92.4834384, 27.1971174 ], [ 92.4835327, 27.1971509 ], [ 92.4837526, 27.1970615 ], [ 92.4838405, 27.1969833 ], [ 92.4839159, 27.1969498 ], [ 92.4840667, 27.1970392 ], [ 92.4842678, 27.1970559 ], [ 92.4844123, 27.1970951 ], [ 92.4847076, 27.1971454 ], [ 92.484959, 27.1972012 ], [ 92.4850658, 27.1972851 ], [ 92.4852292, 27.1974248 ], [ 92.4854239, 27.1975366 ], [ 92.4856501, 27.1976539 ], [ 92.4859266, 27.1976316 ], [ 92.4864984, 27.1976036 ], [ 92.4865047, 27.1977154 ], [ 92.4867686, 27.1977154 ], [ 92.4869445, 27.1977657 ], [ 92.4871393, 27.1979334 ], [ 92.4873027, 27.1981513 ], [ 92.4874095, 27.1982799 ], [ 92.4875414, 27.1982799 ], [ 92.4876545, 27.1982072 ], [ 92.487887, 27.1981066 ], [ 92.4878556, 27.1979557 ], [ 92.4877802, 27.1977378 ], [ 92.4877865, 27.1975422 ], [ 92.487686, 27.1973074 ], [ 92.4876231, 27.1970671 ], [ 92.4876294, 27.1967821 ], [ 92.4877174, 27.1965865 ], [ 92.4877362, 27.1965082 ], [ 92.4877362, 27.1963462 ], [ 92.4877362, 27.1960612 ], [ 92.4876483, 27.1958097 ], [ 92.4877237, 27.1956308 ], [ 92.4876985, 27.1954464 ], [ 92.4875603, 27.1952787 ], [ 92.48751, 27.1951055 ], [ 92.4874221, 27.1949769 ], [ 92.4873215, 27.1947702 ], [ 92.4872021, 27.1945801 ], [ 92.4871959, 27.1943007 ], [ 92.4873215, 27.1940771 ], [ 92.4874975, 27.1939207 ], [ 92.4876671, 27.1937418 ], [ 92.4877991, 27.1936636 ], [ 92.487931, 27.1934791 ], [ 92.4880253, 27.1932053 ], [ 92.4878933, 27.1930264 ], [ 92.4878053, 27.1927079 ], [ 92.4877865, 27.1924955 ], [ 92.4878745, 27.1924172 ], [ 92.4880001, 27.1922608 ], [ 92.4880818, 27.1923166 ], [ 92.4880001, 27.192462 ], [ 92.4879436, 27.1926743 ], [ 92.487975, 27.1929314 ], [ 92.4881069, 27.1931214 ], [ 92.4880755, 27.1933785 ], [ 92.4880001, 27.1937306 ], [ 92.4878807, 27.1939039 ], [ 92.4878682, 27.1940995 ], [ 92.4878745, 27.1944069 ], [ 92.4879373, 27.1947981 ], [ 92.4880755, 27.1951725 ], [ 92.488264, 27.1953514 ], [ 92.4884902, 27.1956923 ], [ 92.4886096, 27.1957817 ], [ 92.4886787, 27.1958935 ], [ 92.4888421, 27.196117 ], [ 92.4890871, 27.1962568 ], [ 92.4892505, 27.1964524 ], [ 92.4894956, 27.1967653 ], [ 92.4896966, 27.1968492 ], [ 92.4898286, 27.1970504 ] ] } },
{ "type": "Feature", "properties": { "element": "way", "id": 513813477, "highway": "secondary", "ref": null, "ref:old": null, "source": null, "name": "Singchung-Shaitan Bridge", "name:en": "Singchung-Shaitan Bridge", "surface": "paved", "bridge": null, "bridge:structure": null, "layer": null, "name:zh": "辛冲-色坦大桥", "sidewalk": "no", "smoothness": "intermediate", "lanes": null, "route": null, "alt_name": null, "service": null, "oneway": null }, "geometry": { "type": "LineString", "coordinates": [ [ 92.4780775, 27.2017426 ], [ 92.4782588, 27.2018313 ], [ 92.4784759, 27.201943 ], [ 92.47899, 27.2019989 ], [ 92.4793213, 27.2018922 ], [ 92.4797268, 27.201689 ], [ 92.4798582, 27.2015773 ], [ 92.4805608, 27.2012927 ], [ 92.4808521, 27.2011403 ], [ 92.4816918, 27.2011149 ], [ 92.4824972, 27.2012623 ], [ 92.4832227, 27.201374 ], [ 92.4839195, 27.2014858 ], [ 92.4844793, 27.2015163 ], [ 92.4846621, 27.2015925 ], [ 92.4847084, 27.2017266 ], [ 92.4852162, 27.2019583 ], [ 92.4856446, 27.2021056 ], [ 92.4861016, 27.2020802 ], [ 92.4863872, 27.2020091 ], [ 92.4867927, 27.2018872 ], [ 92.486987, 27.2017195 ], [ 92.4872554, 27.2015671 ], [ 92.487501, 27.2014655 ], [ 92.4877638, 27.2015315 ], [ 92.4877467, 27.2016281 ], [ 92.4874953, 27.2017093 ], [ 92.4870736, 27.2018915 ], [ 92.4867976, 27.2020626 ], [ 92.4865383, 27.2022113 ], [ 92.4861118, 27.2022485 ], [ 92.4857522, 27.2022634 ], [ 92.4851835, 27.2022783 ], [ 92.485033, 27.2022411 ], [ 92.4849326, 27.2023378 ], [ 92.4851584, 27.2024494 ], [ 92.4857438, 27.2024642 ], [ 92.4861369, 27.2024642 ], [ 92.4865551, 27.2024122 ], [ 92.4869732, 27.2023006 ], [ 92.4876172, 27.2021816 ], [ 92.4882193, 27.2019659 ], [ 92.4884284, 27.2018171 ], [ 92.4886542, 27.2016609 ], [ 92.4888967, 27.2014154 ], [ 92.4892564, 27.2011849 ], [ 92.4897163, 27.2008055 ], [ 92.4898585, 27.2006047 ], [ 92.490076, 27.2003592 ], [ 92.4904021, 27.2001584 ], [ 92.4910126, 27.2000766 ], [ 92.4912846, 27.2001243 ], [ 92.491435, 27.2001042 ], [ 92.491705, 27.2000105 ], [ 92.4918345, 27.1999904 ], [ 92.4920595, 27.200022 ], [ 92.492351, 27.2000673 ], [ 92.4925292, 27.2001118 ], [ 92.4925761, 27.2001455 ], [ 92.492602, 27.2001986 ], [ 92.4926524, 27.200536 ], [ 92.4927942, 27.2008322 ], [ 92.4931285, 27.2012072 ], [ 92.4934045, 27.2014675 ], [ 92.4934463, 27.2016609 ], [ 92.4934296, 27.2018841 ], [ 92.4934296, 27.2020849 ], [ 92.4934463, 27.2023973 ], [ 92.4933543, 27.202732 ], [ 92.4933209, 27.2030816 ], [ 92.493371, 27.2033494 ], [ 92.4933878, 27.2037361 ], [ 92.4934365, 27.2038614 ], [ 92.4935383, 27.2041229 ], [ 92.4935885, 27.2044874 ], [ 92.4937306, 27.2049709 ], [ 92.4938394, 27.2052535 ], [ 92.4939732, 27.205551 ], [ 92.4940234, 27.2057221 ], [ 92.4939732, 27.2058485 ], [ 92.4938226, 27.205737 ], [ 92.4936805, 27.2055659 ], [ 92.4935532, 27.2052371 ], [ 92.4932999, 27.2052352 ] ] } },
{ "type": "Feature", "properties": { "element": "way", "id": 513813493, "highway": "secondary", "ref": null, "ref:old": null, "source": null, "name": "Tenga-Singchung Road", "name:en": "Tenga-Singchung Road", "surface": "paved", "bridge": null, "bridge:structure": null, "layer": null, "name:zh": "登卡-辛冲路", "sidewalk": null, "smoothness": "intermediate", "lanes": "1", "route": "road", "alt_name": null, "service": null, "oneway": null }, "geometry": { "type": "LineString", "coordinates": [ [ 92.4620486, 27.2117145 ], [ 92.4622517, 27.2114959 ], [ 92.4625, 27.2112941 ], [ 92.4631597, 27.211272 ], [ 92.4635889, 27.2112341 ], [ 92.4639471, 27.2111616 ], [ 92.4641422, 27.2110764 ], [ 92.4644082, 27.2109439 ], [ 92.4644578, 27.2108872 ], [ 92.4645252, 27.210761 ], [ 92.4645749, 27.2106411 ], [ 92.4645855, 27.210556 ], [ 92.4646706, 27.2104708 ], [ 92.4647877, 27.2104203 ], [ 92.464926, 27.2103572 ], [ 92.4650608, 27.2102879 ], [ 92.4651636, 27.2102027 ], [ 92.4652558, 27.210127 ], [ 92.4653268, 27.210086 ], [ 92.4654119, 27.2100607 ], [ 92.4655077, 27.2100166 ], [ 92.465685, 27.2100197 ], [ 92.4658021, 27.2100008 ], [ 92.4659829, 27.2100134 ], [ 92.4661319, 27.2100671 ], [ 92.4662277, 27.2100607 ], [ 92.4664334, 27.2099724 ], [ 92.4665079, 27.2099156 ], [ 92.4666285, 27.2098242 ], [ 92.4669867, 27.2095876 ], [ 92.4673449, 27.2094299 ], [ 92.4674726, 27.2094362 ], [ 92.4676145, 27.2095466 ], [ 92.4676819, 27.2096349 ], [ 92.4677741, 27.2097706 ], [ 92.467884, 27.2098463 ], [ 92.4680117, 27.2099661 ], [ 92.46815, 27.2100355 ], [ 92.4683309, 27.2100765 ], [ 92.4685792, 27.2100954 ], [ 92.468643, 27.2100387 ], [ 92.4686962, 27.210004 ], [ 92.4687814, 27.2099283 ], [ 92.4688558, 27.2098999 ], [ 92.4689374, 27.209881 ], [ 92.4690545, 27.2099188 ], [ 92.469136, 27.2099756 ], [ 92.4692212, 27.2100197 ], [ 92.4693843, 27.2100387 ], [ 92.4694978, 27.2100229 ], [ 92.4696113, 27.2099472 ], [ 92.469629, 27.2097485 ], [ 92.4696468, 27.2095561 ], [ 92.4697354, 27.2091712 ], [ 92.4698383, 27.2086413 ], [ 92.4699057, 27.2082628 ], [ 92.4700085, 27.2077581 ], [ 92.4700227, 27.2074868 ], [ 92.4699589, 27.2073291 ], [ 92.4697922, 27.207307 ], [ 92.4695546, 27.207307 ], [ 92.4693524, 27.2073985 ], [ 92.4693063, 27.2076256 ], [ 92.4693169, 27.2081145 ], [ 92.469324, 27.2083196 ], [ 92.4692886, 27.208411 ], [ 92.4691751, 27.2084552 ], [ 92.4691396, 27.2083795 ], [ 92.4691609, 27.2082502 ], [ 92.4691963, 27.2081114 ], [ 92.4691999, 27.2078212 ], [ 92.4691609, 27.207654 ], [ 92.4690367, 27.2074427 ], [ 92.4690084, 27.2072029 ], [ 92.4690048, 27.2070357 ], [ 92.4690154, 27.2069506 ], [ 92.4690474, 27.2067582 ], [ 92.4690935, 27.206591 ], [ 92.4692247, 27.206449 ], [ 92.4693524, 27.2063323 ], [ 92.4696149, 27.2061525 ], [ 92.4697248, 27.206061 ], [ 92.4697993, 27.2059948 ], [ 92.4697957, 27.2058844 ], [ 92.4697319, 27.205815 ], [ 92.4695971, 27.2058623 ], [ 92.4694517, 27.2060043 ], [ 92.4692353, 27.206203 ], [ 92.4690509, 27.2064553 ], [ 92.4689019, 27.2066004 ], [ 92.4686005, 27.2069096 ], [ 92.4685083, 27.2070831 ], [ 92.4684941, 27.2073512 ], [ 92.4684196, 27.207531 ], [ 92.4684231, 27.2076729 ], [ 92.468526, 27.2078811 ], [ 92.4686147, 27.2080262 ], [ 92.4686679, 27.2081934 ], [ 92.4686572, 27.2083133 ], [ 92.4686005, 27.2084867 ], [ 92.4684444, 27.2087075 ], [ 92.4684089, 27.2088306 ], [ 92.4683664, 27.2089883 ], [ 92.4682848, 27.2091807 ], [ 92.4682245, 27.2093195 ], [ 92.4681678, 27.209433 ], [ 92.4680259, 27.2094835 ], [ 92.4679762, 27.2093952 ], [ 92.4679727, 27.2092848 ], [ 92.4681323, 27.2091681 ], [ 92.4681571, 27.2090671 ], [ 92.4681571, 27.2088873 ], [ 92.4680897, 27.2086949 ], [ 92.4680685, 27.2085498 ], [ 92.4681075, 27.2082344 ], [ 92.4681252, 27.2080893 ], [ 92.4680897, 27.207941 ], [ 92.467955, 27.2077518 ], [ 92.4678379, 27.207512 ], [ 92.4678344, 27.2073291 ], [ 92.4678982, 27.2071461 ], [ 92.4680223, 27.2070578 ], [ 92.4680543, 27.206919 ], [ 92.4680791, 27.2067235 ], [ 92.4681536, 27.2066509 ], [ 92.468299, 27.2065531 ], [ 92.468448, 27.2064616 ], [ 92.4684976, 27.206244 ], [ 92.4684905, 27.2060989 ], [ 92.4685118, 27.2057961 ], [ 92.4685402, 27.2055216 ], [ 92.4685969, 27.2052503 ], [ 92.4686076, 27.2050737 ], [ 92.4686962, 27.2047835 ], [ 92.4688168, 27.2046857 ], [ 92.4689161, 27.2046447 ], [ 92.4691573, 27.2046289 ], [ 92.4692673, 27.2047046 ], [ 92.4692886, 27.204875 ], [ 92.4693879, 27.2049948 ], [ 92.4695368, 27.2051463 ], [ 92.4696574, 27.2052346 ], [ 92.4697745, 27.2052535 ], [ 92.4699128, 27.2052535 ], [ 92.4700476, 27.2052314 ], [ 92.4702036, 27.2051778 ], [ 92.4703242, 27.2050737 ], [ 92.470459, 27.2048844 ], [ 92.4705051, 27.2047551 ], [ 92.4706399, 27.2046352 ], [ 92.4707356, 27.2045848 ], [ 92.4707747, 27.2044586 ], [ 92.4708279, 27.2043671 ], [ 92.4708952, 27.2043009 ], [ 92.4709591, 27.2042504 ], [ 92.47114, 27.2041431 ], [ 92.4712925, 27.20414 ], [ 92.4713634, 27.2041684 ], [ 92.4714982, 27.2041684 ], [ 92.471789, 27.2042031 ], [ 92.4719699, 27.2041936 ], [ 92.4721685, 27.2041211 ], [ 92.4722608, 27.2040737 ], [ 92.4724133, 27.2039539 ], [ 92.4724381, 27.2038372 ], [ 92.4725551, 27.2037331 ], [ 92.4727077, 27.2037772 ], [ 92.4730801, 27.2037772 ], [ 92.4732113, 27.2037993 ], [ 92.4733993, 27.2038088 ], [ 92.4737752, 27.2039507 ], [ 92.473988, 27.2040043 ], [ 92.4741406, 27.2041211 ], [ 92.4743569, 27.2041684 ], [ 92.4745378, 27.2042031 ], [ 92.4746903, 27.2043103 ], [ 92.4748145, 27.2044491 ], [ 92.4751053, 27.2045974 ], [ 92.4752755, 27.2045974 ], [ 92.4756231, 27.2045311 ], [ 92.4757195, 27.2045172 ], [ 92.4757964, 27.2045142 ], [ 92.4758998, 27.2045658 ], [ 92.4760878, 27.2047362 ], [ 92.4762722, 27.2048907 ], [ 92.4764708, 27.2050169 ], [ 92.4767545, 27.2050327 ], [ 92.476978, 27.2050358 ], [ 92.4771305, 27.2050863 ], [ 92.4774639, 27.2050548 ], [ 92.4776164, 27.2049948 ], [ 92.4777299, 27.2049885 ], [ 92.4779321, 27.2050579 ], [ 92.4781201, 27.2051683 ], [ 92.4782832, 27.2052188 ], [ 92.4784393, 27.2052251 ], [ 92.4785315, 27.2052503 ], [ 92.4788188, 27.2052157 ], [ 92.4788401, 27.2050863 ], [ 92.4789287, 27.2049381 ], [ 92.4790209, 27.2047614 ], [ 92.479177, 27.2045658 ], [ 92.4794146, 27.2044744 ], [ 92.4797445, 27.204468 ], [ 92.4799254, 27.2044617 ], [ 92.4801098, 27.2044523 ], [ 92.4803049, 27.204427 ], [ 92.4804361, 27.2043324 ], [ 92.4805461, 27.2042378 ], [ 92.4809575, 27.2041841 ], [ 92.4812058, 27.2042819 ], [ 92.4813938, 27.2043387 ], [ 92.4815746, 27.2045658 ], [ 92.4817378, 27.2047078 ], [ 92.4819861, 27.2048876 ], [ 92.4821776, 27.2049191 ], [ 92.4824081, 27.2049097 ], [ 92.4825997, 27.2048213 ], [ 92.4826458, 27.2047078 ], [ 92.4826493, 27.2046289 ], [ 92.4823691, 27.2045785 ], [ 92.4822202, 27.2044775 ], [ 92.4820251, 27.2042946 ], [ 92.4819187, 27.2042125 ], [ 92.4818406, 27.2040454 ], [ 92.481979, 27.2039665 ], [ 92.4820747, 27.2041211 ], [ 92.4821421, 27.2042535 ], [ 92.4822734, 27.2043703 ], [ 92.4826138, 27.2045438 ], [ 92.4827699, 27.2045469 ], [ 92.4830678, 27.2046415 ], [ 92.4832594, 27.204815 ], [ 92.4834332, 27.2049254 ], [ 92.4835041, 27.2049286 ], [ 92.4835892, 27.2048371 ], [ 92.4836034, 27.2047267 ], [ 92.4833764, 27.2046479 ], [ 92.4830466, 27.2045438 ], [ 92.4829047, 27.2044901 ], [ 92.4826529, 27.2043671 ], [ 92.4824613, 27.2042567 ], [ 92.4823443, 27.2041179 ], [ 92.4822521, 27.2039539 ], [ 92.482167, 27.2038308 ], [ 92.4820535, 27.2037898 ], [ 92.4817094, 27.2038687 ], [ 92.4814292, 27.2038372 ], [ 92.4812129, 27.2038939 ], [ 92.4809681, 27.2039002 ], [ 92.4807802, 27.2038277 ], [ 92.4806667, 27.2037709 ], [ 92.4801772, 27.2037898 ], [ 92.4799538, 27.2037425 ], [ 92.4796842, 27.2036447 ], [ 92.4794678, 27.2035911 ], [ 92.4793331, 27.203588 ], [ 92.4792302, 27.2035753 ], [ 92.4790351, 27.2036447 ], [ 92.478762, 27.2035627 ], [ 92.4784038, 27.2035186 ], [ 92.4779321, 27.2033798 ], [ 92.4773043, 27.2031242 ], [ 92.4768374, 27.2028311 ], [ 92.4767616, 27.2027836 ], [ 92.4766091, 27.2026826 ], [ 92.4766481, 27.2025911 ], [ 92.4767155, 27.2024744 ], [ 92.4768858, 27.2023262 ], [ 92.4769603, 27.2022536 ], [ 92.476994, 27.2022292 ], [ 92.477056, 27.2021842 ], [ 92.4771802, 27.2021684 ], [ 92.4773646, 27.2021527 ], [ 92.4776696, 27.2021211 ], [ 92.477776, 27.2020675 ], [ 92.4779143, 27.2019318 ], [ 92.4780101, 27.2018593 ], [ 92.4780348, 27.2018165 ], [ 92.4780775, 27.2017426 ] ] } },
{ "type": "Feature", "properties": { "element": "way", "id": 636805774, "highway": "secondary", "ref": null, "ref:old": null, "source": null, "name": "Singchung-Shaitan bridge", "name:en": null, "surface": "paved", "bridge": "yes", "bridge:structure": null, "layer": "1", "name:zh": null, "sidewalk": "no", "smoothness": "intermediate", "lanes": null, "route": null, "alt_name": null, "service": null, "oneway": null }, "geometry": { "type": "LineString", "coordinates": [ [ 92.4932999, 27.2052352 ], [ 92.4927615, 27.2053484 ] ] } },
{ "type": "Feature", "properties": { "element": "way", "id": 636805775, "highway": "secondary", "ref": null, "ref:old": null, "source": null, "name": "Singchung-Shaitan bridge", "name:en": null, "surface": "paved", "bridge": null, "bridge:structure": null, "layer": null, "name:zh": null, "sidewalk": "no", "smoothness": "intermediate", "lanes": null, "route": null, "alt_name": null, "service": null, "oneway": null }, "geometry": { "type": "LineString", "coordinates": [ [ 92.4927615, 27.2053484 ], [ 92.4926361, 27.2053613 ], [ 92.4925567, 27.2053206 ], [ 92.4925096, 27.2052386 ], [ 92.492495, 27.2050939 ], [ 92.4925096, 27.2049857 ], [ 92.4925594, 27.2048101 ], [ 92.4925518, 27.2047629 ], [ 92.4925166, 27.2047269 ], [ 92.4924651, 27.2047138 ], [ 92.4924139, 27.2047275 ], [ 92.4923742, 27.2047655 ], [ 92.4923424, 27.2048295 ], [ 92.4922708, 27.2053129 ], [ 92.4923022, 27.2054227 ], [ 92.4923854, 27.2056067 ], [ 92.4923638, 27.2057547 ] ] } },
{ "type": "Feature", "properties": { "element": "way", "id": 636805776, "highway": "secondary", "ref": null, "ref:old": null, "source": null, "name": "Tenga-Singchung road", "name:en": null, "surface": "paved", "bridge": "yes", "bridge:structure": null, "layer": "1", "name:zh": null, "sidewalk": null, "smoothness": "intermediate", "lanes": "1", "route": "road", "alt_name": null, "service": null, "oneway": null }, "geometry": { "type": "LineString", "coordinates": [ [ 92.4614039, 27.21268 ], [ 92.4617258, 27.2121979 ], [ 92.4620486, 27.2117145 ] ] } },
{ "type": "Feature", "properties": { "element": "way", "id": 636805777, "highway": "secondary", "ref": null, "ref:old": null, "source": null, "name": "Tenga-Singchung road", "name:en": null, "surface": "paved", "bridge": null, "bridge:structure": null, "layer": null, "name:zh": null, "sidewalk": null, "smoothness": "intermediate", "lanes": "1", "route": "road", "alt_name": null, "service": null, "oneway": null }, "geometry": { "type": "LineString", "coordinates": [ [ 92.4613166, 27.2128706 ], [ 92.4613544, 27.2127702 ], [ 92.4614039, 27.21268 ] ] } },
{ "type": "Feature", "properties": { "element": "way", "id": 911029081, "highway": "path", "ref": null, "ref:old": null, "source": null, "name": null, "name:en": null, "surface": null, "bridge": null, "bridge:structure": null, "layer": null, "name:zh": null, "sidewalk": null, "smoothness": null, "lanes": null, "route": null, "alt_name": null, "service": null, "oneway": null }, "geometry": { "type": "LineString", "coordinates": [ [ 92.325063, 27.2192076 ], [ 92.3251497, 27.2192851 ], [ 92.3251892, 27.2193507 ], [ 92.3251828, 27.2193938 ], [ 92.3251459, 27.2194141 ], [ 92.3250614, 27.2194208 ], [ 92.3250732, 27.2194543 ] ] } },
{ "type": "Feature", "properties": { "element": "way", "id": 911029082, "highway": "path", "ref": null, "ref:old": null, "source": null, "name": null, "name:en": null, "surface": null, "bridge": null, "bridge:structure": null, "layer": null, "name:zh": null, "sidewalk": null, "smoothness": null, "lanes": null, "route": null, "alt_name": null, "service": null, "oneway": null }, "geometry": { "type": "LineString", "coordinates": [ [ 92.3253258, 27.2201726 ], [ 92.325345, 27.2202272 ], [ 92.3253251, 27.2202863 ], [ 92.3252706, 27.2203183 ], [ 92.3251731, 27.2203253 ], [ 92.3251528, 27.2203773 ], [ 92.3251629, 27.2204452 ], [ 92.3251324, 27.220521 ], [ 92.3251948, 27.2205821 ], [ 92.3251795, 27.2206365 ], [ 92.3252011, 27.220787 ], [ 92.325168, 27.2208685 ] ] } },
{ "type": "Feature", "properties": { "element": "way", "id": 911029083, "highway": "service", "ref": null, "ref:old": null, "source": null, "name": null, "name:en": null, "surface": null, "bridge": null, "bridge:structure": null, "layer": null, "name:zh": null, "sidewalk": null, "smoothness": null, "lanes": null, "route": null, "alt_name": null, "service": null, "oneway": null }, "geometry": { "type": "LineString", "coordinates": [ [ 92.3259145, 27.2196393 ], [ 92.3259824, 27.2197144 ], [ 92.3260333, 27.2197913 ], [ 92.3260995, 27.2199136 ], [ 92.3261389, 27.2200154 ], [ 92.3261796, 27.2201795 ], [ 92.3262102, 27.2204036 ], [ 92.3261702, 27.2204368 ], [ 92.3260397, 27.2204579 ], [ 92.3259557, 27.2204511 ], [ 92.3257902, 27.2204081 ], [ 92.3256859, 27.2203809 ], [ 92.3256388, 27.2203843 ], [ 92.3256095, 27.220399 ] ] } },
{ "type": "Feature", "properties": { "element": "way", "id": 911037133, "highway": "path", "ref": null, "ref:old": null, "source": null, "name": null, "name:en": null, "surface": null, "bridge": null, "bridge:structure": null, "layer": null, "name:zh": null, "sidewalk": null, "smoothness": null, "lanes": null, "route": null, "alt_name": null, "service": null, "oneway": null }, "geometry": { "type": "LineString", "coordinates": [ [ 92.3689207, 27.2101534 ], [ 92.3689025, 27.2102079 ], [ 92.3688819, 27.210232 ], [ 92.3688268, 27.210261 ], [ 92.3687642, 27.2102785 ] ] } },
{ "type": "Feature", "properties": { "element": "way", "id": 911037134, "highway": "service", "ref": null, "ref:old": null, "source": null, "name": null, "name:en": null, "surface": null, "bridge": null, "bridge:structure": null, "layer": null, "name:zh": null, "sidewalk": null, "smoothness": null, "lanes": null, "route": null, "alt_name": null, "service": null, "oneway": null }, "geometry": { "type": "LineString", "coordinates": [ [ 92.3707806, 27.2078607 ], [ 92.370469, 27.2081619 ], [ 92.3702032, 27.2084018 ], [ 92.3700319, 27.2085262 ], [ 92.3699689, 27.2085804 ], [ 92.3699098, 27.208647 ], [ 92.3698704, 27.208738 ], [ 92.3697838, 27.2088746 ], [ 92.3696952, 27.2089447 ], [ 92.3695692, 27.20902 ], [ 92.3692799, 27.2091993 ], [ 92.369193, 27.2092525 ], [ 92.369136, 27.2092874 ] ] } },
{ "type": "Feature", "properties": { "element": "way", "id": 911037135, "highway": "path", "ref": null, "ref:old": null, "source": null, "name": null, "name:en": null, "surface": null, "bridge": null, "bridge:structure": null, "layer": null, "name:zh": null, "sidewalk": null, "smoothness": null, "lanes": null, "route": null, "alt_name": null, "service": null, "oneway": null }, "geometry": { "type": "LineString", "coordinates": [ [ 92.369136, 27.2092874 ], [ 92.3690996, 27.2093156 ], [ 92.3690706, 27.209353 ], [ 92.3690476, 27.2094283 ] ] } },
{ "type": "Feature", "properties": { "element": "way", "id": 984123337, "highway": "unclassified", "ref": null, "ref:old": null, "source": null, "name": null, "name:en": null, "surface": null, "bridge": null, "bridge:structure": null, "layer": null, "name:zh": null, "sidewalk": null, "smoothness": null, "lanes": null, "route": null, "alt_name": null, "service": null, "oneway": null }, "geometry": { "type": "LineString", "coordinates": [ [ 92.2934967, 27.4098072 ], [ 92.2936565, 27.4095593 ], [ 92.2945022, 27.4091407 ], [ 92.2947136, 27.4087797 ], [ 92.2948111, 27.4084333 ], [ 92.2954941, 27.4084044 ], [ 92.295795, 27.4087148 ], [ 92.295982, 27.4092056 ], [ 92.2962991, 27.4095954 ], [ 92.2963885, 27.4098047 ], [ 92.2968357, 27.4100501 ], [ 92.2973886, 27.4100718 ], [ 92.2978928, 27.4102378 ], [ 92.298096, 27.4104399 ], [ 92.298153, 27.4111184 ], [ 92.2981204, 27.4115587 ], [ 92.2981936, 27.4116886 ], [ 92.298405, 27.4117753 ], [ 92.2986571, 27.4122661 ], [ 92.2991612, 27.4133776 ], [ 92.2989417, 27.4140706 ], [ 92.299462, 27.4148862 ], [ 92.2997304, 27.4151099 ], [ 92.2997466, 27.4157884 ], [ 92.2995596, 27.4163369 ], [ 92.2994702, 27.4176217 ], [ 92.2990148, 27.4181558 ], [ 92.2989091, 27.4187981 ], [ 92.299023, 27.4190002 ], [ 92.2992506, 27.4192673 ], [ 92.2998117, 27.4205664 ], [ 92.3008362, 27.4218078 ], [ 92.3012427, 27.4220893 ], [ 92.3019174, 27.4225602 ], [ 92.3026493, 27.4227652 ], [ 92.3029593, 27.4227758 ], [ 92.3033169, 27.4227504 ], [ 92.3037055, 27.4227588 ], [ 92.3043238, 27.4227842 ], [ 92.3049508, 27.4228477 ], [ 92.3057614, 27.422926 ], [ 92.3061631, 27.423005 ], [ 92.3061631, 27.4227066 ], [ 92.3062656, 27.4226156 ], [ 92.3064969, 27.4226495 ], [ 92.306907, 27.4225649 ], [ 92.3073099, 27.4225903 ], [ 92.3076723, 27.4227511 ], [ 92.3079735, 27.422829 ] ] } },
{ "type": "Feature", "properties": { "element": "way", "id": 1159100118, "highway": "unclassified", "ref": null, "ref:old": null, "source": null, "name": null, "name:en": null, "surface": null, "bridge": null, "bridge:structure": null, "layer": null, "name:zh": null, "sidewalk": null, "smoothness": null, "lanes": null, "route": null, "alt_name": null, "service": null, "oneway": null }, "geometry": { "type": "LineString", "coordinates": [ [ 92.3881879, 27.3416677 ], [ 92.3882303, 27.3418556 ], [ 92.3881673, 27.3420312 ], [ 92.3880965, 27.3423959 ], [ 92.3880646, 27.3426669 ], [ 92.388054, 27.3429089 ], [ 92.3881071, 27.343173 ], [ 92.3882027, 27.3434905 ], [ 92.3884823, 27.3440941 ], [ 92.3886451, 27.3443456 ], [ 92.3888503, 27.3447417 ], [ 92.3888751, 27.3448863 ], [ 92.3889317, 27.3450309 ], [ 92.3889884, 27.3452007 ], [ 92.3890096, 27.3453799 ], [ 92.3889884, 27.3458043 ], [ 92.3890096, 27.3462884 ], [ 92.3890415, 27.3465619 ], [ 92.3891335, 27.346716 ], [ 92.3891866, 27.3468606 ], [ 92.389183, 27.3470272 ], [ 92.3891158, 27.3472881 ], [ 92.3891158, 27.3474862 ], [ 92.3891299, 27.3482626 ], [ 92.3891618, 27.3483727 ], [ 92.3892467, 27.3484607 ], [ 92.389314, 27.348555 ], [ 92.3893281, 27.348643 ], [ 92.389314, 27.3488285 ], [ 92.3892432, 27.3494006 ], [ 92.389268, 27.3495641 ], [ 92.3892927, 27.3497433 ], [ 92.3892786, 27.349957 ], [ 92.3892397, 27.3501645 ], [ 92.3891406, 27.3503846 ], [ 92.3890556, 27.3505795 ], [ 92.3890592, 27.3506769 ], [ 92.3891016, 27.3507901 ], [ 92.3892043, 27.3509787 ], [ 92.3892326, 27.3510982 ], [ 92.3892786, 27.3516514 ], [ 92.3892432, 27.3517426 ], [ 92.3891689, 27.3518149 ], [ 92.3889671, 27.3519375 ], [ 92.3888999, 27.3520129 ], [ 92.3888822, 27.3520884 ], [ 92.3888964, 27.3521827 ], [ 92.3890698, 27.3525033 ], [ 92.3890875, 27.3526668 ], [ 92.3890485, 27.3528617 ], [ 92.3889813, 27.3530754 ], [ 92.3889494, 27.3533238 ], [ 92.388999, 27.3538676 ], [ 92.3889459, 27.354053 ], [ 92.3888397, 27.3541976 ], [ 92.3887194, 27.3542951 ], [ 92.3886592, 27.3543957 ], [ 92.3886238, 27.3545277 ], [ 92.3886415, 27.3546723 ], [ 92.3887017, 27.3550621 ], [ 92.3886911, 27.3551501 ], [ 92.3886486, 27.3552444 ], [ 92.3885778, 27.3553261 ], [ 92.3882133, 27.3559925 ], [ 92.3881531, 27.3561497 ], [ 92.3880328, 27.3563069 ], [ 92.3877992, 27.3564892 ], [ 92.3875408, 27.3566904 ], [ 92.3874488, 27.3567721 ], [ 92.3874453, 27.3568727 ], [ 92.3874878, 27.3569576 ], [ 92.3876152, 27.3570204 ], [ 92.3877426, 27.3570896 ], [ 92.387785, 27.3571839 ], [ 92.3877886, 27.3573222 ], [ 92.3877603, 27.3576868 ], [ 92.3876789, 27.3579383 ], [ 92.3872612, 27.3587273 ], [ 92.3870631, 27.3589819 ], [ 92.3868826, 27.3591359 ], [ 92.3866808, 27.3592428 ], [ 92.3865322, 27.3593779 ], [ 92.3864614, 27.3594785 ], [ 92.3862101, 27.3596011 ], [ 92.3860827, 27.3596923 ], [ 92.3860827, 27.3597866 ], [ 92.3860969, 27.3598809 ], [ 92.3860438, 27.3599877 ], [ 92.3857748, 27.3602078 ], [ 92.3854987, 27.3604372 ], [ 92.3853642, 27.360629 ], [ 92.3852474, 27.3610219 ], [ 92.3850669, 27.3615028 ], [ 92.3850669, 27.3616725 ], [ 92.3850882, 27.3619083 ], [ 92.3850705, 27.362056 ], [ 92.3850032, 27.3622572 ], [ 92.3849997, 27.362452 ], [ 92.3848263, 27.3640111 ], [ 92.3847661, 27.3642028 ], [ 92.3846706, 27.3643442 ], [ 92.3846706, 27.3644605 ], [ 92.3847343, 27.3646177 ], [ 92.3847944, 27.3647623 ], [ 92.3848227, 27.364888 ], [ 92.3849077, 27.3649792 ], [ 92.385074, 27.3650326 ], [ 92.3851837, 27.3650923 ], [ 92.3852581, 27.3652055 ], [ 92.3853288, 27.3654569 ], [ 92.3853253, 27.3656581 ], [ 92.3852368, 27.3658404 ], [ 92.3850599, 27.3660541 ], [ 92.3849502, 27.3662773 ], [ 92.3849325, 27.3665004 ], [ 92.3850457, 27.3668525 ], [ 92.3850634, 27.3669813 ], [ 92.385028, 27.3671542 ], [ 92.3849218, 27.3673334 ], [ 92.3845821, 27.3677891 ], [ 92.3844547, 27.3678582 ], [ 92.3843343, 27.3679588 ], [ 92.3842494, 27.3680563 ], [ 92.3841538, 27.368204 ], [ 92.3840937, 27.3684114 ], [ 92.3840441, 27.3686189 ], [ 92.3840264, 27.3688829 ], [ 92.38403, 27.3691972 ], [ 92.3840052, 27.3694109 ], [ 92.3840016, 27.3695869 ], [ 92.3840795, 27.3696938 ], [ 92.3841786, 27.3697975 ], [ 92.3841821, 27.3699106 ], [ 92.3842529, 27.3702249 ], [ 92.384352, 27.3704575 ], [ 92.3843414, 27.370665 ], [ 92.384306, 27.3708693 ], [ 92.3842388, 27.3710044 ], [ 92.3841468, 27.3710798 ], [ 92.3841043, 27.3711521 ], [ 92.3841043, 27.3712401 ], [ 92.3841574, 27.3713281 ], [ 92.3842812, 27.3714319 ], [ 92.3843874, 27.3716141 ], [ 92.3845821, 27.3720824 ], [ 92.3845998, 27.3722082 ], [ 92.3845856, 27.3725319 ], [ 92.3845785, 27.3735062 ], [ 92.3845431, 27.3736193 ], [ 92.3844511, 27.3737451 ], [ 92.3843025, 27.3738865 ], [ 92.3841468, 27.3739871 ], [ 92.3840123, 27.3740122 ], [ 92.3838247, 27.3739776 ], [ 92.3831522, 27.3738111 ], [ 92.3828337, 27.3738268 ], [ 92.3826532, 27.3739336 ], [ 92.3825789, 27.3740719 ], [ 92.3824798, 27.3744271 ], [ 92.3824727, 27.3747036 ], [ 92.3825081, 27.3749739 ], [ 92.382494, 27.3751122 ], [ 92.3824232, 27.3753573 ], [ 92.3822745, 27.3755679 ], [ 92.3821188, 27.3756433 ], [ 92.381103, 27.3756056 ], [ 92.3809084, 27.3756433 ], [ 92.3808411, 27.3757313 ], [ 92.3808199, 27.3759513 ], [ 92.3809049, 27.3761682 ], [ 92.3809367, 27.3763033 ], [ 92.3808872, 27.3764605 ], [ 92.3807456, 27.3767245 ], [ 92.380742, 27.376935 ], [ 92.380873, 27.3772305 ], [ 92.3812163, 27.3777365 ], [ 92.3812765, 27.3778527 ], [ 92.3813083, 27.3780319 ], [ 92.3812835, 27.3781765 ], [ 92.3812234, 27.3782927 ], [ 92.3811066, 27.3783336 ], [ 92.3809863, 27.3783022 ], [ 92.3808907, 27.3781953 ], [ 92.3808022, 27.3780822 ], [ 92.3807102, 27.3780602 ], [ 92.3806253, 27.3780916 ], [ 92.3805651, 27.3781765 ], [ 92.3804943, 27.3782236 ], [ 92.3803634, 27.3781859 ], [ 92.3802643, 27.3780759 ], [ 92.3799585, 27.3776803 ], [ 92.3795883, 27.377485 ], [ 92.3792074, 27.3773659 ], [ 92.3788373, 27.377404 ], [ 92.378612, 27.3774755 ], [ 92.3784886, 27.3775898 ], [ 92.3783921, 27.3775993 ], [ 92.378215, 27.3775755 ], [ 92.3780702, 27.377566 ], [ 92.3779683, 27.3776422 ], [ 92.3778717, 27.3777422 ], [ 92.3777537, 27.3777994 ], [ 92.3777322, 27.3778947 ], [ 92.3777805, 27.378028 ], [ 92.3777859, 27.37819 ], [ 92.3777537, 27.3784615 ], [ 92.3778127, 27.3787188 ], [ 92.377802, 27.3788855 ], [ 92.3776625, 27.3792332 ], [ 92.3776464, 27.3795238 ], [ 92.3776571, 27.3796476 ], [ 92.3776249, 27.3797334 ], [ 92.3775391, 27.3797381 ], [ 92.3774479, 27.3796762 ], [ 92.3773835, 27.3796619 ], [ 92.3768578, 27.380143 ], [ 92.3767988, 27.3802717 ], [ 92.3767559, 27.3804336 ], [ 92.3767505, 27.3805479 ], [ 92.3766808, 27.3806194 ], [ 92.3765252, 27.3806527 ], [ 92.376316, 27.3806623 ], [ 92.3762034, 27.3806956 ], [ 92.3761658, 27.3807432 ], [ 92.3761926, 27.3808195 ], [ 92.3763214, 27.3810052 ], [ 92.3763911, 27.3811386 ], [ 92.3764072, 27.381272 ], [ 92.3763589, 27.3814196 ], [ 92.3762034, 27.3816007 ], [ 92.3759942, 27.3817293 ], [ 92.3758976, 27.3818341 ], [ 92.3757635, 27.3819198 ], [ 92.3757206, 27.3820151 ], [ 92.3757528, 27.3821294 ], [ 92.375801, 27.3822532 ], [ 92.375801, 27.3823437 ], [ 92.3757259, 27.38242 ], [ 92.3756508, 27.3824628 ], [ 92.3756401, 27.3825438 ], [ 92.3756884, 27.3826295 ], [ 92.3757528, 27.382701 ], [ 92.3757313, 27.3828296 ], [ 92.3756616, 27.3829582 ], [ 92.3755489, 27.3830868 ], [ 92.3753665, 27.3831345 ], [ 92.3751037, 27.3831345 ], [ 92.3749427, 27.3832011 ], [ 92.3746531, 27.3833583 ], [ 92.3744546, 27.3836203 ], [ 92.3744009, 27.3838251 ], [ 92.3743956, 27.3840109 ], [ 92.3743312, 27.3841538 ], [ 92.3740844, 27.3844015 ], [ 92.3738269, 27.3846444 ], [ 92.3737411, 27.3848492 ], [ 92.3736714, 27.3850445 ], [ 92.3735909, 27.385116 ], [ 92.373489, 27.3851493 ], [ 92.3733656, 27.3851446 ], [ 92.3732851, 27.3851065 ], [ 92.3732047, 27.3850826 ], [ 92.3730974, 27.3851303 ], [ 92.3729847, 27.3852589 ], [ 92.3727916, 27.385497 ], [ 92.3725985, 27.3855876 ], [ 92.3725448, 27.3857209 ], [ 92.3725019, 27.3860115 ], [ 92.3725287, 27.3862449 ], [ 92.3725717, 27.3864878 ], [ 92.3725234, 27.3866069 ], [ 92.3723732, 27.3867117 ], [ 92.3722444, 27.3868069 ], [ 92.3722552, 27.3868927 ], [ 92.3723464, 27.3869784 ], [ 92.3724054, 27.3870975 ], [ 92.3724536, 27.3874071 ], [ 92.3724322, 27.3876357 ], [ 92.3723839, 27.3878405 ], [ 92.372223, 27.3880358 ], [ 92.3719708, 27.3882645 ], [ 92.3718045, 27.388474 ], [ 92.3715846, 27.388655 ], [ 92.3713915, 27.3888789 ], [ 92.3713057, 27.3891218 ], [ 92.371311, 27.3891742 ], [ 92.3713593, 27.3892028 ], [ 92.3714183, 27.3891837 ], [ 92.3714934, 27.3890551 ], [ 92.37159, 27.3888932 ], [ 92.3720781, 27.3886122 ], [ 92.3725019, 27.3884026 ], [ 92.3729096, 27.3883407 ], [ 92.3733388, 27.3882883 ], [ 92.3735533, 27.3881978 ], [ 92.3736767, 27.3880787 ], [ 92.3737411, 27.3879501 ], [ 92.3737947, 27.3878358 ], [ 92.3738698, 27.3877929 ], [ 92.3739825, 27.3878167 ], [ 92.3741434, 27.3879882 ], [ 92.3743526, 27.3881216 ], [ 92.3746423, 27.388193 ], [ 92.3748998, 27.3881787 ], [ 92.3751037, 27.3881216 ], [ 92.3751895, 27.3880358 ], [ 92.3752163, 27.3879406 ], [ 92.3752431, 27.3878405 ], [ 92.3753397, 27.3877786 ], [ 92.3755275, 27.3877643 ], [ 92.3757152, 27.3877167 ], [ 92.3757957, 27.3876405 ], [ 92.3758815, 27.3874452 ], [ 92.3759244, 27.3873261 ], [ 92.3760263, 27.387188 ], [ 92.376139, 27.3870927 ], [ 92.376257, 27.3870641 ], [ 92.3766325, 27.3871165 ], [ 92.3772816, 27.387207 ], [ 92.3776249, 27.3871642 ], [ 92.3777322, 27.3871975 ], [ 92.3777644, 27.3872832 ], [ 92.3777805, 27.3874547 ], [ 92.3777483, 27.387631 ], [ 92.377641, 27.3877357 ], [ 92.3774157, 27.3877834 ], [ 92.3771046, 27.3878024 ], [ 92.3767774, 27.3878453 ], [ 92.3765789, 27.3879263 ], [ 92.3764287, 27.3881454 ], [ 92.3761336, 27.3886074 ], [ 92.3758547, 27.3888694 ], [ 92.3754845, 27.3890218 ], [ 92.3751554, 27.389105 ], [ 92.3747082, 27.3892638 ], [ 92.3743749, 27.3893288 ], [ 92.3742001, 27.389401 ], [ 92.3740659, 27.3895129 ], [ 92.373887, 27.3896176 ], [ 92.3737772, 27.389697 ], [ 92.3737813, 27.3897944 ], [ 92.373826, 27.3898594 ], [ 92.3739236, 27.3898739 ], [ 92.3741431, 27.3898594 ], [ 92.3744968, 27.3898919 ], [ 92.3751758, 27.3900146 ], [ 92.3754075, 27.3900074 ], [ 92.3755864, 27.389946 ], [ 92.3756961, 27.3899352 ], [ 92.3758669, 27.3899569 ], [ 92.3764076, 27.3901771 ], [ 92.3766556, 27.3902637 ], [ 92.37668, 27.390289 ], [ 92.37668, 27.3903323 ], [ 92.3766637, 27.3903864 ], [ 92.3765418, 27.3903973 ], [ 92.3763873, 27.3903576 ], [ 92.3762775, 27.3903576 ], [ 92.3762206, 27.3904117 ], [ 92.3761433, 27.3905019 ], [ 92.3760539, 27.3905236 ], [ 92.3759238, 27.3905055 ], [ 92.3757571, 27.3903973 ], [ 92.3755864, 27.3903178 ], [ 92.3754116, 27.3903178 ], [ 92.3752815, 27.3903503 ], [ 92.3752286, 27.3903936 ], [ 92.3751961, 27.3904803 ], [ 92.3752449, 27.3905633 ], [ 92.3753994, 27.3905922 ], [ 92.3756799, 27.3906608 ], [ 92.3759523, 27.3908268 ], [ 92.376245, 27.3910181 ], [ 92.3768385, 27.3912275 ], [ 92.37718, 27.3913755 ], [ 92.3773264, 27.3915054 ], [ 92.3774768, 27.3916029 ], [ 92.3777248, 27.3916245 ], [ 92.3782655, 27.3915415 ], [ 92.3784281, 27.3915415 ], [ 92.3785338, 27.3915885 ], [ 92.3785664, 27.3917112 ], [ 92.378542, 27.391852 ] ] } },
{ "type": "Feature", "properties": { "element": "way", "id": 1159100119, "highway": "unclassified", "ref": null, "ref:old": null, "source": null, "name": null, "name:en": null, "surface": null, "bridge": null, "bridge:structure": null, "layer": null, "name:zh": null, "sidewalk": null, "smoothness": null, "lanes": null, "route": null, "alt_name": null, "service": null, "oneway": null }, "geometry": { "type": "LineString", "coordinates": [ [ 92.37668, 27.3903323 ], [ 92.3769078, 27.3903899 ], [ 92.3772759, 27.3903899 ], [ 92.377474, 27.3904276 ], [ 92.3776864, 27.390635 ], [ 92.3779341, 27.3908989 ], [ 92.3782102, 27.3909743 ], [ 92.379003, 27.3908047 ], [ 92.3794348, 27.3908109 ], [ 92.3797391, 27.3908926 ], [ 92.3798949, 27.3911 ], [ 92.3801568, 27.3915463 ], [ 92.3803974, 27.3917285 ], [ 92.3807301, 27.3917788 ], [ 92.3809991, 27.3918479 ], [ 92.3811619, 27.3919171 ], [ 92.3812468, 27.3920239 ], [ 92.3812397, 27.3921245 ], [ 92.3810769, 27.3923004 ], [ 92.3810203, 27.3925644 ], [ 92.3811265, 27.3928409 ], [ 92.3813247, 27.392954 ], [ 92.3814946, 27.3930735 ], [ 92.3815724, 27.3931866 ], [ 92.3815654, 27.3933123 ], [ 92.3811194, 27.3937836 ], [ 92.3808575, 27.3941481 ], [ 92.3805956, 27.3943115 ], [ 92.3802629, 27.3944812 ], [ 92.3801568, 27.3945943 ], [ 92.3801709, 27.394676 ], [ 92.3802771, 27.3947263 ], [ 92.3803903, 27.3946886 ], [ 92.3806098, 27.3945503 ], [ 92.3808504, 27.3944309 ], [ 92.381084, 27.3942864 ], [ 92.3812539, 27.3940287 ], [ 92.3815441, 27.3937459 ], [ 92.381806, 27.3935574 ], [ 92.3820538, 27.393482 ], [ 92.3822166, 27.3934757 ], [ 92.382252, 27.3935322 ], [ 92.3822307, 27.3936139 ], [ 92.381983, 27.3936768 ], [ 92.3816361, 27.3939156 ], [ 92.3814592, 27.394211 ], [ 92.3814309, 27.3944686 ], [ 92.3813247, 27.3946949 ], [ 92.3810628, 27.394852 ], [ 92.3810508, 27.394965 ], [ 92.3812053, 27.3950516 ], [ 92.381685, 27.3949577 ], [ 92.382246, 27.3948134 ], [ 92.3829046, 27.3947556 ], [ 92.3834657, 27.3948783 ], [ 92.3841812, 27.3950733 ], [ 92.3847178, 27.3955064 ], [ 92.3854008, 27.3960262 ], [ 92.3861082, 27.3968203 ], [ 92.3864741, 27.3977082 ], [ 92.3866692, 27.3986611 ], [ 92.3867424, 27.3992314 ], [ 92.3865391, 27.3997439 ], [ 92.3864822, 27.400011 ], [ 92.3864497, 27.4001265 ], [ 92.3863034, 27.4001626 ], [ 92.3861489, 27.4001482 ], [ 92.3860838, 27.400011 ], [ 92.3861651, 27.39978 ], [ 92.3862383, 27.3995923 ], [ 92.386157, 27.3994046 ], [ 92.3859212, 27.3992458 ], [ 92.3858155, 27.3989931 ], [ 92.3858236, 27.3986827 ], [ 92.3858561, 27.3983795 ], [ 92.3857667, 27.3981702 ], [ 92.3855716, 27.3981991 ], [ 92.385352, 27.3983795 ], [ 92.3850431, 27.3985889 ], [ 92.3848317, 27.3988055 ], [ 92.3850105, 27.3990942 ], [ 92.3850268, 27.3994191 ], [ 92.3848073, 27.3995779 ], [ 92.3844658, 27.3997944 ], [ 92.3843113, 27.4000254 ], [ 92.3843113, 27.4002131 ], [ 92.3845145, 27.4006308 ], [ 92.3847422, 27.4010206 ], [ 92.3846446, 27.4010784 ], [ 92.3845715, 27.4011578 ], [ 92.384482, 27.40123 ], [ 92.3843844, 27.401331 ], [ 92.3843519, 27.4014177 ], [ 92.3843031, 27.4015404 ], [ 92.3842381, 27.4016342 ], [ 92.3841893, 27.4017281 ], [ 92.3841405, 27.4018075 ], [ 92.3840592, 27.4018724 ], [ 92.3839616, 27.4019591 ], [ 92.3838885, 27.4020385 ], [ 92.383799, 27.4021467 ], [ 92.3837096, 27.4022406 ], [ 92.3835957, 27.4023561 ], [ 92.3835144, 27.4024427 ], [ 92.3833843, 27.4025293 ], [ 92.3832705, 27.4025799 ], [ 92.3831404, 27.4026159 ], [ 92.3830347, 27.4026376 ], [ 92.3829534, 27.4025365 ], [ 92.3829941, 27.4023777 ], [ 92.3831242, 27.4022983 ], [ 92.3832136, 27.4022189 ], [ 92.3832542, 27.4020673 ], [ 92.3832542, 27.401923 ], [ 92.3832461, 27.4018363 ], [ 92.3832217, 27.4016847 ], [ 92.3832542, 27.4015476 ], [ 92.3833437, 27.4014177 ], [ 92.3834331, 27.4012877 ], [ 92.3834819, 27.4011867 ], [ 92.3835388, 27.4011 ], [ 92.383612, 27.4009918 ], [ 92.3836852, 27.4008474 ], [ 92.3837015, 27.4007608 ], [ 92.3836933, 27.4006453 ], [ 92.3836608, 27.4005442 ], [ 92.383547, 27.4005081 ], [ 92.3834087, 27.4005947 ], [ 92.3833437, 27.4006958 ], [ 92.383303, 27.4007896 ], [ 92.3832299, 27.4009051 ], [ 92.3831242, 27.4009918 ], [ 92.3830428, 27.4010567 ], [ 92.3829453, 27.4011361 ], [ 92.3828558, 27.4012444 ], [ 92.3827827, 27.4013166 ], [ 92.3826932, 27.4013743 ], [ 92.3826038, 27.4014104 ], [ 92.3824574, 27.4014249 ], [ 92.3822948, 27.4014465 ], [ 92.3821972, 27.4014537 ], [ 92.3819458, 27.4014971 ], [ 92.3815962, 27.4017858 ], [ 92.3814905, 27.401858 ], [ 92.381401, 27.4019157 ], [ 92.3812953, 27.4019518 ], [ 92.3811733, 27.4019879 ], [ 92.3810514, 27.4020385 ], [ 92.3809538, 27.4020601 ], [ 92.3808318, 27.4020962 ], [ 92.3807505, 27.4021467 ], [ 92.3806448, 27.4022334 ], [ 92.3805879, 27.4023344 ], [ 92.3805798, 27.4024427 ], [ 92.3805798, 27.4025871 ], [ 92.3805798, 27.4026881 ], [ 92.3805717, 27.4027892 ], [ 92.3805229, 27.4028975 ], [ 92.3804578, 27.4029697 ], [ 92.3803765, 27.4030202 ], [ 92.3802952, 27.4030707 ], [ 92.3802058, 27.4031212 ], [ 92.3801163, 27.4031646 ], [ 92.3800594, 27.4030563 ], [ 92.3801326, 27.4029697 ], [ 92.3801895, 27.4028758 ], [ 92.3802139, 27.4027892 ], [ 92.3802302, 27.4026954 ], [ 92.3802383, 27.4025943 ], [ 92.3802383, 27.4024788 ], [ 92.380222, 27.4023705 ], [ 92.3801488, 27.4022478 ], [ 92.3800675, 27.4021828 ], [ 92.37997, 27.4021251 ], [ 92.3798643, 27.4020312 ], [ 92.3797992, 27.4019663 ], [ 92.379726, 27.4019085 ], [ 92.379661, 27.4018147 ], [ 92.3796285, 27.4017136 ], [ 92.3796935, 27.4016487 ], [ 92.3798236, 27.4015909 ], [ 92.3799212, 27.4015548 ], [ 92.380035, 27.4015043 ], [ 92.380157, 27.401461 ], [ 92.3802708, 27.4014104 ], [ 92.3803765, 27.4013599 ], [ 92.3804578, 27.4012877 ], [ 92.3804334, 27.4011939 ], [ 92.3803359, 27.4011867 ], [ 92.3802383, 27.4011939 ], [ 92.3801163, 27.40123 ], [ 92.3800025, 27.4012733 ], [ 92.3798887, 27.4013094 ], [ 92.3797992, 27.4013455 ], [ 92.3796854, 27.4013743 ], [ 92.3795797, 27.401396 ], [ 92.3794821, 27.4014393 ], [ 92.3793764, 27.4014682 ], [ 92.3792788, 27.4015187 ], [ 92.3792219, 27.4015981 ], [ 92.3792057, 27.4017136 ], [ 92.3791894, 27.4018147 ], [ 92.3791813, 27.4019302 ], [ 92.3791731, 27.4020457 ], [ 92.3791569, 27.4021323 ], [ 92.3791487, 27.4022189 ], [ 92.3791162, 27.4023128 ], [ 92.3790837, 27.4024138 ], [ 92.3790512, 27.4025221 ], [ 92.3790349, 27.4026376 ], [ 92.3790186, 27.4027242 ], [ 92.378978, 27.4028253 ], [ 92.3788967, 27.4029191 ], [ 92.3788235, 27.4029769 ], [ 92.3787422, 27.4030491 ], [ 92.3786609, 27.403114 ], [ 92.3785958, 27.4031862 ], [ 92.3785633, 27.4032801 ], [ 92.3785633, 27.4033739 ], [ 92.3786121, 27.4034605 ], [ 92.3786771, 27.4035399 ], [ 92.3787585, 27.4036049 ], [ 92.3788642, 27.4036626 ], [ 92.3789536, 27.4037204 ], [ 92.3790756, 27.4038142 ], [ 92.3792057, 27.4038936 ], [ 92.3793114, 27.4039803 ], [ 92.3794089, 27.404038 ], [ 92.3794902, 27.4041102 ], [ 92.3795309, 27.4041968 ], [ 92.3795797, 27.4042834 ], [ 92.3796285, 27.4043845 ], [ 92.3796122, 27.4046553 ], [ 92.3794171, 27.4049368 ], [ 92.3788479, 27.4049657 ], [ 92.3779291, 27.4051894 ], [ 92.3778067, 27.4055325 ], [ 92.3793923, 27.4063745 ], [ 92.3804682, 27.4063745 ], [ 92.3817281, 27.4066385 ], [ 92.3825068, 27.4067264 ], [ 92.3830306, 27.406186 ], [ 92.3836535, 27.4055199 ], [ 92.3844745, 27.4056079 ], [ 92.3855929, 27.4086367 ], [ 92.3857628, 27.4096924 ], [ 92.3851965, 27.4108109 ], [ 92.3841348, 27.4123818 ], [ 92.3820396, 27.4142292 ], [ 92.3817564, 27.4150335 ], [ 92.3818839, 27.4157875 ], [ 92.3813459, 27.4170064 ], [ 92.380992, 27.4187658 ], [ 92.3813317, 27.4193187 ], [ 92.3806381, 27.420236 ], [ 92.3799019, 27.421455 ], [ 92.3802417, 27.4223723 ], [ 92.3805106, 27.4229629 ], [ 92.3805248, 27.4233776 ], [ 92.3806026, 27.4235942 ], [ 92.3805892, 27.4236871 ], [ 92.3806563, 27.4237966 ], [ 92.3806965, 27.4239775 ], [ 92.3809004, 27.4240632 ], [ 92.380946, 27.4241942 ], [ 92.3808387, 27.4242727 ], [ 92.3805946, 27.4243989 ], [ 92.3805544, 27.4247108 ], [ 92.380964, 27.4249392 ], [ 92.3810854, 27.4253039 ], [ 92.3810667, 27.4260418 ], [ 92.3810854, 27.4269703 ], [ 92.3809546, 27.4275091 ], [ 92.3810387, 27.4285288 ], [ 92.3807772, 27.4297889 ], [ 92.380058, 27.430535 ], [ 92.3814123, 27.4322012 ], [ 92.381951, 27.4327477 ], [ 92.3821975, 27.4331633 ], [ 92.3825056, 27.4334149 ], [ 92.383319, 27.4334258 ], [ 92.3835038, 27.4336993 ], [ 92.3836394, 27.4343556 ], [ 92.384607, 27.435034 ], [ 92.3851274, 27.4345288 ], [ 92.3856477, 27.4345721 ], [ 92.3858266, 27.435135 ], [ 92.3864771, 27.4352504 ], [ 92.3868999, 27.4350051 ], [ 92.3873227, 27.4348896 ], [ 92.3875666, 27.4345577 ], [ 92.3882334, 27.4345865 ], [ 92.3890627, 27.4345577 ], [ 92.389453, 27.4343267 ], [ 92.3899246, 27.4338071 ], [ 92.3906076, 27.433735 ], [ 92.391193, 27.4338216 ], [ 92.3913882, 27.4339948 ], [ 92.3910142, 27.4344422 ], [ 92.3904613, 27.4351205 ], [ 92.3895994, 27.4354669 ], [ 92.3891603, 27.4357845 ], [ 92.3892579, 27.4365205 ], [ 92.3894855, 27.4370112 ], [ 92.3890139, 27.43717 ], [ 92.3877943, 27.4370545 ], [ 92.387095, 27.4367803 ], [ 92.3865584, 27.4370978 ], [ 92.3858104, 27.4372855 ], [ 92.3852412, 27.4377617 ], [ 92.3845257, 27.4379349 ], [ 92.3844281, 27.438137 ], [ 92.3847371, 27.4386421 ], [ 92.3847859, 27.4389885 ], [ 92.3851111, 27.4394936 ], [ 92.3854038, 27.4402153 ], [ 92.3853388, 27.4407637 ], [ 92.3851924, 27.4412688 ], [ 92.3847859, 27.4410812 ], [ 92.384672, 27.4408936 ], [ 92.3842167, 27.4411245 ], [ 92.3839728, 27.4412544 ], [ 92.3835987, 27.4408791 ], [ 92.3834687, 27.4405905 ], [ 92.3831597, 27.4411534 ], [ 92.382558, 27.4415575 ], [ 92.3819075, 27.441976 ], [ 92.3818425, 27.4428708 ], [ 92.3816148, 27.443347 ], [ 92.381192, 27.4436068 ], [ 92.3810131, 27.4446315 ], [ 92.3809968, 27.445151 ], [ 92.3803138, 27.4461323 ], [ 92.3802651, 27.4467529 ], [ 92.3794032, 27.4473734 ], [ 92.3784437, 27.448196 ], [ 92.3785901, 27.4491918 ], [ 92.3796471, 27.4503463 ], [ 92.3807041, 27.4513131 ], [ 92.381566, 27.4522944 ], [ 92.3817612, 27.4532468 ], [ 92.3814197, 27.4542281 ], [ 92.3823466, 27.4554403 ], [ 92.3836801, 27.4567679 ], [ 92.3851274, 27.4589901 ], [ 92.3852249, 27.4599713 ], [ 92.3841516, 27.4616163 ], [ 92.3829645, 27.464026 ], [ 92.3820213, 27.4666953 ], [ 92.3816311, 27.4679939 ], [ 92.3818587, 27.4693935 ], [ 92.3816473, 27.4712259 ], [ 92.3825255, 27.4723801 ], [ 92.3840378, 27.4736642 ], [ 92.3841679, 27.4749772 ], [ 92.3855014, 27.4768816 ], [ 92.3867048, 27.4777184 ] ] } },
{ "type": "Feature", "properties": { "element": "way", "id": 1159219312, "highway": "tertiary", "ref": null, "ref:old": null, "source": null, "name": "College Road", "name:en": "College Road", "surface": null, "bridge": null, "bridge:structure": null, "layer": null, "name:zh": null, "sidewalk": null, "smoothness": null, "lanes": null, "route": null, "alt_name": null, "service": null, "oneway": null }, "geometry": { "type": "LineString", "coordinates": [ [ 92.4230989, 27.2635476 ], [ 92.4230867, 27.263472 ], [ 92.4230859, 27.2634187 ], [ 92.423099, 27.2633654 ], [ 92.4231227, 27.2633061 ], [ 92.4232244, 27.2630859 ], [ 92.4232488, 27.2630165 ], [ 92.4232645, 27.2629444 ], [ 92.4233018, 27.26259 ], [ 92.423306, 27.262529 ], [ 92.4233075, 27.2625069 ], [ 92.4233046, 27.2624282 ], [ 92.4232943, 27.2623829 ], [ 92.4232671, 27.2623524 ], [ 92.4232313, 27.2623366 ], [ 92.423174, 27.2623322 ], [ 92.423072, 27.2623378 ], [ 92.4229828, 27.2623606 ], [ 92.4228925, 27.2623986 ], [ 92.4227596, 27.2624633 ], [ 92.4226931, 27.2624861 ], [ 92.422629, 27.2625049 ], [ 92.4225628, 27.2625102 ], [ 92.4224856, 27.262501 ], [ 92.4224083, 27.2624899 ], [ 92.4223309, 27.2624889 ], [ 92.4222439, 27.2624985 ], [ 92.4221639, 27.2625112 ], [ 92.4221032, 27.2625306 ], [ 92.4220715, 27.2625492 ], [ 92.4220569, 27.2625667 ], [ 92.4220438, 27.2626176 ], [ 92.4220414, 27.2626667 ], [ 92.4220314, 27.2627821 ], [ 92.4220236, 27.262908 ], [ 92.4220015, 27.2630435 ], [ 92.4219724, 27.2631619 ], [ 92.4219335, 27.2632786 ], [ 92.4219047, 27.2633596 ], [ 92.4218865, 27.2634054 ], [ 92.4218686, 27.2634429 ], [ 92.4218479, 27.2634737 ], [ 92.4214697, 27.2639145 ], [ 92.4213867, 27.2640112 ], [ 92.4213475, 27.2640663 ], [ 92.4213184, 27.2641104 ], [ 92.4212923, 27.2641659 ], [ 92.421282, 27.2642163 ], [ 92.4212672, 27.2642708 ], [ 92.4212467, 27.2643268 ], [ 92.4212057, 27.2643856 ], [ 92.4211504, 27.2644243 ], [ 92.4207917, 27.2646336 ] ] } },
{ "type": "Feature", "properties": { "element": "way", "id": 1159219313, "highway": "tertiary", "ref": null, "ref:old": null, "source": null, "name": "Bazar Line", "name:en": "Bazar Line", "surface": null, "bridge": null, "bridge:structure": null, "layer": null, "name:zh": null, "sidewalk": null, "smoothness": null, "lanes": null, "route": null, "alt_name": "Bazarline;Bazaar Line;Bazaarline;Bazar Laine", "service": null, "oneway": null }, "geometry": { "type": "LineString", "coordinates": [ [ 92.4207917, 27.2646336 ], [ 92.420833, 27.2645636 ], [ 92.4208822, 27.2645011 ], [ 92.4209208, 27.264463 ], [ 92.4209625, 27.2644276 ], [ 92.4210004, 27.2643967 ], [ 92.4210399, 27.2643438 ], [ 92.4210629, 27.2643041 ], [ 92.4210687, 27.2642717 ], [ 92.4210554, 27.2642454 ], [ 92.4209242, 27.2641539 ], [ 92.4208135, 27.2640767 ], [ 92.4207826, 27.2640501 ], [ 92.4207764, 27.2640176 ], [ 92.4207871, 27.2639381 ], [ 92.4208102, 27.2638504 ], [ 92.4208703, 27.2636741 ], [ 92.4209247, 27.2635148 ], [ 92.4209693, 27.2633755 ], [ 92.420983, 27.2633307 ], [ 92.4209899, 27.2632711 ], [ 92.4209968, 27.2631866 ], [ 92.4209511, 27.2625683 ], [ 92.4209481, 27.2625276 ], [ 92.420946, 27.2624698 ], [ 92.4209505, 27.262429 ], [ 92.4209725, 27.2623742 ], [ 92.4209766, 27.2623477 ], [ 92.4209753, 27.2623212 ], [ 92.4209508, 27.2622972 ], [ 92.4209237, 27.262288 ], [ 92.4208982, 27.2622936 ], [ 92.4208728, 27.2623149 ], [ 92.4208274, 27.2624059 ], [ 92.4207864, 27.2625208 ], [ 92.4207386, 27.2627095 ], [ 92.4207092, 27.2628153 ], [ 92.4206948, 27.2628714 ], [ 92.420666, 27.2629183 ], [ 92.4206049, 27.2629696 ], [ 92.4206009, 27.2632111 ], [ 92.4206016, 27.2633648 ], [ 92.4205873, 27.2634734 ], [ 92.4205612, 27.2635799 ], [ 92.4205279, 27.2636925 ], [ 92.4204969, 27.2637851 ], [ 92.4204729, 27.2638964 ], [ 92.4204201, 27.2641858 ], [ 92.4203313, 27.2644759 ], [ 92.4203144, 27.2645451 ], [ 92.4203025, 27.2646148 ], [ 92.4203003, 27.2647065 ], [ 92.420305, 27.2648142 ], [ 92.4203061, 27.2648601 ], [ 92.4203001, 27.2648981 ], [ 92.4202797, 27.2649224 ], [ 92.4202527, 27.2649343 ], [ 92.4201934, 27.2649425 ], [ 92.4200559, 27.2649422 ], [ 92.4199875, 27.2649443 ], [ 92.4199474, 27.2649633 ], [ 92.4199141, 27.2650037 ], [ 92.419821, 27.2651848 ], [ 92.419769, 27.2653277 ], [ 92.4196183, 27.2657712 ], [ 92.4195982, 27.2658188 ], [ 92.419568, 27.2658524 ], [ 92.4195363, 27.2658663 ], [ 92.4194874, 27.2658673 ] ] } },
{ "type": "Feature", "properties": { "element": "way", "id": 1159219314, "highway": "tertiary", "ref": null, "ref:old": null, "source": null, "name": null, "name:en": null, "surface": null, "bridge": null, "bridge:structure": null, "layer": null, "name:zh": null, "sidewalk": null, "smoothness": null, "lanes": null, "route": null, "alt_name": null, "service": null, "oneway": null }, "geometry": { "type": "LineString", "coordinates": [ [ 92.4194874, 27.2658673 ], [ 92.4194514, 27.2658535 ], [ 92.4194062, 27.2658253 ], [ 92.4191443, 27.2655701 ], [ 92.4190519, 27.2655271 ], [ 92.4189507, 27.2655584 ], [ 92.418458, 27.2659181 ], [ 92.4183568, 27.2660472 ], [ 92.4182292, 27.2660237 ], [ 92.4178817, 27.2658126 ], [ 92.4176705, 27.2657852 ], [ 92.4174242, 27.265926 ], [ 92.4171778, 27.2661489 ], [ 92.4170106, 27.2662662 ], [ 92.416927, 27.2663913 ], [ 92.4170282, 27.266622 ], [ 92.4169578, 27.2668254 ], [ 92.4168611, 27.2670483 ], [ 92.4169446, 27.267322 ], [ 92.4168479, 27.2674002 ], [ 92.4167731, 27.2673025 ], [ 92.4166851, 27.2669505 ], [ 92.4166367, 27.2668567 ], [ 92.4166543, 27.2666611 ], [ 92.4166587, 27.2664891 ], [ 92.4166279, 27.2662584 ], [ 92.4167423, 27.2660237 ], [ 92.4168963, 27.2658282 ], [ 92.4169666, 27.265488 ], [ 92.4171646, 27.2652221 ], [ 92.4175385, 27.2651243 ], [ 92.4179081, 27.2649757 ], [ 92.4180929, 27.2647958 ], [ 92.4183084, 27.2646785 ], [ 92.4183128, 27.2645925 ], [ 92.4182292, 27.2645299 ], [ 92.4180137, 27.2645651 ], [ 92.4176793, 27.2647059 ], [ 92.417477, 27.2647841 ], [ 92.4173582, 27.2648584 ], [ 92.4172482, 27.2649366 ], [ 92.417059, 27.2649601 ], [ 92.4168743, 27.2648936 ], [ 92.4167555, 27.2649014 ], [ 92.4166499, 27.2650148 ], [ 92.4166059, 27.265183 ], [ 92.4163859, 27.2653589 ], [ 92.4161528, 27.2655232 ], [ 92.4159768, 27.2656405 ], [ 92.4158008, 27.265836 ], [ 92.4156293, 27.2658595 ], [ 92.4155545, 27.2657383 ], [ 92.4156469, 27.265531 ], [ 92.4158712, 27.2653863 ], [ 92.4159724, 27.2651986 ] ] } },
{ "type": "Feature", "properties": { "element": "way", "id": 1159219315, "highway": "tertiary", "ref": null, "ref:old": null, "source": null, "name": null, "name:en": null, "surface": null, "bridge": null, "bridge:structure": null, "layer": null, "name:zh": null, "sidewalk": null, "smoothness": null, "lanes": null, "route": null, "alt_name": null, "service": null, "oneway": null }, "geometry": { "type": "LineString", "coordinates": [ [ 92.4206049, 27.2629696 ], [ 92.420603, 27.2623844 ], [ 92.4206452, 27.2622677 ], [ 92.4210204, 27.2619341 ], [ 92.4212971, 27.2616757 ], [ 92.4215551, 27.261634 ], [ 92.421949, 27.2616715 ], [ 92.4224321, 27.2615423 ], [ 92.422667, 27.261421 ], [ 92.4227451, 27.2613522 ], [ 92.4228142, 27.2612815 ], [ 92.4228833, 27.2612002 ], [ 92.4229345, 27.261137 ], [ 92.4229787, 27.2610824 ], [ 92.4230156, 27.2610413 ], [ 92.4230628, 27.261017 ], [ 92.4231437, 27.2610196 ], [ 92.4232232, 27.2610382 ], [ 92.4236711, 27.2612186 ] ] } },
{ "type": "Feature", "properties": { "element": "way", "id": 1159219316, "highway": "unclassified", "ref": null, "ref:old": null, "source": null, "name": null, "name:en": null, "surface": null, "bridge": null, "bridge:structure": null, "layer": null, "name:zh": null, "sidewalk": null, "smoothness": null, "lanes": null, "route": null, "alt_name": null, "service": null, "oneway": null }, "geometry": { "type": "LineString", "coordinates": [ [ 92.420603, 27.2623844 ], [ 92.4203919, 27.262201 ], [ 92.4203169, 27.2620509 ], [ 92.4203497, 27.2618299 ], [ 92.4203591, 27.2616632 ], [ 92.4203591, 27.2615214 ], [ 92.4204115, 27.2613577 ] ] } },
{ "type": "Feature", "properties": { "element": "way", "id": 1166099591, "highway": "tertiary", "ref": null, "ref:old": null, "source": null, "name": null, "name:en": null, "surface": null, "bridge": null, "bridge:structure": null, "layer": null, "name:zh": null, "sidewalk": null, "smoothness": null, "lanes": null, "route": null, "alt_name": null, "service": null, "oneway": null }, "geometry": { "type": "LineString", "coordinates": [ [ 92.5338797, 27.3725203 ], [ 92.5337749, 27.3723714 ], [ 92.5337259, 27.3722917 ], [ 92.5337073, 27.3722373 ], [ 92.5337353, 27.3722063 ], [ 92.5337758, 27.3721849 ], [ 92.5339009, 27.3721492 ], [ 92.5339394, 27.3721174 ], [ 92.533967, 27.3720842 ], [ 92.533967, 27.3719542 ], [ 92.5340048, 27.3717739 ], [ 92.5339954, 27.3716775 ], [ 92.533934, 27.3715705 ], [ 92.5337899, 27.3714594 ], [ 92.5336975, 27.3713206 ], [ 92.5336975, 27.3711487 ], [ 92.5337707, 27.3710795 ], [ 92.5339053, 27.3710858 ], [ 92.5340045, 27.3711277 ], [ 92.5340833, 27.371107 ], [ 92.5341225, 27.3710439 ], [ 92.5340969, 27.3709331 ], [ 92.5340824, 27.3708384 ], [ 92.5340257, 27.3706266 ], [ 92.5340092, 27.3704442 ], [ 92.5339738, 27.3700546 ], [ 92.5340163, 27.3698743 ], [ 92.5341768, 27.3696499 ], [ 92.5343492, 27.3694864 ], [ 92.534505, 27.3693123 ], [ 92.534747, 27.369101 ], [ 92.535172, 27.368883 ], [ 92.5355214, 27.3686985 ], [ 92.5359227, 27.3684195 ], [ 92.5361872, 27.3682119 ], [ 92.5364705, 27.3680672 ], [ 92.5365047, 27.36806 ], [ 92.5367397, 27.3680106 ], [ 92.5371056, 27.3679519 ], [ 92.5372803, 27.3678806 ], [ 92.537385, 27.3678009 ], [ 92.5374291, 27.3677674 ], [ 92.5376125, 27.367612 ], [ 92.5376791, 27.3675811 ], [ 92.5378656, 27.3676189 ], [ 92.5383189, 27.367839 ], [ 92.5386704, 27.3678852 ], [ 92.5389513, 27.3680529 ], [ 92.5391804, 27.3682311 ], [ 92.5394094, 27.3682961 ], [ 92.5396195, 27.3684513 ], [ 92.539721, 27.3686148 ], [ 92.5398934, 27.3687218 ], [ 92.5401201, 27.3689822 ], [ 92.5403464, 27.369261 ], [ 92.5407611, 27.3695758 ] ] } },
{ "type": "Feature", "properties": { "element": "way", "id": 1166099592, "highway": "trunk", "ref": "NH913", "ref:old": null, "source": null, "name": null, "name:en": null, "surface": null, "bridge": null, "bridge:structure": null, "layer": null, "name:zh": null, "sidewalk": null, "smoothness": null, "lanes": null, "route": null, "alt_name": null, "service": null, "oneway": null }, "geometry": { "type": "LineString", "coordinates": [ [ 92.5376791, 27.3675811 ], [ 92.537864, 27.3674561 ], [ 92.5379592, 27.3674465 ], [ 92.5381251, 27.3675117 ], [ 92.5382062, 27.3675206 ], [ 92.5383562, 27.3674272 ], [ 92.5384485, 27.367362 ], [ 92.5384841, 27.3673571 ], [ 92.5386962, 27.3674682 ], [ 92.5389247, 27.3676542 ], [ 92.5391124, 27.3677431 ], [ 92.5391598, 27.3677436 ], [ 92.5392034, 27.367724 ], [ 92.5391912, 27.3676663 ], [ 92.5391286, 27.3675986 ], [ 92.5389573, 27.3675479 ], [ 92.5388594, 27.3674561 ], [ 92.5387397, 27.3672774 ], [ 92.5387152, 27.3671518 ], [ 92.5385684, 27.3670045 ], [ 92.5384296, 27.3669122 ], [ 92.5383807, 27.3667871 ], [ 92.5383481, 27.3666253 ], [ 92.5382774, 27.3664997 ], [ 92.5381224, 27.3661205 ], [ 92.538038, 27.3659925 ], [ 92.5378667, 27.3659079 ], [ 92.5377774, 27.3658576 ], [ 92.5376899, 27.3658548 ], [ 92.537592, 27.3659514 ], [ 92.5374832, 27.3661471 ], [ 92.5372548, 27.3663693 ], [ 92.5368713, 27.3665866 ], [ 92.5367381, 27.366833 ], [ 92.5365069, 27.3672436 ], [ 92.5363002, 27.3674586 ], [ 92.5359439, 27.3675962 ], [ 92.5357454, 27.36756 ], [ 92.5355224, 27.3675745 ], [ 92.5352667, 27.3675721 ], [ 92.5347636, 27.3677194 ], [ 92.534459, 27.3678281 ], [ 92.5341408, 27.3679416 ], [ 92.5338579, 27.3680865 ], [ 92.533722, 27.3680575 ], [ 92.5335533, 27.3679223 ], [ 92.5332079, 27.3675213 ], [ 92.5330774, 27.3672629 ], [ 92.5329387, 27.3671301 ], [ 92.5326667, 27.366932 ], [ 92.532509, 27.3667533 ], [ 92.5322343, 27.36649 ], [ 92.5321718, 27.3663572 ], [ 92.5320711, 27.3661519 ], [ 92.5319895, 27.3658331 ], [ 92.5319324, 27.3655988 ], [ 92.5318209, 27.3653162 ], [ 92.5317964, 27.3651157 ], [ 92.5317853, 27.3649567 ], [ 92.5317312, 27.3648959 ], [ 92.5316066, 27.3649075 ], [ 92.5314538, 27.3650143 ], [ 92.5312607, 27.3652196 ], [ 92.5309969, 27.3655432 ], [ 92.5306814, 27.3660046 ], [ 92.5306025, 27.3660529 ], [ 92.5305075, 27.3660332 ], [ 92.5298385, 27.3655926 ], [ 92.5296963, 27.365556 ], [ 92.529559, 27.365587 ], [ 92.5294065, 27.3658127 ], [ 92.529343, 27.3660609 ], [ 92.529362, 27.3662076 ], [ 92.529235, 27.366343 ], [ 92.5292286, 27.3664728 ], [ 92.5294446, 27.3666703 ], [ 92.5294954, 27.3669524 ], [ 92.5294573, 27.3671893 ], [ 92.5296034, 27.3675165 ], [ 92.5296416, 27.3678607 ], [ 92.5295081, 27.3681766 ], [ 92.529235, 27.3684367 ], [ 92.5290507, 27.3686624 ], [ 92.5289583, 27.3689304 ], [ 92.5288093, 27.3691814 ], [ 92.5284663, 27.3692435 ], [ 92.5280724, 27.3692378 ], [ 92.5277484, 27.369266 ], [ 92.5273799, 27.3691306 ], [ 92.527291, 27.3689501 ], [ 92.5271321, 27.3685213 ], [ 92.5270051, 27.3682787 ], [ 92.5268844, 27.3681264 ], [ 92.5267718, 27.3679258 ], [ 92.526794, 27.3678415 ], [ 92.526859, 27.3678274 ], [ 92.526967, 27.3678894 ], [ 92.5270686, 27.3680474 ], [ 92.527183, 27.3682223 ], [ 92.5273736, 27.3684254 ], [ 92.5276023, 27.3685608 ], [ 92.52785, 27.3686229 ], [ 92.5280279, 27.3685552 ], [ 92.5282376, 27.3683972 ], [ 92.5284536, 27.3681602 ], [ 92.5284853, 27.3677427 ], [ 92.5284091, 27.3675453 ], [ 92.5282693, 27.3672519 ], [ 92.5281359, 27.3672293 ], [ 92.5280851, 27.3673139 ], [ 92.528174, 27.3674663 ], [ 92.5282185, 27.3675622 ], [ 92.5281804, 27.3677145 ], [ 92.5280597, 27.3677991 ], [ 92.5279072, 27.3677032 ], [ 92.5277801, 27.3675565 ], [ 92.5275514, 27.3673986 ], [ 92.5273736, 27.3672406 ], [ 92.5271512, 27.3670488 ], [ 92.5269098, 27.3668175 ], [ 92.5268145, 27.3665354 ], [ 92.5264841, 27.3662645 ], [ 92.5261919, 27.3658132 ], [ 92.5259888, 27.3656821 ], [ 92.525745, 27.3656332 ], [ 92.5256192, 27.365511 ], [ 92.5254304, 27.3654551 ], [ 92.5252535, 27.3654446 ] ] } },
{ "type": "Feature", "properties": { "element": "way", "id": 1166099593, "highway": "path", "ref": null, "ref:old": null, "source": null, "name": null, "name:en": null, "surface": null, "bridge": null, "bridge:structure": null, "layer": null, "name:zh": null, "sidewalk": null, "smoothness": null, "lanes": null, "route": null, "alt_name": null, "service": null, "oneway": null }, "geometry": { "type": "LineString", "coordinates": [ [ 92.537385, 27.3678009 ], [ 92.5374177, 27.3679024 ], [ 92.537397, 27.368084 ], [ 92.5373051, 27.3683209 ], [ 92.537234, 27.3685104 ], [ 92.537151, 27.3685736 ], [ 92.5371595, 27.3686711 ], [ 92.5371421, 27.3687841 ], [ 92.5370621, 27.3689131 ], [ 92.5370384, 27.3689947 ], [ 92.5369939, 27.3690342 ] ] } },
{ "type": "Feature", "properties": { "element": "way", "id": 1166099594, "highway": "unclassified", "ref": null, "ref:old": null, "source": null, "name": null, "name:en": null, "surface": null, "bridge": null, "bridge:structure": null, "layer": null, "name:zh": null, "sidewalk": null, "smoothness": null, "lanes": null, "route": null, "alt_name": null, "service": null, "oneway": null }, "geometry": { "type": "LineString", "coordinates": [ [ 92.5365047, 27.36806 ], [ 92.5365117, 27.3680849 ], [ 92.5365265, 27.3681043 ], [ 92.5365818, 27.3680925 ], [ 92.5366214, 27.368096 ], [ 92.5366984, 27.3680933 ], [ 92.5367754, 27.368103 ], [ 92.5368016, 27.3681353 ], [ 92.5367776, 27.368163 ], [ 92.5366714, 27.3681991 ], [ 92.5365434, 27.3682393 ], [ 92.5364907, 27.3682777 ], [ 92.5364753, 27.3683314 ], [ 92.5365017, 27.3683601 ], [ 92.5365405, 27.3683735 ], [ 92.5367035, 27.3683946 ], [ 92.5367805, 27.3684499 ], [ 92.5368783, 27.3685472 ], [ 92.5369554, 27.3686183 ], [ 92.5371154, 27.3686657 ], [ 92.5371595, 27.3686711 ], [ 92.5372429, 27.3686815 ], [ 92.5374059, 27.3687499 ], [ 92.5375452, 27.3687157 ], [ 92.53772, 27.3688289 ], [ 92.5377556, 27.3689052 ], [ 92.5376459, 27.3689815 ], [ 92.5374474, 27.36905 ], [ 92.5372014, 27.3691842 ], [ 92.5370483, 27.3692348 ], [ 92.5367716, 27.3693263 ], [ 92.5365909, 27.3693553 ], [ 92.5364812, 27.3693158 ], [ 92.5362915, 27.3692789 ], [ 92.5360248, 27.3693132 ], [ 92.5358618, 27.3693579 ], [ 92.5357077, 27.3695132 ], [ 92.5355595, 27.3695106 ], [ 92.5353728, 27.3694211 ], [ 92.5351505, 27.3694948 ], [ 92.5350171, 27.3696343 ], [ 92.5348778, 27.3697737 ], [ 92.5346852, 27.3698001 ], [ 92.5345696, 27.3698317 ], [ 92.534617, 27.3699106 ], [ 92.5348215, 27.3699422 ], [ 92.5352009, 27.3697816 ], [ 92.5353076, 27.3698922 ], [ 92.5353935, 27.3700975 ], [ 92.5354824, 27.370287 ], [ 92.5357166, 27.3705081 ], [ 92.5359359, 27.370616 ], [ 92.5360959, 27.3706713 ], [ 92.5361374, 27.3707107 ], [ 92.5361078, 27.370895 ], [ 92.5361248, 27.3710465 ] ] } },
{ "type": "Feature", "properties": { "element": "way", "id": 1166099595, "highway": "path", "ref": null, "ref:old": null, "source": null, "name": null, "name:en": null, "surface": null, "bridge": null, "bridge:structure": null, "layer": null, "name:zh": null, "sidewalk": null, "smoothness": null, "lanes": null, "route": null, "alt_name": null, "service": null, "oneway": null }, "geometry": { "type": "LineString", "coordinates": [ [ 92.5370483, 27.3692348 ], [ 92.536991, 27.3694026 ], [ 92.5369139, 27.3695948 ], [ 92.5368665, 27.3698422 ], [ 92.5368339, 27.3701343 ], [ 92.5367983, 27.3704212 ], [ 92.5367667, 27.3704623 ], [ 92.536729, 27.3705094 ], [ 92.5366587, 27.3705745 ], [ 92.5366148, 27.370585 ], [ 92.5365715, 27.3705834 ], [ 92.5364623, 27.3705551 ], [ 92.5363596, 27.3705308 ], [ 92.5363177, 27.3705232 ], [ 92.5362758, 27.3705228 ], [ 92.5362389, 27.3705361 ], [ 92.5362026, 27.3705633 ], [ 92.5361683, 27.3706364 ], [ 92.5361374, 27.3707107 ] ] } },
{ "type": "Feature", "properties": { "element": "way", "id": 1166099596, "highway": "path", "ref": null, "ref:old": null, "source": null, "name": null, "name:en": null, "surface": null, "bridge": null, "bridge:structure": null, "layer": null, "name:zh": null, "sidewalk": null, "smoothness": null, "lanes": null, "route": null, "alt_name": null, "service": null, "oneway": null }, "geometry": { "type": "LineString", "coordinates": [ [ 92.5375824, 27.370405 ], [ 92.5378267, 27.3704265 ], [ 92.5378949, 27.3705186 ], [ 92.5380105, 27.3705581 ], [ 92.538052, 27.370637 ], [ 92.5381557, 27.3706423 ], [ 92.538298, 27.3707186 ], [ 92.5385262, 27.3707923 ], [ 92.5386566, 27.3708423 ], [ 92.5387315, 27.3708682 ], [ 92.5387633, 27.3708792 ], [ 92.5388759, 27.3709818 ], [ 92.5390567, 27.371045 ], [ 92.5392523, 27.3711055 ], [ 92.5394449, 27.3710924 ], [ 92.5395931, 27.3710371 ], [ 92.5398243, 27.3709897 ], [ 92.5400555, 27.370966 ], [ 92.5402926, 27.370916 ] ] } },
{ "type": "Feature", "properties": { "element": "way", "id": 1166099597, "highway": "path", "ref": null, "ref:old": null, "source": null, "name": null, "name:en": null, "surface": null, "bridge": null, "bridge:structure": null, "layer": null, "name:zh": null, "sidewalk": null, "smoothness": null, "lanes": null, "route": null, "alt_name": null, "service": null, "oneway": null }, "geometry": { "type": "LineString", "coordinates": [ [ 92.5387315, 27.3708682 ], [ 92.5388433, 27.3707292 ], [ 92.5390804, 27.3706107 ], [ 92.5392138, 27.3704739 ], [ 92.5393768, 27.3703159 ], [ 92.5394015, 27.370296 ], [ 92.5395724, 27.370158 ] ] } },
{ "type": "Feature", "properties": { "element": "way", "id": 1166099598, "highway": "path", "ref": null, "ref:old": null, "source": null, "name": null, "name:en": null, "surface": null, "bridge": null, "bridge:structure": null, "layer": null, "name:zh": null, "sidewalk": null, "smoothness": null, "lanes": null, "route": null, "alt_name": null, "service": null, "oneway": null }, "geometry": { "type": "LineString", "coordinates": [ [ 92.539381, 27.3693286 ], [ 92.5393086, 27.3694921 ], [ 92.5391723, 27.3696632 ], [ 92.5392345, 27.3699711 ], [ 92.5393797, 27.3702844 ], [ 92.5394015, 27.370296 ], [ 92.5394835, 27.3703396 ], [ 92.5396287, 27.3703475 ], [ 92.5397502, 27.3702475 ], [ 92.5399458, 27.370158 ], [ 92.5401562, 27.3701238 ], [ 92.5403222, 27.3701027 ] ] } },
{ "type": "Feature", "properties": { "element": "way", "id": 1166099599, "highway": "path", "ref": null, "ref:old": null, "source": null, "name": null, "name:en": null, "surface": null, "bridge": null, "bridge:structure": null, "layer": null, "name:zh": null, "sidewalk": null, "smoothness": null, "lanes": null, "route": null, "alt_name": null, "service": null, "oneway": null }, "geometry": { "type": "LineString", "coordinates": [ [ 92.538052, 27.370637 ], [ 92.5380964, 27.3708608 ], [ 92.5381557, 27.3710766 ], [ 92.5379749, 27.3713661 ], [ 92.5377319, 27.3717003 ], [ 92.5376489, 27.371853 ], [ 92.5376489, 27.3719741 ], [ 92.5377849, 27.3721234 ], [ 92.5378119, 27.372153 ], [ 92.5383721, 27.3721136 ], [ 92.5387929, 27.3721636 ], [ 92.5391367, 27.3721083 ], [ 92.5393649, 27.3721846 ], [ 92.5398243, 27.3722267 ] ] } },
{ "type": "Feature", "properties": { "element": "way", "id": 1166099600, "highway": "tertiary", "ref": null, "ref:old": null, "source": null, "name": null, "name:en": null, "surface": null, "bridge": null, "bridge:structure": null, "layer": null, "name:zh": null, "sidewalk": null, "smoothness": null, "lanes": null, "route": null, "alt_name": null, "service": null, "oneway": null }, "geometry": { "type": "LineString", "coordinates": [ [ 92.5338797, 27.3725203 ], [ 92.5338445, 27.3726162 ], [ 92.5337191, 27.3728121 ], [ 92.5335914, 27.3730114 ], [ 92.5335105, 27.3730993 ], [ 92.5334177, 27.3731462 ], [ 92.5333001, 27.3731491 ], [ 92.5331943, 27.3731299 ], [ 92.5329423, 27.3731114 ], [ 92.5326287, 27.3731571 ], [ 92.5325188, 27.3731726 ], [ 92.5324622, 27.3733009 ] ] } },
{ "type": "Feature", "properties": { "element": "way", "id": 1166099601, "highway": "unclassified", "ref": null, "ref:old": null, "source": null, "name": null, "name:en": null, "surface": null, "bridge": "yes", "bridge:structure": null, "layer": "1", "name:zh": null, "sidewalk": null, "smoothness": null, "lanes": null, "route": null, "alt_name": null, "service": null, "oneway": null }, "geometry": { "type": "LineString", "coordinates": [ [ 92.5324622, 27.3733009 ], [ 92.5323502, 27.3736243 ] ] } },
{ "type": "Feature", "properties": { "element": "way", "id": 1166099602, "highway": "unclassified", "ref": null, "ref:old": null, "source": null, "name": null, "name:en": null, "surface": null, "bridge": null, "bridge:structure": null, "layer": null, "name:zh": null, "sidewalk": null, "smoothness": null, "lanes": null, "route": null, "alt_name": null, "service": null, "oneway": null }, "geometry": { "type": "LineString", "coordinates": [ [ 92.5323502, 27.3736243 ], [ 92.5322963, 27.3737799 ] ] } },
{ "type": "Feature", "properties": { "element": "way", "id": 1166099603, "highway": "tertiary", "ref": null, "ref:old": null, "source": null, "name": null, "name:en": null, "surface": null, "bridge": null, "bridge:structure": null, "layer": null, "name:zh": null, "sidewalk": null, "smoothness": null, "lanes": null, "route": null, "alt_name": null, "service": null, "oneway": null }, "geometry": { "type": "LineString", "coordinates": [ [ 92.5322963, 27.3737799 ], [ 92.532806, 27.3739537 ], [ 92.5330905, 27.3739352 ], [ 92.5335351, 27.3739221 ], [ 92.5341782, 27.3739405 ], [ 92.5350585, 27.3739273 ], [ 92.5357194, 27.3739115 ], [ 92.5360009, 27.3738247 ], [ 92.5362647, 27.3736773 ], [ 92.5363981, 27.3736457 ], [ 92.5367656, 27.3736826 ], [ 92.5371716, 27.373622 ], [ 92.5374087, 27.3735299 ], [ 92.5376725, 27.3735536 ], [ 92.5379807, 27.3736747 ], [ 92.5385023, 27.3739168 ], [ 92.5389825, 27.3740089 ], [ 92.5392907, 27.3739405 ], [ 92.5395545, 27.3739826 ], [ 92.5398657, 27.3742668 ], [ 92.5399546, 27.3744669 ], [ 92.540005, 27.3746616 ], [ 92.5401176, 27.3747011 ] ] } },
{ "type": "Feature", "properties": { "element": "way", "id": 1166099604, "highway": "unclassified", "ref": null, "ref:old": null, "source": null, "name": null, "name:en": null, "surface": null, "bridge": null, "bridge:structure": null, "layer": null, "name:zh": null, "sidewalk": null, "smoothness": null, "lanes": null, "route": null, "alt_name": null, "service": null, "oneway": null }, "geometry": { "type": "LineString", "coordinates": [ [ 92.5407903, 27.3747695 ], [ 92.5406007, 27.3749511 ], [ 92.5405888, 27.3751038 ], [ 92.5407666, 27.3751011 ], [ 92.5410215, 27.375059 ], [ 92.5412023, 27.3749064 ], [ 92.5413386, 27.3747853 ] ] } },
{ "type": "Feature", "properties": { "element": "way", "id": 1166099605, "highway": "tertiary", "ref": null, "ref:old": null, "source": null, "name": null, "name:en": null, "surface": null, "bridge": null, "bridge:structure": null, "layer": null, "name:zh": null, "sidewalk": null, "smoothness": null, "lanes": null, "route": null, "alt_name": null, "service": null, "oneway": null }, "geometry": { "type": "LineString", "coordinates": [ [ 92.5407903, 27.3747695 ], [ 92.5409948, 27.3747222 ], [ 92.5412023, 27.3745774 ], [ 92.5415342, 27.3744932 ], [ 92.5417476, 27.3744958 ], [ 92.5420025, 27.3746774 ], [ 92.5422693, 27.3747485 ], [ 92.5425449, 27.3747301 ], [ 92.5428294, 27.3747985 ], [ 92.5430546, 27.3747248 ], [ 92.5432117, 27.3745879 ], [ 92.5434251, 27.3744037 ], [ 92.5437956, 27.3742326 ], [ 92.5439052, 27.3740563 ], [ 92.5438993, 27.3738589 ], [ 92.5438371, 27.3736431 ], [ 92.5438045, 27.3732562 ], [ 92.5438163, 27.3727351 ], [ 92.5438074, 27.372335 ], [ 92.543929, 27.3720113 ], [ 92.5441453, 27.3716613 ], [ 92.5444032, 27.3717876 ], [ 92.5445988, 27.3719771 ], [ 92.5448803, 27.3719639 ], [ 92.5452626, 27.372135 ], [ 92.5455383, 27.372285 ], [ 92.5457491, 27.3725072 ], [ 92.5462279, 27.3730117 ], [ 92.5462851, 27.373072 ], [ 92.5460362, 27.3733852 ], [ 92.5459562, 27.3736641 ], [ 92.5459591, 27.3738142 ], [ 92.5457258, 27.3738365 ], [ 92.5452419, 27.3738826 ], [ 92.5448655, 27.3738536 ], [ 92.5445484, 27.3738852 ], [ 92.5441898, 27.3739142 ], [ 92.5440505, 27.3740852 ], [ 92.5439023, 27.3741958 ], [ 92.5437956, 27.3742326 ] ] } },
{ "type": "Feature", "properties": { "element": "way", "id": 1166099606, "highway": "unclassified", "ref": null, "ref:old": null, "source": null, "name": null, "name:en": null, "surface": null, "bridge": null, "bridge:structure": null, "layer": null, "name:zh": null, "sidewalk": null, "smoothness": null, "lanes": null, "route": null, "alt_name": null, "service": null, "oneway": null }, "geometry": { "type": "LineString", "coordinates": [ [ 92.5441898, 27.3739142 ], [ 92.5442757, 27.3736668 ], [ 92.5443557, 27.3734378 ], [ 92.5445128, 27.3733957 ] ] } },
{ "type": "Feature", "properties": { "element": "way", "id": 1166099607, "highway": "unclassified", "ref": null, "ref:old": null, "source": null, "name": null, "name:en": null, "surface": null, "bridge": null, "bridge:structure": null, "layer": null, "name:zh": null, "sidewalk": null, "smoothness": null, "lanes": null, "route": null, "alt_name": null, "service": null, "oneway": null }, "geometry": { "type": "LineString", "coordinates": [ [ 92.5441453, 27.3716613 ], [ 92.5438519, 27.3714533 ], [ 92.5434696, 27.3711849 ], [ 92.5433529, 27.3711038 ], [ 92.5433332, 27.3710901 ], [ 92.5432147, 27.3711138 ], [ 92.5431258, 27.3710322 ], [ 92.5430072, 27.3709927 ], [ 92.5426812, 27.3709927 ] ] } },
{ "type": "Feature", "properties": { "element": "way", "id": 1166099608, "highway": "unclassified", "ref": null, "ref:old": null, "source": null, "name": null, "name:en": null, "surface": null, "bridge": null, "bridge:structure": null, "layer": null, "name:zh": null, "sidewalk": null, "smoothness": null, "lanes": null, "route": null, "alt_name": null, "service": null, "oneway": null }, "geometry": { "type": "LineString", "coordinates": [ [ 92.5433529, 27.3711038 ], [ 92.5433747, 27.3708401 ], [ 92.5433955, 27.3706874 ], [ 92.5433777, 27.3705085 ], [ 92.5434192, 27.3704006 ], [ 92.5434399, 27.3702058 ], [ 92.5434725, 27.3701084 ] ] } },
{ "type": "Feature", "properties": { "element": "way", "id": 1166099609, "highway": "unclassified", "ref": null, "ref:old": null, "source": null, "name": null, "name:en": null, "surface": null, "bridge": null, "bridge:structure": null, "layer": null, "name:zh": null, "sidewalk": null, "smoothness": null, "lanes": null, "route": null, "alt_name": null, "service": null, "oneway": null }, "geometry": { "type": "LineString", "coordinates": [ [ 92.5441453, 27.3716613 ], [ 92.5443824, 27.3712112 ], [ 92.544664, 27.3708322 ], [ 92.5449307, 27.3704874 ], [ 92.5451945, 27.3702716 ], [ 92.5455946, 27.3700558 ], [ 92.5458346, 27.369811 ], [ 92.5460895, 27.3696504 ], [ 92.54646, 27.3696636 ], [ 92.5466912, 27.3697057 ], [ 92.5466645, 27.36984 ], [ 92.5465637, 27.3700084 ], [ 92.54654, 27.3702163 ], [ 92.5465015, 27.3705269 ], [ 92.546463, 27.3707111 ], [ 92.5465133, 27.3709796 ], [ 92.5465845, 27.3711638 ], [ 92.5465667, 27.3713112 ], [ 92.5463563, 27.371456 ], [ 92.5457665, 27.3719981 ], [ 92.5455383, 27.372285 ] ] } },
{ "type": "Feature", "properties": { "element": "way", "id": 1166099610, "highway": "unclassified", "ref": null, "ref:old": null, "source": null, "name": null, "name:en": null, "surface": null, "bridge": null, "bridge:structure": null, "layer": null, "name:zh": null, "sidewalk": null, "smoothness": null, "lanes": null, "route": null, "alt_name": null, "service": null, "oneway": null }, "geometry": { "type": "LineString", "coordinates": [ [ 92.5463563, 27.371456 ], [ 92.5461695, 27.3712981 ], [ 92.5460758, 27.3712088 ], [ 92.545802, 27.370948 ], [ 92.5456746, 27.3709849 ], [ 92.5453664, 27.3712165 ], [ 92.5452601, 27.371309 ], [ 92.5452123, 27.3713507 ], [ 92.5450166, 27.3714849 ] ] } },
{ "type": "Feature", "properties": { "element": "way", "id": 1166099611, "highway": "unclassified", "ref": null, "ref:old": null, "source": null, "name": null, "name:en": null, "surface": null, "bridge": null, "bridge:structure": null, "layer": null, "name:zh": null, "sidewalk": null, "smoothness": null, "lanes": null, "route": null, "alt_name": null, "service": null, "oneway": null }, "geometry": { "type": "LineString", "coordinates": [ [ 92.544664, 27.3708322 ], [ 92.5449633, 27.3710454 ], [ 92.5450967, 27.3711901 ], [ 92.5452601, 27.371309 ] ] } },
{ "type": "Feature", "properties": { "element": "way", "id": 1166099612, "highway": "unclassified", "ref": null, "ref:old": null, "source": null, "name": null, "name:en": null, "surface": null, "bridge": null, "bridge:structure": null, "layer": null, "name:zh": null, "sidewalk": null, "smoothness": null, "lanes": null, "route": null, "alt_name": null, "service": null, "oneway": null }, "geometry": { "type": "LineString", "coordinates": [ [ 92.5462279, 27.3730117 ], [ 92.5464748, 27.3728061 ], [ 92.5466378, 27.3726588 ], [ 92.5467949, 27.3724245 ], [ 92.5468868, 27.3722508 ], [ 92.5470468, 27.372006 ], [ 92.5470765, 27.3719745 ], [ 92.5469401, 27.3718876 ], [ 92.5463563, 27.371456 ] ] } },
{ "type": "Feature", "properties": { "element": "way", "id": 1166104387, "highway": "tertiary", "ref": null, "ref:old": null, "source": null, "name": null, "name:en": null, "surface": null, "bridge": null, "bridge:structure": null, "layer": null, "name:zh": null, "sidewalk": null, "smoothness": null, "lanes": null, "route": null, "alt_name": null, "service": null, "oneway": null }, "geometry": { "type": "LineString", "coordinates": [ [ 92.5462851, 27.373072 ], [ 92.546434, 27.3732305 ], [ 92.5466379, 27.3734234 ], [ 92.5468552, 27.3736045 ], [ 92.5470214, 27.3738022 ], [ 92.547346, 27.3740284 ], [ 92.5476357, 27.3742285 ], [ 92.547802, 27.3745239 ], [ 92.5480165, 27.3747573 ], [ 92.5482875, 27.3749097 ], [ 92.5486683, 27.3752074 ], [ 92.5489741, 27.3754194 ], [ 92.549245, 27.3756171 ], [ 92.5495105, 27.3759101 ], [ 92.5502428, 27.3764031 ], [ 92.5504842, 27.3764936 ], [ 92.5508785, 27.3765294 ], [ 92.5510034, 27.3766072 ], [ 92.5510534, 27.376615 ], [ 92.5511038, 27.3766127 ], [ 92.5516992, 27.376365 ], [ 92.5518253, 27.376365 ], [ 92.5521552, 27.3765627 ], [ 92.5524422, 27.3768128 ], [ 92.5527399, 27.37692 ], [ 92.5530296, 27.3769795 ], [ 92.5533997, 27.3773797 ], [ 92.5535258, 27.3774249 ], [ 92.553735, 27.3774606 ], [ 92.5541615, 27.3779227 ], [ 92.554419, 27.37838 ], [ 92.5546282, 27.3786253 ], [ 92.5549071, 27.3787944 ], [ 92.5550815, 27.3789683 ], [ 92.5552236, 27.3790493 ], [ 92.5555294, 27.3793708 ], [ 92.555575, 27.3794537 ], [ 92.5555804, 27.3795328 ], [ 92.5555079, 27.3795801 ], [ 92.5554302, 27.3795876 ], [ 92.5552719, 27.3795352 ], [ 92.5549393, 27.3793327 ], [ 92.5544565, 27.3790279 ], [ 92.5542795, 27.3789778 ], [ 92.55414, 27.3789469 ], [ 92.5540864, 27.3788421 ], [ 92.5539871, 27.3786896 ], [ 92.5538986, 27.3785372 ], [ 92.5537109, 27.3783753 ], [ 92.5536212, 27.3783388 ], [ 92.5535258, 27.3783419 ], [ 92.5533729, 27.3784991 ], [ 92.5532039, 27.3786706 ], [ 92.552933, 27.3788349 ], [ 92.5527426, 27.3790636 ], [ 92.5526836, 27.3792232 ], [ 92.5523832, 27.3793708 ], [ 92.5522115, 27.379528 ], [ 92.5522142, 27.379609 ], [ 92.5522947, 27.3796281 ], [ 92.5523859, 27.379528 ], [ 92.552461, 27.3794494 ], [ 92.5525575, 27.3794256 ], [ 92.5527453, 27.3793899 ], [ 92.5528794, 27.3792875 ], [ 92.5531181, 27.379116 ], [ 92.5532448, 27.3790476 ], [ 92.5532871, 27.3790445 ], [ 92.5534856, 27.3792541 ], [ 92.5534755, 27.3793005 ], [ 92.5534722, 27.379316 ], [ 92.5533917, 27.3793041 ], [ 92.5532925, 27.3792446 ], [ 92.5531503, 27.3792446 ], [ 92.5530108, 27.3793184 ], [ 92.5529089, 27.3794042 ], [ 92.5528526, 27.379528 ], [ 92.5527399, 27.3795995 ], [ 92.5526585, 27.379636 ], [ 92.5526353, 27.3796662 ], [ 92.5526523, 27.3796933 ], [ 92.5526916, 27.3797067 ], [ 92.5528123, 27.3796733 ], [ 92.5529545, 27.3795495 ], [ 92.5530511, 27.3795042 ], [ 92.5530831, 27.379513 ], [ 92.5531158, 27.3795337 ], [ 92.5531181, 27.3795566 ], [ 92.5529974, 27.3796566 ], [ 92.5528472, 27.3797853 ], [ 92.5527319, 27.3798472 ], [ 92.552587, 27.3798448 ], [ 92.5525066, 27.3798662 ], [ 92.5524636, 27.3799925 ], [ 92.5524771, 27.3800544 ], [ 92.55241, 27.3801663 ], [ 92.5524037, 27.3802003 ], [ 92.5524305, 27.3802204 ], [ 92.5525441, 27.3801806 ], [ 92.5526595, 27.3801306 ], [ 92.5528338, 27.3800996 ], [ 92.5529947, 27.3799686 ], [ 92.5530993, 27.3799067 ], [ 92.5534526, 27.3799519 ], [ 92.5534722, 27.3799544 ], [ 92.5537511, 27.3800401 ], [ 92.5540488, 27.3802616 ], [ 92.554079, 27.3803212 ], [ 92.5541427, 27.3804474 ], [ 92.5542983, 27.3805617 ], [ 92.5543492, 27.3808999 ], [ 92.5545343, 27.3809904 ], [ 92.5547757, 27.3809452 ], [ 92.5549715, 27.3809404 ], [ 92.5551646, 27.3811071 ], [ 92.5552897, 27.3813152 ], [ 92.5552964, 27.3813484 ], [ 92.555269, 27.3813656 ], [ 92.5552397, 27.3813667 ], [ 92.5551807, 27.3813096 ], [ 92.555111, 27.3812357 ], [ 92.5550359, 27.3811714 ], [ 92.5548615, 27.3811071 ], [ 92.5547167, 27.3811166 ], [ 92.5545477, 27.381231 ], [ 92.5544056, 27.3812476 ], [ 92.5543721, 27.3812723 ], [ 92.5543653, 27.3813072 ], [ 92.5543907, 27.3813428 ], [ 92.5544324, 27.3813524 ], [ 92.5545665, 27.3813238 ], [ 92.5547355, 27.3812786 ], [ 92.5548803, 27.3812976 ], [ 92.5549501, 27.3813977 ], [ 92.5550734, 27.381543 ], [ 92.5551795, 27.3816374 ], [ 92.5552918, 27.3817652 ], [ 92.5553286, 27.3818743 ], [ 92.5554111, 27.3820036 ], [ 92.5555305, 27.3821065 ], [ 92.5555533, 27.3822638 ], [ 92.5555708, 27.3823573 ], [ 92.5556235, 27.3824197 ], [ 92.5557832, 27.3824384 ], [ 92.5558709, 27.3824555 ], [ 92.5560218, 27.3825241 ], [ 92.5562237, 27.3824851 ], [ 92.556343, 27.3825178 ], [ 92.5564711, 27.382602 ], [ 92.5566519, 27.3826332 ], [ 92.5568133, 27.3826971 ], [ 92.5569467, 27.3827874 ], [ 92.556963, 27.3828321 ], [ 92.5569511, 27.3828654 ], [ 92.5569221, 27.3828864 ], [ 92.5568133, 27.3828544 ], [ 92.5567326, 27.3828077 ], [ 92.5565308, 27.3827828 ], [ 92.5564044, 27.3827906 ], [ 92.5561657, 27.3828747 ], [ 92.5560376, 27.3828576 ], [ 92.5559236, 27.3828061 ], [ 92.5557481, 27.3827812 ], [ 92.5556636, 27.3828178 ], [ 92.5556007, 27.3828451 ], [ 92.5554778, 27.3829433 ], [ 92.5553567, 27.3829807 ], [ 92.5553006, 27.3829557 ], [ 92.5552584, 27.3828778 ], [ 92.5552497, 27.3827594 ], [ 92.5550478, 27.3825288 ], [ 92.554925, 27.3824508 ], [ 92.5547951, 27.3824353 ], [ 92.5546618, 27.382401 ], [ 92.5545705, 27.3822981 ], [ 92.5544529, 27.3822825 ], [ 92.5542616, 27.3823729 ], [ 92.5541423, 27.3823963 ], [ 92.5539703, 27.3823605 ], [ 92.5537878, 27.3823355 ], [ 92.5536246, 27.3823402 ], [ 92.5535247, 27.3823607 ], [ 92.5534459, 27.3823583 ], [ 92.553386, 27.3823362 ], [ 92.5533298, 27.382228 ], [ 92.5532385, 27.3821142 ], [ 92.5532034, 27.3819989 ], [ 92.5531823, 27.3818789 ], [ 92.5530946, 27.3817402 ], [ 92.5529454, 27.3816452 ] ] } },
{ "type": "Feature", "properties": { "element": "way", "id": 1166104391, "highway": "unclassified", "ref": null, "ref:old": null, "source": null, "name": null, "name:en": null, "surface": null, "bridge": null, "bridge:structure": null, "layer": null, "name:zh": null, "sidewalk": null, "smoothness": null, "lanes": null, "route": null, "alt_name": null, "service": null, "oneway": null }, "geometry": { "type": "LineString", "coordinates": [ [ 92.552893, 27.3819737 ], [ 92.5528937, 27.3820606 ], [ 92.5528495, 27.3821826 ], [ 92.5528169, 27.3823045 ], [ 92.5527727, 27.3825465 ], [ 92.5527401, 27.3827822 ], [ 92.5527028, 27.3830902 ], [ 92.5525817, 27.3834562 ], [ 92.5523582, 27.3835286 ], [ 92.5522324, 27.3837023 ], [ 92.5523442, 27.3837953 ], [ 92.5525025, 27.3838284 ], [ 92.5524234, 27.3840393 ], [ 92.5523046, 27.3842398 ], [ 92.5521486, 27.3844383 ], [ 92.5522138, 27.3844735 ], [ 92.5523116, 27.3845004 ], [ 92.5523, 27.3845438 ], [ 92.5522068, 27.3846037 ], [ 92.5520927, 27.384674 ], [ 92.5520485, 27.3847857 ], [ 92.5520229, 27.3848498 ], [ 92.5520951, 27.3849387 ], [ 92.5521277, 27.3849718 ], [ 92.5520927, 27.3850069 ], [ 92.5520648, 27.3852137 ], [ 92.5520578, 27.3853915 ], [ 92.5520857, 27.3854328 ], [ 92.5520788, 27.3855548 ], [ 92.5521183, 27.385714 ], [ 92.5521579, 27.3858381 ], [ 92.5521044, 27.385958 ], [ 92.5520648, 27.386018 ], [ 92.5520508, 27.3861275 ], [ 92.5520811, 27.3861772 ], [ 92.5520438, 27.3862268 ], [ 92.5520136, 27.3862723 ], [ 92.5519693, 27.3862702 ], [ 92.5519321, 27.3863095 ], [ 92.5518715, 27.386386 ], [ 92.5518948, 27.3864563 ], [ 92.5518506, 27.3865762 ], [ 92.5515641, 27.3865245 ], [ 92.5515059, 27.3865555 ], [ 92.5515339, 27.3865886 ], [ 92.5515013, 27.3866403 ], [ 92.5514175, 27.3866486 ], [ 92.5513103, 27.38663 ], [ 92.5511217, 27.3865927 ], [ 92.5510053, 27.3865927 ], [ 92.5508097, 27.3865845 ], [ 92.5507235, 27.3866403 ], [ 92.5505489, 27.3867189 ], [ 92.5504208, 27.3867582 ], [ 92.5503207, 27.3868243 ], [ 92.5502229, 27.3868098 ], [ 92.5501391, 27.3867437 ], [ 92.550032, 27.3866796 ], [ 92.5497526, 27.3865659 ], [ 92.5496082, 27.3865721 ], [ 92.5494592, 27.3865307 ], [ 92.5493497, 27.3864852 ], [ 92.549203, 27.3864149 ], [ 92.5491192, 27.3863695 ], [ 92.5490726, 27.3863612 ], [ 92.5490656, 27.3863984 ], [ 92.5490284, 27.3863881 ], [ 92.5489702, 27.3864005 ], [ 92.5489306, 27.3864232 ], [ 92.5489306, 27.3864501 ], [ 92.5488491, 27.3864666 ], [ 92.5488933, 27.3865783 ], [ 92.5488048, 27.3866279 ], [ 92.5488188, 27.3867168 ], [ 92.5488631, 27.3868264 ], [ 92.5488025, 27.3869174 ], [ 92.5487513, 27.3870311 ], [ 92.5487327, 27.3871179 ], [ 92.5487653, 27.3871923 ], [ 92.5487769, 27.3872916 ], [ 92.5488328, 27.387426 ], [ 92.5488887, 27.3875293 ], [ 92.5489306, 27.3876141 ], [ 92.5488887, 27.3877196 ], [ 92.5488165, 27.3877754 ], [ 92.5488048, 27.387854 ], [ 92.5486884, 27.3878581 ], [ 92.5486418, 27.3878726 ], [ 92.548483, 27.3879578 ], [ 92.5483707, 27.3881432 ], [ 92.5483374, 27.388218 ], [ 92.5482338, 27.3882757 ], [ 92.5481355, 27.3884065 ], [ 92.5480829, 27.3885904 ], [ 92.5480548, 27.3886746 ], [ 92.5480934, 27.3887852 ], [ 92.5482443, 27.3889628 ], [ 92.5483444, 27.3890205 ], [ 92.548476, 27.3891233 ], [ 92.5487234, 27.3892308 ], [ 92.54882, 27.3892963 ], [ 92.548906, 27.3894412 ], [ 92.5491148, 27.3897856 ], [ 92.5493675, 27.3898993 ], [ 92.5495114, 27.3899071 ], [ 92.549643, 27.3899632 ], [ 92.5497887, 27.3900411 ], [ 92.5498361, 27.3900707 ], [ 92.5499782, 27.3901408 ], [ 92.5500783, 27.3902858 ], [ 92.5505556, 27.3906036 ], [ 92.55104, 27.3908592 ], [ 92.5512032, 27.3908389 ], [ 92.5514664, 27.3907797 ], [ 92.5516788, 27.3907579 ], [ 92.5519789, 27.3908109 ], [ 92.5522263, 27.3908202 ], [ 92.5524123, 27.3907735 ], [ 92.5525597, 27.3906488 ], [ 92.5527861, 27.390613 ], [ 92.5530178, 27.3906099 ], [ 92.5531863, 27.3906753 ], [ 92.553288, 27.3906909 ], [ 92.5537395, 27.3907209 ], [ 92.5539957, 27.3906258 ], [ 92.5544707, 27.3906486 ], [ 92.5552298, 27.3906941 ], [ 92.5557398, 27.3908264 ], [ 92.5558702, 27.3910724 ], [ 92.556089, 27.3912544 ], [ 92.5564546, 27.3913205 ], [ 92.5568994, 27.3914032 ], [ 92.5574186, 27.391643 ], [ 92.5578285, 27.3918457 ], [ 92.5580846, 27.3920048 ] ] } },
{ "type": "Feature", "properties": { "element": "way", "id": 1166104392, "highway": "tertiary", "ref": null, "ref:old": null, "source": null, "name": null, "name:en": null, "surface": null, "bridge": null, "bridge:structure": null, "layer": null, "name:zh": null, "sidewalk": null, "smoothness": null, "lanes": null, "route": null, "alt_name": null, "service": null, "oneway": null }, "geometry": { "type": "LineString", "coordinates": [ [ 92.5322963, 27.3737799 ], [ 92.5321908, 27.373795 ], [ 92.53181, 27.3736685 ], [ 92.5315111, 27.3735959 ], [ 92.5311659, 27.3734663 ], [ 92.5309025, 27.3733841 ], [ 92.5306854, 27.3732419 ], [ 92.5302334, 27.3731408 ], [ 92.5299843, 27.3732324 ], [ 92.5296925, 27.3732166 ], [ 92.5293508, 27.3732482 ], [ 92.5289273, 27.3733083 ], [ 92.5286675, 27.3734126 ], [ 92.5284789, 27.3736496 ], [ 92.5282369, 27.3739024 ], [ 92.5280732, 27.3740351 ], [ 92.5279949, 27.3742627 ], [ 92.5278775, 27.3744144 ], [ 92.527881, 27.3746609 ], [ 92.5278134, 27.3747652 ], [ 92.5277316, 27.3750781 ], [ 92.5277814, 27.3753625 ], [ 92.5279166, 27.3757449 ], [ 92.5281978, 27.376067 ], [ 92.5283081, 27.3763672 ], [ 92.5283971, 27.3767117 ], [ 92.5283935, 27.3770435 ], [ 92.5283787, 27.3771081 ], [ 92.5282939, 27.3774797 ], [ 92.5283472, 27.3775935 ], [ 92.5285074, 27.3777357 ], [ 92.5285999, 27.3779032 ] ] } },
{ "type": "Feature", "properties": { "element": "way", "id": 1166104393, "highway": "path", "ref": null, "ref:old": null, "source": null, "name": null, "name:en": null, "surface": null, "bridge": null, "bridge:structure": null, "layer": null, "name:zh": null, "sidewalk": null, "smoothness": null, "lanes": null, "route": null, "alt_name": null, "service": null, "oneway": null }, "geometry": { "type": "LineString", "coordinates": [ [ 92.5283787, 27.3771081 ], [ 92.5282764, 27.3772213 ], [ 92.5281106, 27.3773811 ], [ 92.5280459, 27.3775121 ], [ 92.5281753, 27.3776988 ], [ 92.5282744, 27.3779124 ], [ 92.5282198, 27.3780704 ] ] } },
{ "type": "Feature", "properties": { "element": "way", "id": 1166104394, "highway": "tertiary", "ref": null, "ref:old": null, "source": null, "name": null, "name:en": null, "surface": null, "bridge": null, "bridge:structure": null, "layer": null, "name:zh": null, "sidewalk": null, "smoothness": null, "lanes": null, "route": null, "alt_name": null, "service": null, "oneway": null }, "geometry": { "type": "LineString", "coordinates": [ [ 92.5285999, 27.3779032 ], [ 92.5286322, 27.3781476 ], [ 92.5285614, 27.378381 ], [ 92.5285473, 27.3786466 ], [ 92.5286483, 27.3789967 ], [ 92.528804, 27.3792909 ], [ 92.5290607, 27.3795602 ], [ 92.5293357, 27.3796859 ], [ 92.5297137, 27.3797361 ], [ 92.5299482, 27.3797343 ], [ 92.5301685, 27.37979 ], [ 92.5305654, 27.3797774 ], [ 92.530897, 27.3798905 ], [ 92.5312265, 27.3799497 ], [ 92.5315598, 27.380054 ], [ 92.5317781, 27.3801294 ], [ 92.5319277, 27.3802281 ], [ 92.5322633, 27.3803376 ], [ 92.5324937, 27.3804597 ], [ 92.5328777, 27.3805781 ], [ 92.5330152, 27.3807181 ], [ 92.5332457, 27.3809129 ], [ 92.5333407, 27.3811067 ], [ 92.5334033, 27.3812557 ], [ 92.5337246, 27.3815291 ], [ 92.5339854, 27.3818845 ], [ 92.5340015, 27.3819797 ] ] } },
{ "type": "Feature", "properties": { "element": "way", "id": 1166104395, "highway": "unclassified", "ref": null, "ref:old": null, "source": null, "name": null, "name:en": null, "surface": null, "bridge": "yes", "bridge:structure": null, "layer": "1", "name:zh": null, "sidewalk": null, "smoothness": null, "lanes": null, "route": null, "alt_name": null, "service": null, "oneway": null }, "geometry": { "type": "LineString", "coordinates": [ [ 92.5338689, 27.3820174 ], [ 92.5333857, 27.3821547 ] ] } },
{ "type": "Feature", "properties": { "element": "way", "id": 1166104396, "highway": "unclassified", "ref": null, "ref:old": null, "source": null, "name": null, "name:en": null, "surface": null, "bridge": null, "bridge:structure": null, "layer": null, "name:zh": null, "sidewalk": null, "smoothness": null, "lanes": null, "route": null, "alt_name": null, "service": null, "oneway": null }, "geometry": { "type": "LineString", "coordinates": [ [ 92.5333857, 27.3821547 ], [ 92.5333716, 27.3821587 ] ] } },
{ "type": "Feature", "properties": { "element": "way", "id": 1166104397, "highway": "unclassified", "ref": null, "ref:old": null, "source": null, "name": null, "name:en": null, "surface": null, "bridge": null, "bridge:structure": null, "layer": null, "name:zh": null, "sidewalk": null, "smoothness": null, "lanes": null, "route": null, "alt_name": null, "service": null, "oneway": null }, "geometry": { "type": "LineString", "coordinates": [ [ 92.5340015, 27.3819797 ], [ 92.5338689, 27.3820174 ] ] } },
{ "type": "Feature", "properties": { "element": "way", "id": 1166104398, "highway": "tertiary", "ref": null, "ref:old": null, "source": null, "name": null, "name:en": null, "surface": null, "bridge": null, "bridge:structure": null, "layer": null, "name:zh": null, "sidewalk": null, "smoothness": null, "lanes": null, "route": null, "alt_name": null, "service": null, "oneway": null }, "geometry": { "type": "LineString", "coordinates": [ [ 92.5340015, 27.3819797 ], [ 92.5340865, 27.3823117 ], [ 92.5342262, 27.3827149 ], [ 92.534168, 27.3829692 ], [ 92.5340935, 27.3832297 ], [ 92.5341261, 27.3835295 ], [ 92.5341493, 27.3840705 ], [ 92.5340772, 27.3844158 ], [ 92.5340259, 27.3846928 ], [ 92.5339002, 27.3850123 ], [ 92.5337745, 27.38525 ], [ 92.5335602, 27.3854237 ], [ 92.5334554, 27.3855457 ], [ 92.533478, 27.3857403 ], [ 92.5336177, 27.3860173 ], [ 92.5336503, 27.3862137 ], [ 92.5336736, 27.3864515 ], [ 92.5337295, 27.3867141 ], [ 92.5337155, 27.3869849 ], [ 92.5338249, 27.3872566 ], [ 92.5342743, 27.3879968 ], [ 92.5345445, 27.3882574 ], [ 92.5351452, 27.3888921 ], [ 92.5363786, 27.389794 ], [ 92.5369468, 27.3900235 ], [ 92.5374334, 27.3903502 ], [ 92.5379387, 27.3909001 ] ] } },
{ "type": "Feature", "properties": { "element": "way", "id": 1166104399, "highway": "unclassified", "ref": null, "ref:old": null, "source": null, "name": null, "name:en": null, "surface": null, "bridge": null, "bridge:structure": null, "layer": null, "name:zh": null, "sidewalk": null, "smoothness": null, "lanes": null, "route": null, "alt_name": null, "service": null, "oneway": null }, "geometry": { "type": "LineString", "coordinates": [ [ 92.5379387, 27.3909001 ], [ 92.5381367, 27.3910118 ], [ 92.5383788, 27.3913343 ], [ 92.5384999, 27.3917767 ], [ 92.5388143, 27.3923536 ], [ 92.5389982, 27.3928725 ], [ 92.5389646, 27.3931468 ], [ 92.5389368, 27.3934842 ], [ 92.5387885, 27.393657 ], [ 92.538529, 27.3936433 ], [ 92.5382262, 27.3937777 ], [ 92.5378864, 27.3940082 ], [ 92.5376546, 27.3940959 ], [ 92.5371232, 27.3941069 ], [ 92.5367896, 27.3941508 ], [ 92.5367401, 27.3942194 ], [ 92.5368791, 27.3947845 ], [ 92.5369626, 27.3949902 ], [ 92.536944, 27.3950999 ], [ 92.5368483, 27.3951822 ], [ 92.5366876, 27.3951301 ], [ 92.5365795, 27.3949875 ], [ 92.5364868, 27.3948064 ], [ 92.5364003, 27.3946638 ], [ 92.5363385, 27.394576 ], [ 92.5362056, 27.3945129 ], [ 92.5360789, 27.3945184 ], [ 92.5359924, 27.394576 ], [ 92.5359801, 27.3947351 ], [ 92.536045, 27.3949079 ], [ 92.5361315, 27.3950341 ], [ 92.5362921, 27.3952261 ], [ 92.5363014, 27.3953112 ], [ 92.5362087, 27.3953441 ], [ 92.5361038, 27.3952965 ], [ 92.5359214, 27.3951846 ], [ 92.535731, 27.3950322 ], [ 92.5356237, 27.3948702 ], [ 92.5356103, 27.3947131 ], [ 92.5355862, 27.3945345 ], [ 92.5355245, 27.3944821 ], [ 92.5354601, 27.3945249 ], [ 92.5354226, 27.3946464 ], [ 92.5353287, 27.3948988 ], [ 92.5352911, 27.3951179 ], [ 92.5354226, 27.3952799 ], [ 92.5356854, 27.3954942 ], [ 92.5356961, 27.3955751 ], [ 92.5356157, 27.3955847 ], [ 92.5355057, 27.3955013 ], [ 92.535385, 27.3954513 ], [ 92.5352107, 27.395387 ], [ 92.535098, 27.3952441 ], [ 92.5350068, 27.3950441 ], [ 92.5348942, 27.3948536 ], [ 92.5349263, 27.3946797 ], [ 92.5350229, 27.3944559 ], [ 92.5350658, 27.3942701 ], [ 92.5349666, 27.3942035 ], [ 92.5348673, 27.394213 ], [ 92.5347305, 27.3943225 ], [ 92.5345669, 27.3945488 ], [ 92.534516, 27.3947488 ], [ 92.5344972, 27.3949655 ], [ 92.534414, 27.3952036 ], [ 92.5342719, 27.3955442 ], [ 92.5341592, 27.3957919 ], [ 92.5340519, 27.395899 ], [ 92.5339339, 27.3960014 ], [ 92.5339205, 27.3960562 ], [ 92.5339929, 27.39608 ], [ 92.5341136, 27.3960014 ], [ 92.5342723, 27.395885 ], [ 92.5343148, 27.3958538 ], [ 92.5344435, 27.3956823 ], [ 92.5345294, 27.3955108 ], [ 92.5346309, 27.3955253 ], [ 92.5346796, 27.3955323 ], [ 92.5347708, 27.3956775 ], [ 92.5348673, 27.3959228 ], [ 92.5351034, 27.3961895 ], [ 92.5352858, 27.3963277 ], [ 92.535436, 27.3964015 ], [ 92.5356827, 27.3964491 ], [ 92.5357347, 27.3964573 ], [ 92.5358034, 27.3964682 ] ] } },
{ "type": "Feature", "properties": { "element": "way", "id": 1166104400, "highway": "path", "ref": null, "ref:old": null, "source": null, "name": null, "name:en": null, "surface": null, "bridge": null, "bridge:structure": null, "layer": null, "name:zh": null, "sidewalk": null, "smoothness": null, "lanes": null, "route": null, "alt_name": null, "service": null, "oneway": null }, "geometry": { "type": "LineString", "coordinates": [ [ 92.5363014, 27.3953112 ], [ 92.5362943, 27.3953965 ], [ 92.5363989, 27.3955085 ], [ 92.5364954, 27.3955894 ], [ 92.5365598, 27.3956418 ], [ 92.5365705, 27.3956752 ], [ 92.5366295, 27.3957347 ], [ 92.536651, 27.3957942 ], [ 92.5366, 27.3957823 ], [ 92.5365303, 27.3957299 ], [ 92.5364659, 27.395718 ], [ 92.5363104, 27.3956561 ], [ 92.536195, 27.395599 ], [ 92.5360904, 27.3955775 ], [ 92.5359295, 27.3956347 ], [ 92.5358302, 27.3957133 ], [ 92.5359483, 27.3957371 ], [ 92.5360475, 27.3957037 ], [ 92.5361092, 27.3957109 ], [ 92.5361307, 27.3957466 ], [ 92.5360663, 27.3957823 ], [ 92.5359456, 27.3958276 ], [ 92.535849, 27.3958466 ], [ 92.5357632, 27.3959014 ], [ 92.5357283, 27.3959252 ], [ 92.535723, 27.3959562 ], [ 92.5358088, 27.3959371 ], [ 92.5359536, 27.3960157 ], [ 92.5360314, 27.3960943 ], [ 92.5360663, 27.3961634 ], [ 92.5360663, 27.3962134 ], [ 92.5361146, 27.3962515 ], [ 92.5361602, 27.3962777 ], [ 92.5361521, 27.3963086 ], [ 92.5360609, 27.3962896 ], [ 92.5359805, 27.3962777 ], [ 92.5358437, 27.3962491 ], [ 92.5357498, 27.3963515 ], [ 92.5357347, 27.3964573 ] ] } },
{ "type": "Feature", "properties": { "element": "way", "id": 1166104401, "highway": "track", "ref": null, "ref:old": null, "source": null, "name": null, "name:en": null, "surface": null, "bridge": null, "bridge:structure": null, "layer": null, "name:zh": null, "sidewalk": null, "smoothness": null, "lanes": null, "route": null, "alt_name": null, "service": null, "oneway": null }, "geometry": { "type": "LineString", "coordinates": [ [ 92.5360789, 27.3945184 ], [ 92.5360238, 27.3942667 ], [ 92.53601, 27.3942035 ], [ 92.5358785, 27.3938962 ], [ 92.5358276, 27.3937629 ], [ 92.5359402, 27.3937962 ], [ 92.5361065, 27.3940201 ], [ 92.5362832, 27.3941072 ], [ 92.5362996, 27.3941153 ], [ 92.5364069, 27.3940868 ], [ 92.5364284, 27.3939725 ], [ 92.536313, 27.3938486 ], [ 92.5361146, 27.3936009 ], [ 92.5359027, 27.3934366 ], [ 92.5358624, 27.3933628 ], [ 92.5360073, 27.3934604 ], [ 92.5361521, 27.3934414 ], [ 92.5362058, 27.3933509 ], [ 92.5362862, 27.3933128 ], [ 92.5364954, 27.3932699 ] ] } },
{ "type": "Feature", "properties": { "element": "way", "id": 1166104402, "highway": "track", "ref": null, "ref:old": null, "source": null, "name": null, "name:en": null, "surface": null, "bridge": null, "bridge:structure": null, "layer": null, "name:zh": null, "sidewalk": null, "smoothness": null, "lanes": null, "route": null, "alt_name": null, "service": null, "oneway": null }, "geometry": { "type": "LineString", "coordinates": [ [ 92.5360238, 27.3942667 ], [ 92.5361655, 27.394313 ], [ 92.5362835, 27.3943535 ], [ 92.5363157, 27.3942225 ], [ 92.5362832, 27.3941072 ] ] } },
{ "type": "Feature", "properties": { "element": "way", "id": 1166104403, "highway": "path", "ref": null, "ref:old": null, "source": null, "name": null, "name:en": null, "surface": null, "bridge": null, "bridge:structure": null, "layer": null, "name:zh": null, "sidewalk": null, "smoothness": null, "lanes": null, "route": null, "alt_name": null, "service": null, "oneway": null }, "geometry": { "type": "LineString", "coordinates": [ [ 92.5346309, 27.3955253 ], [ 92.5346433, 27.3957978 ], [ 92.5346447, 27.3958136 ], [ 92.534648, 27.3958495 ], [ 92.5346317, 27.3958888 ], [ 92.5346433, 27.3959549 ], [ 92.5346295, 27.3961429 ] ] } },
{ "type": "Feature", "properties": { "element": "way", "id": 1166104404, "highway": "path", "ref": null, "ref:old": null, "source": null, "name": null, "name:en": null, "surface": null, "bridge": null, "bridge:structure": null, "layer": null, "name:zh": null, "sidewalk": null, "smoothness": null, "lanes": null, "route": null, "alt_name": null, "service": null, "oneway": null }, "geometry": { "type": "LineString", "coordinates": [ [ 92.5342723, 27.395885 ], [ 92.5342894, 27.3959136 ], [ 92.5342568, 27.3959777 ], [ 92.5342172, 27.3960025 ], [ 92.5342009, 27.3960686 ], [ 92.5343033, 27.3960376 ], [ 92.5343662, 27.3959756 ], [ 92.5344547, 27.3959591 ], [ 92.5345502, 27.395864 ], [ 92.5346447, 27.3958136 ] ] } },
{ "type": "Feature", "properties": { "element": "way", "id": 1166104405, "highway": "path", "ref": null, "ref:old": null, "source": null, "name": null, "name:en": null, "surface": null, "bridge": null, "bridge:structure": null, "layer": null, "name:zh": null, "sidewalk": null, "smoothness": null, "lanes": null, "route": null, "alt_name": null, "service": null, "oneway": null }, "geometry": { "type": "LineString", "coordinates": [ [ 92.5346295, 27.3961429 ], [ 92.5345618, 27.3960645 ], [ 92.534478, 27.396019 ], [ 92.5344547, 27.3959591 ] ] } },
{ "type": "Feature", "properties": { "element": "way", "id": 1166104406, "highway": "unclassified", "ref": null, "ref:old": null, "source": null, "name": null, "name:en": null, "surface": null, "bridge": null, "bridge:structure": null, "layer": null, "name:zh": null, "sidewalk": null, "smoothness": null, "lanes": null, "route": null, "alt_name": null, "service": null, "oneway": null }, "geometry": { "type": "LineString", "coordinates": [ [ 92.5358034, 27.3964682 ], [ 92.5358299, 27.3965044 ], [ 92.5358035, 27.3965777 ], [ 92.5356263, 27.3965512 ], [ 92.5352858, 27.3964873 ], [ 92.5350015, 27.3963424 ], [ 92.5348998, 27.3962302 ], [ 92.5347716, 27.3961227 ], [ 92.5346295, 27.3961429 ], [ 92.5345961, 27.3961788 ], [ 92.534526, 27.396358 ], [ 92.5344645, 27.3964701 ], [ 92.5343312, 27.3965262 ], [ 92.534175, 27.3965668 ], [ 92.534103, 27.3966197 ], [ 92.5341785, 27.3966665 ], [ 92.5343891, 27.3966665 ], [ 92.5345786, 27.3966228 ], [ 92.534719, 27.3965262 ], [ 92.5347716, 27.3964639 ], [ 92.5348418, 27.3965278 ], [ 92.5347769, 27.3966478 ], [ 92.5346312, 27.3967522 ], [ 92.5344522, 27.3968347 ], [ 92.534261, 27.3969563 ], [ 92.5339275, 27.3970607 ], [ 92.5337994, 27.3970482 ], [ 92.5336608, 27.3969469 ], [ 92.5335765, 27.3969594 ], [ 92.5335362, 27.3970233 ], [ 92.5336064, 27.3971775 ], [ 92.5337432, 27.397377 ], [ 92.5338714, 27.3974097 ], [ 92.5340504, 27.3973224 ], [ 92.5342557, 27.3972523 ], [ 92.5345382, 27.397271 ], [ 92.5348015, 27.3972383 ], [ 92.534977, 27.3971697 ], [ 92.5350542, 27.3971386 ], [ 92.5351226, 27.3971947 ], [ 92.5351981, 27.3973162 ], [ 92.5353631, 27.3974315 ], [ 92.535521, 27.3975297 ], [ 92.5355473, 27.3975826 ], [ 92.5354894, 27.3976185 ], [ 92.5354017, 27.3975842 ], [ 92.5352086, 27.3974518 ], [ 92.5350489, 27.3974237 ], [ 92.5348032, 27.3975265 ], [ 92.5346488, 27.3976185 ], [ 92.5344715, 27.397712 ], [ 92.5344715, 27.3977805 ], [ 92.5345646, 27.3978039 ], [ 92.5346874, 27.3977462 ], [ 92.5348594, 27.397701 ], [ 92.5350384, 27.3976824 ], [ 92.5351718, 27.3977478 ], [ 92.5352578, 27.3978226 ], [ 92.5352227, 27.3978771 ], [ 92.5350981, 27.3978646 ], [ 92.5350103, 27.3978413 ], [ 92.5349033, 27.3979005 ], [ 92.5347945, 27.3979768 ], [ 92.5346962, 27.3980407 ], [ 92.5346663, 27.3981202 ], [ 92.534733, 27.3981545 ], [ 92.534898, 27.3981046 ], [ 92.5351139, 27.3980843 ], [ 92.535356, 27.39817 ], [ 92.5357158, 27.3983632 ], [ 92.5359375, 27.3984566 ], [ 92.5360692, 27.3986336 ], [ 92.5363895, 27.3989401 ], [ 92.5364453, 27.3991018 ], [ 92.5364571, 27.399136 ], [ 92.5364751, 27.3991831 ], [ 92.536539, 27.3993508 ] ] } },
{ "type": "Feature", "properties": { "element": "way", "id": 1166104407, "highway": "track", "ref": null, "ref:old": null, "source": null, "name": null, "name:en": null, "surface": null, "bridge": null, "bridge:structure": null, "layer": null, "name:zh": null, "sidewalk": null, "smoothness": null, "lanes": null, "route": null, "alt_name": null, "service": null, "oneway": null }, "geometry": { "type": "LineString", "coordinates": [ [ 92.5358034, 27.3964682 ], [ 92.5358742, 27.396402 ], [ 92.5359268, 27.3963895 ], [ 92.5359531, 27.3964284 ], [ 92.5359514, 27.3965266 ], [ 92.5359391, 27.396631 ], [ 92.535997, 27.3966809 ], [ 92.5361023, 27.3966481 ], [ 92.5361567, 27.3966746 ], [ 92.5363182, 27.396645 ], [ 92.5363129, 27.3966902 ], [ 92.5362831, 27.3967712 ], [ 92.5362041, 27.3968476 ], [ 92.5361778, 27.396885 ], [ 92.5362848, 27.396899 ], [ 92.5364901, 27.3969379 ], [ 92.5365867, 27.3970454 ], [ 92.5369201, 27.3972823 ], [ 92.5369008, 27.3973103 ], [ 92.5368025, 27.397315 ], [ 92.5366516, 27.3973586 ], [ 92.536434, 27.3974287 ], [ 92.5364621, 27.397477 ], [ 92.5367358, 27.3977092 ], [ 92.5367218, 27.3977606 ], [ 92.5365726, 27.3977918 ], [ 92.5365621, 27.3978416 ], [ 92.5366533, 27.3978868 ], [ 92.5367446, 27.3980021 ], [ 92.5368306, 27.3981283 ], [ 92.5368639, 27.3982234 ], [ 92.5369376, 27.3982545 ], [ 92.5369727, 27.3982779 ], [ 92.5368692, 27.3983215 ], [ 92.536792, 27.3982966 ], [ 92.5365867, 27.3982545 ], [ 92.5363848, 27.3982779 ], [ 92.5362286, 27.3982576 ], [ 92.5361321, 27.3982483 ], [ 92.5361742, 27.398281 ], [ 92.5363287, 27.3983714 ], [ 92.5364392, 27.3984524 ], [ 92.5365217, 27.3985552 ], [ 92.5365147, 27.3986363 ], [ 92.536448, 27.3987126 ], [ 92.5364322, 27.3987983 ], [ 92.5364989, 27.3990149 ], [ 92.5364453, 27.3991018 ] ] } },
{ "type": "Feature", "properties": { "element": "way", "id": 1166104408, "highway": "track", "ref": null, "ref:old": null, "source": null, "name": null, "name:en": null, "surface": null, "bridge": null, "bridge:structure": null, "layer": null, "name:zh": null, "sidewalk": null, "smoothness": null, "lanes": null, "route": null, "alt_name": null, "service": null, "oneway": null }, "geometry": { "type": "LineString", "coordinates": [ [ 92.5364751, 27.3991831 ], [ 92.5362039, 27.3991469 ], [ 92.5359547, 27.3991076 ], [ 92.5357359, 27.3990786 ], [ 92.5355845, 27.3991407 ], [ 92.5353284, 27.399091 ], [ 92.535191, 27.3991117 ], [ 92.5351747, 27.3991613 ], [ 92.5352422, 27.3992337 ], [ 92.535361, 27.3992978 ], [ 92.5354169, 27.3994218 ], [ 92.5353493, 27.3994384 ], [ 92.5352539, 27.3995417 ], [ 92.5351933, 27.3996864 ], [ 92.5352003, 27.3997939 ], [ 92.5352911, 27.3998559 ], [ 92.5354797, 27.3999366 ], [ 92.5356148, 27.3999862 ], [ 92.5356753, 27.4000255 ], [ 92.5356055, 27.4000834 ], [ 92.5356427, 27.4001288 ], [ 92.5356637, 27.4002446 ], [ 92.5357661, 27.4002591 ], [ 92.5358546, 27.4003252 ], [ 92.5359012, 27.4004947 ], [ 92.5358895, 27.4006395 ], [ 92.5357987, 27.4005774 ], [ 92.5356916, 27.4006064 ], [ 92.5356334, 27.4006353 ], [ 92.5357289, 27.4006622 ], [ 92.5356753, 27.4006953 ] ] } },
{ "type": "Feature", "properties": { "element": "way", "id": 1166104409, "highway": "unclassified", "ref": null, "ref:old": null, "source": null, "name": null, "name:en": null, "surface": null, "bridge": null, "bridge:structure": null, "layer": null, "name:zh": null, "sidewalk": null, "smoothness": null, "lanes": null, "route": null, "alt_name": null, "service": null, "oneway": null }, "geometry": { "type": "LineString", "coordinates": [ [ 92.536539, 27.3993508 ], [ 92.536467, 27.3995024 ], [ 92.5364926, 27.399674 ], [ 92.5365206, 27.3999304 ], [ 92.5366649, 27.4002363 ], [ 92.5368279, 27.4002715 ], [ 92.5369164, 27.4002797 ], [ 92.5370818, 27.4004307 ], [ 92.5371213, 27.4006353 ], [ 92.5371563, 27.400811 ], [ 92.5374636, 27.4010529 ], [ 92.5376965, 27.4011728 ], [ 92.5378874, 27.4012514 ], [ 92.5378641, 27.4013217 ], [ 92.5377594, 27.4013341 ], [ 92.5376033, 27.4013589 ], [ 92.5374846, 27.4013775 ], [ 92.5372517, 27.4013237 ], [ 92.5371656, 27.4013341 ], [ 92.5371842, 27.4014044 ], [ 92.5372913, 27.4014705 ], [ 92.5373938, 27.4015656 ], [ 92.5375475, 27.4016793 ], [ 92.5377198, 27.4017268 ], [ 92.5379107, 27.4018075 ], [ 92.5379992, 27.4018943 ], [ 92.5382879, 27.4019274 ], [ 92.5385045, 27.4019749 ], [ 92.5385534, 27.4020245 ], [ 92.5385348, 27.40207 ], [ 92.538423, 27.4020679 ], [ 92.5382763, 27.4020824 ], [ 92.5380854, 27.4022065 ], [ 92.537927, 27.4022251 ], [ 92.5377221, 27.4022065 ], [ 92.5375405, 27.4021341 ], [ 92.5373332, 27.4020969 ], [ 92.5371074, 27.402039 ], [ 92.536984, 27.4019191 ], [ 92.5368396, 27.4017496 ], [ 92.5365928, 27.4014312 ], [ 92.536453, 27.401301 ], [ 92.5362831, 27.4011583 ], [ 92.5361527, 27.4010529 ], [ 92.5359641, 27.4009371 ], [ 92.5358267, 27.4008276 ], [ 92.5357615, 27.400749 ], [ 92.5356753, 27.4006953 ], [ 92.5356008, 27.4007511 ], [ 92.5355705, 27.4008296 ], [ 92.53568, 27.4009371 ], [ 92.5358732, 27.4011232 ], [ 92.5360386, 27.4012989 ], [ 92.536162, 27.401423 ], [ 92.5362831, 27.4015491 ], [ 92.5363343, 27.4016297 ], [ 92.5362644, 27.4016566 ], [ 92.5361643, 27.4015697 ], [ 92.5360246, 27.4014684 ], [ 92.5358826, 27.4014416 ], [ 92.5357428, 27.4013527 ], [ 92.5355915, 27.4012452 ] ] } },
{ "type": "Feature", "properties": { "element": "way", "id": 1166109723, "highway": "path", "ref": null, "ref:old": null, "source": null, "name": null, "name:en": null, "surface": null, "bridge": null, "bridge:structure": null, "layer": null, "name:zh": null, "sidewalk": null, "smoothness": null, "lanes": null, "route": null, "alt_name": null, "service": null, "oneway": null }, "geometry": { "type": "LineString", "coordinates": [ [ 92.5355915, 27.4012452 ], [ 92.5356357, 27.4012348 ], [ 92.5356404, 27.4011749 ], [ 92.5355938, 27.4011294 ], [ 92.5355705, 27.4010777 ], [ 92.5354774, 27.4010364 ], [ 92.5354215, 27.4009909 ], [ 92.5352958, 27.4009806 ], [ 92.5351817, 27.4009909 ], [ 92.5351956, 27.4009433 ], [ 92.5352492, 27.4008772 ], [ 92.535326, 27.4008379 ], [ 92.5354495, 27.4008131 ], [ 92.5355705, 27.4008296 ] ] } },
{ "type": "Feature", "properties": { "element": "way", "id": 1166109724, "highway": "unclassified", "ref": null, "ref:old": null, "source": null, "name": null, "name:en": null, "surface": null, "bridge": null, "bridge:structure": null, "layer": null, "name:zh": null, "sidewalk": null, "smoothness": null, "lanes": null, "route": null, "alt_name": null, "service": null, "oneway": null }, "geometry": { "type": "LineString", "coordinates": [ [ 92.5355915, 27.4012452 ], [ 92.535496, 27.4011873 ], [ 92.535361, 27.4012121 ], [ 92.5353416, 27.4012257 ], [ 92.5352702, 27.4012762 ], [ 92.5351467, 27.4014333 ], [ 92.5351607, 27.4015408 ], [ 92.5352352, 27.4016421 ], [ 92.5352888, 27.4018385 ], [ 92.5354238, 27.4019997 ], [ 92.5356567, 27.4021258 ], [ 92.5359384, 27.4023181 ], [ 92.5360432, 27.4025021 ], [ 92.5360851, 27.4026654 ], [ 92.5364763, 27.4029713 ], [ 92.5365508, 27.4031098 ], [ 92.536339, 27.4032215 ], [ 92.5361946, 27.4033331 ], [ 92.535971, 27.4034385 ], [ 92.5357731, 27.4034861 ], [ 92.5355892, 27.403453 ], [ 92.5352119, 27.4033641 ], [ 92.535035, 27.4033207 ], [ 92.5349977, 27.4033393 ], [ 92.5349861, 27.4033951 ], [ 92.5350303, 27.4034261 ], [ 92.5350932, 27.4034489 ], [ 92.5353447, 27.4036225 ], [ 92.5354355, 27.40373 ], [ 92.5355473, 27.403852 ], [ 92.5357708, 27.4039946 ], [ 92.5359361, 27.4040877 ], [ 92.5360316, 27.4042013 ], [ 92.5361061, 27.4043233 ], [ 92.536169, 27.4043895 ], [ 92.536256, 27.404419 ], [ 92.536474, 27.4044928 ], [ 92.5367837, 27.4046148 ], [ 92.5370971, 27.4047311 ], [ 92.5373546, 27.4049097 ], [ 92.5376631, 27.4050549 ], [ 92.5379179, 27.4052526 ], [ 92.5381378, 27.4054716 ], [ 92.5383202, 27.405624 ], [ 92.5385358, 27.4057601 ], [ 92.5385616, 27.4057764 ], [ 92.5385589, 27.405836 ], [ 92.5384785, 27.4058574 ], [ 92.538339, 27.4058574 ], [ 92.5381485, 27.4058455 ], [ 92.5377033, 27.4057241 ], [ 92.5372902, 27.4056359 ], [ 92.537081, 27.4055597 ], [ 92.5368289, 27.4055026 ], [ 92.5366009, 27.4055074 ], [ 92.5364158, 27.4055478 ], [ 92.5362093, 27.4056502 ], [ 92.5360189, 27.4057431 ], [ 92.5358522, 27.4057822 ], [ 92.5357855, 27.4057979 ], [ 92.535579, 27.405836 ], [ 92.5353859, 27.4058407 ], [ 92.5352437, 27.4057836 ], [ 92.5351123, 27.4057145 ], [ 92.5348301, 27.4056089 ], [ 92.5347877, 27.4055931 ], [ 92.5347582, 27.4054764 ], [ 92.5346027, 27.4052431 ] ] } },
{ "type": "Feature", "properties": { "element": "way", "id": 1166109725, "highway": "path", "ref": null, "ref:old": null, "source": null, "name": null, "name:en": null, "surface": null, "bridge": null, "bridge:structure": null, "layer": null, "name:zh": null, "sidewalk": null, "smoothness": null, "lanes": null, "route": null, "alt_name": null, "service": null, "oneway": null }, "geometry": { "type": "LineString", "coordinates": [ [ 92.536256, 27.404419 ], [ 92.5362013, 27.4044644 ], [ 92.5360725, 27.4044644 ], [ 92.5356702, 27.4044549 ], [ 92.5356755, 27.4045358 ], [ 92.535748, 27.4046978 ], [ 92.5357265, 27.4049597 ], [ 92.5357265, 27.4051454 ], [ 92.5356299, 27.4050716 ], [ 92.5354154, 27.4050002 ], [ 92.5351686, 27.4049764 ], [ 92.5349648, 27.4049859 ], [ 92.5347582, 27.4050216 ], [ 92.5346322, 27.405093 ], [ 92.5345839, 27.4051764 ], [ 92.5346027, 27.4052431 ] ] } },
{ "type": "Feature", "properties": { "element": "way", "id": 1166109726, "highway": "path", "ref": null, "ref:old": null, "source": null, "name": null, "name:en": null, "surface": null, "bridge": null, "bridge:structure": null, "layer": null, "name:zh": null, "sidewalk": null, "smoothness": null, "lanes": null, "route": null, "alt_name": null, "service": null, "oneway": null }, "geometry": { "type": "LineString", "coordinates": [ [ 92.536256, 27.404419 ], [ 92.5363139, 27.4043811 ], [ 92.5363649, 27.4043691 ], [ 92.5363568, 27.4043406 ], [ 92.5363005, 27.4042715 ], [ 92.5362281, 27.4041882 ], [ 92.5361449, 27.4041286 ], [ 92.5360457, 27.4039453 ], [ 92.5359625, 27.4038262 ], [ 92.5358365, 27.4036786 ], [ 92.5357855, 27.4036119 ], [ 92.5357731, 27.4034861 ] ] } },
{ "type": "Feature", "properties": { "element": "way", "id": 1166109727, "highway": "path", "ref": null, "ref:old": null, "source": null, "name": null, "name:en": null, "surface": null, "bridge": null, "bridge:structure": null, "layer": null, "name:zh": null, "sidewalk": null, "smoothness": null, "lanes": null, "route": null, "alt_name": null, "service": null, "oneway": null }, "geometry": { "type": "LineString", "coordinates": [ [ 92.5385358, 27.4057601 ], [ 92.5384214, 27.4056379 ], [ 92.538233, 27.4054431 ], [ 92.5381001, 27.4051853 ], [ 92.5381248, 27.4050399 ], [ 92.5381495, 27.404815 ], [ 92.5381248, 27.4046395 ], [ 92.5379518, 27.4044118 ], [ 92.5378962, 27.4042417 ], [ 92.5377819, 27.404036 ], [ 92.5377294, 27.4040086 ], [ 92.537649, 27.4038358 ], [ 92.5375594, 27.4037892 ], [ 92.5374791, 27.4036548 ], [ 92.537371, 27.4036026 ], [ 92.537371, 27.403545 ], [ 92.537371, 27.4034682 ], [ 92.5373184, 27.4034874 ], [ 92.5373154, 27.403449 ], [ 92.5372505, 27.4034079 ], [ 92.5371609, 27.4034381 ], [ 92.5371763, 27.4033832 ], [ 92.5371485, 27.4033421 ], [ 92.5371053, 27.4033503 ], [ 92.5370466, 27.4032762 ], [ 92.5369477, 27.4032077 ], [ 92.5369044, 27.4032351 ], [ 92.5368612, 27.4031254 ], [ 92.5367592, 27.4030897 ], [ 92.5367283, 27.4030019 ], [ 92.5366326, 27.402884 ], [ 92.536475, 27.4027907 ], [ 92.5363236, 27.4025878 ], [ 92.5362711, 27.4025878 ], [ 92.5361568, 27.4024259 ], [ 92.5360641, 27.4022998 ], [ 92.5360641, 27.4022559 ], [ 92.5359837, 27.4022367 ], [ 92.5358509, 27.4020913 ], [ 92.5357458, 27.4020392 ], [ 92.5356223, 27.4020063 ], [ 92.5355574, 27.401721 ], [ 92.5354647, 27.4016689 ], [ 92.5354338, 27.4015948 ], [ 92.5353658, 27.4014769 ], [ 92.5353226, 27.4014467 ], [ 92.535406, 27.4013973 ], [ 92.535511, 27.4014083 ], [ 92.5355296, 27.4013507 ], [ 92.535474, 27.4012876 ], [ 92.5353416, 27.4012257 ] ] } },
{ "type": "Feature", "properties": { "element": "way", "id": 1166109728, "highway": "unclassified", "ref": null, "ref:old": null, "source": null, "name": null, "name:en": null, "surface": null, "bridge": null, "bridge:structure": null, "layer": null, "name:zh": null, "sidewalk": null, "smoothness": null, "lanes": null, "route": null, "alt_name": null, "service": null, "oneway": null }, "geometry": { "type": "LineString", "coordinates": [ [ 92.5385616, 27.4057764 ], [ 92.5386598, 27.4058209 ], [ 92.5387582, 27.4058655 ], [ 92.5389559, 27.4058216 ], [ 92.5391259, 27.4056927 ], [ 92.5392618, 27.4055556 ], [ 92.5392618, 27.4053471 ], [ 92.5391598, 27.4051551 ], [ 92.539061, 27.4049604 ] ] } },
{ "type": "Feature", "properties": { "element": "way", "id": 1166109729, "highway": "path", "ref": null, "ref:old": null, "source": null, "name": null, "name:en": null, "surface": null, "bridge": null, "bridge:structure": null, "layer": null, "name:zh": null, "sidewalk": null, "smoothness": null, "lanes": null, "route": null, "alt_name": null, "service": null, "oneway": null }, "geometry": { "type": "LineString", "coordinates": [ [ 92.5386598, 27.4058209 ], [ 92.5386192, 27.4058765 ], [ 92.5384523, 27.4059697 ], [ 92.5385666, 27.4061096 ], [ 92.538718, 27.4063757 ], [ 92.5390115, 27.4066774 ], [ 92.5387211, 27.4067103 ], [ 92.538752, 27.406746 ], [ 92.5388972, 27.4068145 ], [ 92.5390455, 27.4071053 ], [ 92.5388478, 27.4070559 ], [ 92.5388509, 27.4071108 ], [ 92.5390764, 27.4074262 ], [ 92.5393947, 27.4078047 ], [ 92.5396109, 27.4080982 ], [ 92.5397932, 27.4082765 ], [ 92.5398334, 27.4083917 ], [ 92.5400002, 27.4086111 ], [ 92.5400849, 27.4087919 ], [ 92.5401454, 27.4088552 ] ] } },
{ "type": "Feature", "properties": { "element": "way", "id": 1166109730, "highway": "path", "ref": null, "ref:old": null, "source": null, "name": null, "name:en": null, "surface": null, "bridge": null, "bridge:structure": null, "layer": null, "name:zh": null, "sidewalk": null, "smoothness": null, "lanes": null, "route": null, "alt_name": null, "service": null, "oneway": null }, "geometry": { "type": "LineString", "coordinates": [ [ 92.5401454, 27.4088552 ], [ 92.5402386, 27.4089317 ], [ 92.5404691, 27.4088986 ], [ 92.5408836, 27.4088077 ], [ 92.5411281, 27.4086816 ], [ 92.5412352, 27.4086237 ], [ 92.5417847, 27.4085948 ], [ 92.5423902, 27.4085431 ], [ 92.5426672, 27.408448 ], [ 92.5427744, 27.4082227 ], [ 92.5429001, 27.4079498 ], [ 92.5430352, 27.4078506 ], [ 92.5429839, 27.4076852 ], [ 92.5429234, 27.4074888 ], [ 92.5429513, 27.4073586 ], [ 92.5430584, 27.4072098 ], [ 92.5431376, 27.407218 ], [ 92.5433355, 27.40728 ], [ 92.5435381, 27.4072408 ], [ 92.544104, 27.4072532 ], [ 92.5444602, 27.4073772 ], [ 92.5445138, 27.4073855 ], [ 92.5446488, 27.4076315 ], [ 92.5447979, 27.4077679 ], [ 92.5449469, 27.4078589 ] ] } },
{ "type": "Feature", "properties": { "element": "way", "id": 1166109731, "highway": "path", "ref": null, "ref:old": null, "source": null, "name": null, "name:en": null, "surface": null, "bridge": null, "bridge:structure": null, "layer": null, "name:zh": null, "sidewalk": null, "smoothness": null, "lanes": null, "route": null, "alt_name": null, "service": null, "oneway": null }, "geometry": { "type": "LineString", "coordinates": [ [ 92.5426672, 27.408448 ], [ 92.5427767, 27.4085451 ], [ 92.5428628, 27.4086382 ], [ 92.5430142, 27.4087147 ], [ 92.5431915, 27.4088079 ] ] } },
{ "type": "Feature", "properties": { "element": "way", "id": 1166109732, "highway": "path", "ref": null, "ref:old": null, "source": null, "name": null, "name:en": null, "surface": null, "bridge": null, "bridge:structure": null, "layer": null, "name:zh": null, "sidewalk": null, "smoothness": null, "lanes": null, "route": null, "alt_name": null, "service": null, "oneway": null }, "geometry": { "type": "LineString", "coordinates": [ [ 92.5426672, 27.408448 ], [ 92.5427697, 27.4084046 ], [ 92.5428652, 27.4084439 ], [ 92.5429304, 27.4084893 ], [ 92.5429606, 27.4085451 ], [ 92.543119, 27.408632 ], [ 92.5432098, 27.4086774 ], [ 92.5432717, 27.4087527 ] ] } },
{ "type": "Feature", "properties": { "element": "way", "id": 1166109733, "highway": "unclassified", "ref": null, "ref:old": null, "source": null, "name": null, "name:en": null, "surface": null, "bridge": null, "bridge:structure": null, "layer": null, "name:zh": null, "sidewalk": null, "smoothness": null, "lanes": null, "route": null, "alt_name": null, "service": null, "oneway": null }, "geometry": { "type": "LineString", "coordinates": [ [ 92.5402386, 27.4089317 ], [ 92.5404319, 27.4090309 ], [ 92.5406647, 27.4092232 ], [ 92.5412678, 27.4094671 ], [ 92.5414867, 27.4096345 ], [ 92.5417172, 27.4098144 ], [ 92.5420735, 27.4100438 ], [ 92.5422155, 27.4099157 ], [ 92.5423133, 27.4097151 ], [ 92.5424065, 27.4094878 ], [ 92.5425112, 27.4093265 ], [ 92.5427161, 27.4091942 ], [ 92.542935, 27.4090413 ], [ 92.5431915, 27.4088079 ], [ 92.5432145, 27.408787 ], [ 92.5432717, 27.4087527 ], [ 92.5433868, 27.4086836 ], [ 92.5435381, 27.4085348 ], [ 92.5436662, 27.4083467 ], [ 92.5437849, 27.4082165 ], [ 92.5438595, 27.40808 ], [ 92.5439945, 27.4080883 ], [ 92.5440551, 27.4082599 ], [ 92.5441109, 27.4084604 ], [ 92.5440108, 27.4087643 ], [ 92.5439386, 27.4090495 ], [ 92.5439247, 27.4093162 ], [ 92.5439968, 27.4093017 ], [ 92.5440248, 27.4091281 ], [ 92.544104, 27.4091363 ], [ 92.5441645, 27.4093245 ], [ 92.5442995, 27.4093906 ], [ 92.5444509, 27.4093431 ] ] } },
{ "type": "Feature", "properties": { "element": "way", "id": 1166109734, "highway": "unclassified", "ref": null, "ref:old": null, "source": null, "name": null, "name:en": null, "surface": null, "bridge": null, "bridge:structure": null, "layer": null, "name:zh": null, "sidewalk": null, "smoothness": null, "lanes": null, "route": null, "alt_name": null, "service": null, "oneway": null }, "geometry": { "type": "LineString", "coordinates": [ [ 92.5415449, 27.4091488 ], [ 92.5416031, 27.408942 ], [ 92.5417614, 27.4088201 ], [ 92.5420525, 27.4087126 ], [ 92.5423203, 27.4086444 ], [ 92.5425136, 27.4085803 ], [ 92.5426672, 27.408448 ] ] } },
{ "type": "Feature", "properties": { "element": "way", "id": 1166109735, "highway": "unclassified", "ref": null, "ref:old": null, "source": null, "name": null, "name:en": null, "surface": null, "bridge": null, "bridge:structure": null, "layer": null, "name:zh": null, "sidewalk": null, "smoothness": null, "lanes": null, "route": null, "alt_name": null, "service": null, "oneway": null }, "geometry": { "type": "LineString", "coordinates": [ [ 92.5401454, 27.4088552 ], [ 92.5398719, 27.4088536 ], [ 92.5396273, 27.4087962 ], [ 92.5396218, 27.4088036 ], [ 92.5395687, 27.4088752 ], [ 92.5395182, 27.408999 ], [ 92.5395566, 27.4092036 ], [ 92.5396698, 27.4093328 ], [ 92.5398032, 27.4093776 ], [ 92.5400175, 27.4095338 ], [ 92.5402358, 27.4097527 ], [ 92.5403856, 27.4098693 ], [ 92.54063, 27.4100596 ] ] } },
{ "type": "Feature", "properties": { "element": "way", "id": 1166109736, "highway": "footway", "ref": null, "ref:old": null, "source": null, "name": null, "name:en": null, "surface": null, "bridge": null, "bridge:structure": null, "layer": null, "name:zh": null, "sidewalk": null, "smoothness": null, "lanes": null, "route": null, "alt_name": null, "service": null, "oneway": null }, "geometry": { "type": "LineString", "coordinates": [ [ 92.5403856, 27.4098693 ], [ 92.5404379, 27.409794 ], [ 92.5404602, 27.4096307 ], [ 92.5404622, 27.409532 ], [ 92.5404885, 27.4094171 ], [ 92.5406647, 27.4092232 ] ] } },
{ "type": "Feature", "properties": { "element": "way", "id": 1166109737, "highway": "unclassified", "ref": null, "ref:old": null, "source": null, "name": null, "name:en": null, "surface": null, "bridge": null, "bridge:structure": null, "layer": null, "name:zh": null, "sidewalk": null, "smoothness": null, "lanes": null, "route": null, "alt_name": null, "service": null, "oneway": null }, "geometry": { "type": "LineString", "coordinates": [ [ 92.5396218, 27.4088036 ], [ 92.5393574, 27.4086644 ], [ 92.5390992, 27.4084533 ], [ 92.5389967, 27.408235 ], [ 92.5389229, 27.4081513 ], [ 92.538599, 27.408144 ], [ 92.5377873, 27.408224 ], [ 92.5374485, 27.4081482 ], [ 92.5372831, 27.4081112 ], [ 92.5367584, 27.4078856 ], [ 92.5363361, 27.4076927 ], [ 92.5361271, 27.4075362 ], [ 92.5360574, 27.4074962 ], [ 92.535959, 27.4075617 ], [ 92.5358647, 27.4077073 ], [ 92.5358811, 27.4078528 ], [ 92.5361312, 27.4085261 ], [ 92.5361476, 27.4086134 ], [ 92.5360861, 27.4086608 ], [ 92.5360293, 27.4086253 ], [ 92.5359754, 27.4085916 ], [ 92.5353504, 27.4081464 ], [ 92.5353318, 27.4081331 ], [ 92.534971, 27.4074962 ], [ 92.5349672, 27.4072077 ], [ 92.5349669, 27.4071869 ], [ 92.5350735, 27.4067793 ], [ 92.5351678, 27.4064917 ], [ 92.535217, 27.4062552 ], [ 92.5354548, 27.4060587 ], [ 92.5356638, 27.4058985 ], [ 92.5358522, 27.4057822 ] ] } },
{ "type": "Feature", "properties": { "element": "way", "id": 1166109738, "highway": "unclassified", "ref": null, "ref:old": null, "source": null, "name": null, "name:en": null, "surface": null, "bridge": null, "bridge:structure": null, "layer": null, "name:zh": null, "sidewalk": null, "smoothness": null, "lanes": null, "route": null, "alt_name": null, "service": null, "oneway": null }, "geometry": { "type": "LineString", "coordinates": [ [ 92.5348301, 27.4056089 ], [ 92.5347886, 27.4056291 ], [ 92.5346465, 27.4056005 ], [ 92.5344292, 27.4055981 ], [ 92.5341824, 27.40561 ], [ 92.5340793, 27.4055868 ], [ 92.5339598, 27.40556 ], [ 92.5335789, 27.4056957 ], [ 92.5333988, 27.4057064 ], [ 92.5333778, 27.4057076 ], [ 92.5333189, 27.405684 ], [ 92.5331042, 27.4055981 ], [ 92.5328601, 27.4055029 ], [ 92.532726, 27.4055886 ], [ 92.5325034, 27.4057624 ], [ 92.532388, 27.4058362 ], [ 92.5323317, 27.4057814 ], [ 92.5324819, 27.4054909 ], [ 92.5325919, 27.4051981 ], [ 92.5326026, 27.4049171 ], [ 92.5325543, 27.4047504 ], [ 92.5323854, 27.4045742 ], [ 92.5322378, 27.4045337 ], [ 92.5320957, 27.4046432 ], [ 92.5319052, 27.4047718 ], [ 92.5316531, 27.4048575 ], [ 92.5313715, 27.4049909 ], [ 92.5310818, 27.4050957 ], [ 92.530886, 27.4051695 ], [ 92.5306661, 27.405329 ], [ 92.5306178, 27.4054576 ], [ 92.53065, 27.4055195 ] ] } },
{ "type": "Feature", "properties": { "element": "way", "id": 1166109739, "highway": "unclassified", "ref": null, "ref:old": null, "source": null, "name": null, "name:en": null, "surface": null, "bridge": null, "bridge:structure": null, "layer": null, "name:zh": null, "sidewalk": null, "smoothness": null, "lanes": null, "route": null, "alt_name": null, "service": null, "oneway": null }, "geometry": { "type": "LineString", "coordinates": [ [ 92.5333988, 27.4057064 ], [ 92.5334153, 27.4058029 ], [ 92.5334768, 27.4059302 ], [ 92.5335441, 27.4060696 ], [ 92.5336621, 27.4064006 ], [ 92.533763, 27.4065171 ], [ 92.5339115, 27.4066887 ], [ 92.5342575, 27.4068911 ], [ 92.5342732, 27.4069012 ], [ 92.5343648, 27.4069601 ], [ 92.5344802, 27.4070316 ], [ 92.5345633, 27.4071006 ], [ 92.5346679, 27.4072268 ], [ 92.5348101, 27.4073602 ], [ 92.5348423, 27.4073816 ], [ 92.5348905, 27.407334 ], [ 92.5349227, 27.4073792 ], [ 92.5349672, 27.4072077 ] ] } },
{ "type": "Feature", "properties": { "element": "way", "id": 1166109740, "highway": "path", "ref": null, "ref:old": null, "source": null, "name": null, "name:en": null, "surface": null, "bridge": null, "bridge:structure": null, "layer": null, "name:zh": null, "sidewalk": null, "smoothness": null, "lanes": null, "route": null, "alt_name": null, "service": null, "oneway": null }, "geometry": { "type": "LineString", "coordinates": [ [ 92.5347886, 27.4056291 ], [ 92.5348241, 27.4058136 ], [ 92.5348118, 27.4060145 ], [ 92.5347942, 27.4060955 ], [ 92.5348434, 27.4061968 ], [ 92.5348486, 27.4063557 ], [ 92.5350048, 27.4063807 ] ] } },
{ "type": "Feature", "properties": { "element": "way", "id": 1166109741, "highway": "path", "ref": null, "ref:old": null, "source": null, "name": null, "name:en": null, "surface": null, "bridge": null, "bridge:structure": null, "layer": null, "name:zh": null, "sidewalk": null, "smoothness": null, "lanes": null, "route": null, "alt_name": null, "service": null, "oneway": null }, "geometry": { "type": "LineString", "coordinates": [ [ 92.5340793, 27.4055868 ], [ 92.5341194, 27.4057402 ], [ 92.5341361, 27.4058042 ], [ 92.5344239, 27.4059787 ], [ 92.5346222, 27.4060691 ], [ 92.5346467, 27.4060757 ], [ 92.5346626, 27.40608 ], [ 92.5348118, 27.4060145 ] ] } },
{ "type": "Feature", "properties": { "element": "way", "id": 1166109742, "highway": "path", "ref": null, "ref:old": null, "source": null, "name": null, "name:en": null, "surface": null, "bridge": null, "bridge:structure": null, "layer": null, "name:zh": null, "sidewalk": null, "smoothness": null, "lanes": null, "route": null, "alt_name": null, "service": null, "oneway": null }, "geometry": { "type": "LineString", "coordinates": [ [ 92.5342732, 27.4069012 ], [ 92.5343414, 27.4066486 ], [ 92.5345205, 27.4063557 ], [ 92.5345801, 27.4062716 ], [ 92.5346521, 27.4061501 ], [ 92.5346467, 27.4060757 ] ] } },
{ "type": "Feature", "properties": { "element": "way", "id": 1166109743, "highway": "path", "ref": null, "ref:old": null, "source": null, "name": null, "name:en": null, "surface": null, "bridge": null, "bridge:structure": null, "layer": null, "name:zh": null, "sidewalk": null, "smoothness": null, "lanes": null, "route": null, "alt_name": null, "service": null, "oneway": null }, "geometry": { "type": "LineString", "coordinates": [ [ 92.5334768, 27.4059302 ], [ 92.5335709, 27.4059324 ], [ 92.5336151, 27.4059567 ], [ 92.5336928, 27.4059594 ], [ 92.5338162, 27.4060392 ], [ 92.5339183, 27.4060609 ], [ 92.5339293, 27.4060602 ], [ 92.5339869, 27.4060568 ], [ 92.5340463, 27.4060839 ], [ 92.5340996, 27.4060257 ], [ 92.5341331, 27.4059567 ], [ 92.5342626, 27.4059689 ], [ 92.5343297, 27.4059838 ], [ 92.5344239, 27.4059787 ] ] } },
{ "type": "Feature", "properties": { "element": "way", "id": 1166109744, "highway": "path", "ref": null, "ref:old": null, "source": null, "name": null, "name:en": null, "surface": null, "bridge": null, "bridge:structure": null, "layer": null, "name:zh": null, "sidewalk": null, "smoothness": null, "lanes": null, "route": null, "alt_name": null, "service": null, "oneway": null }, "geometry": { "type": "LineString", "coordinates": [ [ 92.533763, 27.4065171 ], [ 92.5338543, 27.4064748 ], [ 92.5338071, 27.4064234 ], [ 92.5338132, 27.4063638 ], [ 92.5338833, 27.4062502 ], [ 92.5338939, 27.4061677 ], [ 92.5339293, 27.4060602 ], [ 92.5339579, 27.4059581 ], [ 92.5340021, 27.4058661 ], [ 92.5340783, 27.4057985 ], [ 92.5341194, 27.4057402 ] ] } },
{ "type": "Feature", "properties": { "element": "way", "id": 1166115380, "highway": "unclassified", "ref": null, "ref:old": null, "source": null, "name": null, "name:en": null, "surface": null, "bridge": null, "bridge:structure": null, "layer": null, "name:zh": null, "sidewalk": null, "smoothness": null, "lanes": null, "route": null, "alt_name": null, "service": null, "oneway": null }, "geometry": { "type": "LineString", "coordinates": [ [ 92.5353504, 27.4081464 ], [ 92.5354505, 27.4083681 ], [ 92.5355551, 27.4085395 ], [ 92.5356355, 27.4089062 ], [ 92.5358099, 27.4093039 ], [ 92.5360191, 27.4096825 ], [ 92.5362015, 27.4098801 ], [ 92.536408, 27.4100611 ], [ 92.5364858, 27.4102063 ], [ 92.536746, 27.4103682 ], [ 92.5369391, 27.4104182 ], [ 92.5369713, 27.4105254 ], [ 92.5368559, 27.4106492 ], [ 92.5367808, 27.4107801 ], [ 92.5368452, 27.4108944 ], [ 92.5371295, 27.410973 ], [ 92.5374568, 27.4110278 ], [ 92.5373951, 27.4112611 ], [ 92.5372663, 27.4114278 ], [ 92.5371859, 27.411754 ], [ 92.5371805, 27.4121683 ], [ 92.5371376, 27.412385 ], [ 92.5370705, 27.4125945 ], [ 92.5369364, 27.412835 ], [ 92.5367621, 27.4130064 ], [ 92.5366092, 27.4131564 ], [ 92.536526, 27.4133826 ], [ 92.5364858, 27.4136231 ], [ 92.5363973, 27.413785 ], [ 92.5363222, 27.4138493 ], [ 92.5360861, 27.4138255 ], [ 92.5359091, 27.413785 ] ] } },
{ "type": "Feature", "properties": { "element": "way", "id": 1166115382, "highway": "track", "ref": null, "ref:old": null, "source": null, "name": null, "name:en": null, "surface": null, "bridge": null, "bridge:structure": null, "layer": null, "name:zh": null, "sidewalk": null, "smoothness": null, "lanes": null, "route": null, "alt_name": null, "service": null, "oneway": null }, "geometry": { "type": "LineString", "coordinates": [ [ 92.5359091, 27.413785 ], [ 92.5357971, 27.413895 ], [ 92.5356832, 27.4139298 ], [ 92.5356654, 27.4140056 ], [ 92.5355124, 27.4140182 ], [ 92.5350996, 27.4140467 ], [ 92.5349358, 27.4140877 ], [ 92.5348718, 27.414173 ], [ 92.5347259, 27.4141857 ], [ 92.5345408, 27.4143657 ], [ 92.5341778, 27.4144542 ], [ 92.5339678, 27.4143468 ], [ 92.5335764, 27.4144637 ], [ 92.5333949, 27.4145205 ], [ 92.5332311, 27.4145332 ], [ 92.5329536, 27.4146532 ], [ 92.5327009, 27.414748 ], [ 92.5325977, 27.414808 ], [ 92.5323806, 27.4148491 ], [ 92.5320745, 27.4152156 ], [ 92.5318681, 27.4154809 ], [ 92.5316332, 27.4157116 ], [ 92.531409, 27.4158127 ], [ 92.5313592, 27.4159611 ], [ 92.5314624, 27.4161444 ], [ 92.5318218, 27.4164761 ], [ 92.5320816, 27.4165235 ], [ 92.5322026, 27.4165898 ], [ 92.5322916, 27.4167414 ], [ 92.5324802, 27.4168046 ], [ 92.5326688, 27.41701 ], [ 92.5326902, 27.4171774 ], [ 92.533192, 27.4178724 ], [ 92.5334376, 27.4180367 ], [ 92.5337009, 27.4180556 ], [ 92.5341707, 27.4181599 ], [ 92.534434, 27.4182926 ], [ 92.5347864, 27.4182515 ], [ 92.5353131, 27.4182168 ], [ 92.5354946, 27.4182357 ], [ 92.5358042, 27.4183937 ], [ 92.5360391, 27.4184347 ], [ 92.5361032, 27.4185958 ], [ 92.5360711, 27.418738 ], [ 92.5358149, 27.4189497 ], [ 92.5356243, 27.4190915 ], [ 92.5354902, 27.4192843 ], [ 92.5350288, 27.4197962 ], [ 92.5350556, 27.4199629 ], [ 92.5351871, 27.4200867 ], [ 92.5354392, 27.420301 ], [ 92.5357664, 27.4205652 ], [ 92.5358818, 27.42072 ], [ 92.5361983, 27.4208938 ], [ 92.5364343, 27.4209462 ], [ 92.5363458, 27.4211152 ], [ 92.5361232, 27.4212628 ], [ 92.5359434, 27.4213176 ], [ 92.5357262, 27.4213223 ], [ 92.5354446, 27.4214509 ], [ 92.535297, 27.4214771 ], [ 92.5349966, 27.4214342 ], [ 92.5348598, 27.4214866 ], [ 92.5346372, 27.421839 ], [ 92.5344253, 27.422039 ], [ 92.5342644, 27.4221295 ], [ 92.5341115, 27.4222342 ], [ 92.5341035, 27.4223485 ], [ 92.5339693, 27.4224604 ], [ 92.5337655, 27.4224247 ], [ 92.533567, 27.4223818 ], [ 92.5334383, 27.422489 ], [ 92.533331, 27.4225842 ], [ 92.5333632, 27.4228104 ], [ 92.5332317, 27.4228818 ], [ 92.5330145, 27.4228842 ], [ 92.5327805, 27.4229983 ], [ 92.532653, 27.4231072 ], [ 92.532568, 27.4232036 ], [ 92.5324405, 27.4233126 ], [ 92.5322139, 27.4233461 ], [ 92.532143, 27.4234803 ], [ 92.5320297, 27.4235431 ], [ 92.531888, 27.4237234 ], [ 92.5317558, 27.4237569 ], [ 92.5316283, 27.423803 ], [ 92.5314725, 27.4239623 ], [ 92.5313261, 27.4240545 ], [ 92.5312647, 27.4243102 ], [ 92.5310853, 27.4245072 ], [ 92.5308964, 27.4246874 ], [ 92.5306886, 27.4248006 ], [ 92.5305234, 27.4249347 ], [ 92.5305092, 27.4250437 ], [ 92.5306084, 27.4250646 ], [ 92.5307595, 27.4249095 ], [ 92.5310664, 27.4248425 ], [ 92.5313403, 27.4247712 ], [ 92.5316236, 27.4245994 ], [ 92.5318408, 27.4243437 ], [ 92.531888, 27.4242892 ], [ 92.5319636, 27.4245072 ], [ 92.5318267, 27.4247419 ], [ 92.5316094, 27.4249095 ], [ 92.5314206, 27.4250814 ], [ 92.5310333, 27.4253622 ], [ 92.5309011, 27.4254293 ], [ 92.5308681, 27.4256179 ], [ 92.5308822, 27.4258191 ], [ 92.530972, 27.4259867 ], [ 92.530972, 27.4262047 ], [ 92.5311467, 27.4263849 ], [ 92.5312647, 27.4265232 ], [ 92.5313544, 27.4264771 ], [ 92.531312, 27.4263933 ], [ 92.5312033, 27.4262172 ], [ 92.5312175, 27.4260747 ], [ 92.5312506, 27.4259867 ], [ 92.5311325, 27.4257939 ], [ 92.5312128, 27.4256598 ], [ 92.5313592, 27.4255634 ], [ 92.5314111, 27.4256137 ], [ 92.5313356, 27.4257352 ], [ 92.5313497, 27.4258442 ], [ 92.5314158, 27.4259406 ], [ 92.5315244, 27.4260664 ], [ 92.5318928, 27.4265526 ], [ 92.5320958, 27.4267663 ], [ 92.5322611, 27.426804 ], [ 92.5325161, 27.4270471 ], [ 92.5325539, 27.4273279 ], [ 92.5327711, 27.4274369 ], [ 92.5331441, 27.4276926 ], [ 92.5333377, 27.4276716 ], [ 92.534523, 27.4282919 ], [ 92.5347591, 27.4285099 ], [ 92.5349007, 27.4287781 ], [ 92.5350093, 27.4290506 ], [ 92.534778, 27.4293062 ], [ 92.5348441, 27.4304965 ], [ 92.5350943, 27.4306516 ], [ 92.535576, 27.4307606 ], [ 92.5355335, 27.4309785 ], [ 92.5350525, 27.4320412 ], [ 92.5347856, 27.432594 ], [ 92.5344653, 27.4329951 ], [ 92.5340952, 27.4332857 ], [ 92.5334724, 27.4334184 ] ] } },
{ "type": "Feature", "properties": { "element": "way", "id": 1166115383, "highway": "tertiary", "ref": null, "ref:old": null, "source": null, "name": null, "name:en": null, "surface": null, "bridge": null, "bridge:structure": null, "layer": null, "name:zh": null, "sidewalk": null, "smoothness": null, "lanes": null, "route": null, "alt_name": null, "service": null, "oneway": null }, "geometry": { "type": "LineString", "coordinates": [ [ 92.5325188, 27.3731726 ], [ 92.5323758, 27.3730662 ], [ 92.5322885, 27.3729978 ], [ 92.5321663, 27.3728184 ], [ 92.5320035, 27.3726011 ], [ 92.531864, 27.3724296 ], [ 92.5316119, 27.3723129 ], [ 92.5312846, 27.3722915 ], [ 92.5310164, 27.37217 ], [ 92.5307187, 27.372039 ], [ 92.5303083, 27.3719818 ], [ 92.530024, 27.3718985 ], [ 92.529788, 27.3716936 ], [ 92.5295305, 27.3716436 ], [ 92.5288438, 27.3718651 ], [ 92.528581, 27.3718199 ], [ 92.5284013, 27.3718199 ], [ 92.5278487, 27.3720366 ], [ 92.527551, 27.3720462 ], [ 92.5272345, 27.3720867 ], [ 92.527028, 27.3722129 ], [ 92.526741, 27.3724558 ], [ 92.526395, 27.3728632 ], [ 92.5262555, 27.3730728 ], [ 92.5260973, 27.3731347 ], [ 92.5258612, 27.3731275 ], [ 92.5257513, 27.3729727 ], [ 92.5256091, 27.3727822 ], [ 92.5255715, 27.3726154 ], [ 92.5253167, 27.3724582 ], [ 92.5251746, 27.3722891 ], [ 92.5251397, 27.3720509 ], [ 92.5251048, 27.3718342 ], [ 92.5250271, 27.3716412 ], [ 92.5249314, 27.3714135 ], [ 92.5248876, 27.3713911 ], [ 92.524828, 27.3713931 ], [ 92.5246864, 27.3715031 ], [ 92.5245094, 27.3716174 ], [ 92.5243002, 27.3718342 ], [ 92.5241875, 27.3722963 ], [ 92.5241768, 27.3725535 ], [ 92.5242707, 27.372837 ], [ 92.524276, 27.3729703 ], [ 92.5242143, 27.373168 ], [ 92.5241741, 27.3733443 ], [ 92.5242063, 27.373461 ], [ 92.5243914, 27.3736158 ], [ 92.5245925, 27.3738826 ], [ 92.5247159, 27.3741398 ], [ 92.5248098, 27.3744161 ], [ 92.524952, 27.3746948 ], [ 92.525137, 27.3748496 ], [ 92.5251585, 27.3751235 ], [ 92.525129, 27.3753641 ], [ 92.5250995, 27.3755713 ], [ 92.5251102, 27.3757905 ], [ 92.5251692, 27.3760072 ], [ 92.5251638, 27.3762454 ], [ 92.5252229, 27.3764931 ], [ 92.5252175, 27.3767741 ], [ 92.525255, 27.3771028 ], [ 92.5252363, 27.3775911 ], [ 92.5252121, 27.3776888 ], [ 92.5251558, 27.3776983 ], [ 92.5251183, 27.3776697 ], [ 92.5250834, 27.3775244 ], [ 92.5250592, 27.3772839 ], [ 92.5250217, 27.3769742 ], [ 92.5249412, 27.3767003 ], [ 92.5247883, 27.3763835 ], [ 92.5246274, 27.376062 ], [ 92.5245577, 27.3758714 ], [ 92.5244477, 27.3757023 ], [ 92.524386, 27.3755451 ], [ 92.5243511, 27.3753427 ], [ 92.5243109, 27.3751426 ], [ 92.5242412, 27.374983 ], [ 92.5241661, 27.374883 ], [ 92.5241097, 27.3748949 ], [ 92.5240802, 27.3749568 ], [ 92.5241044, 27.375064 ], [ 92.5241822, 27.3751759 ], [ 92.5242036, 27.3753641 ], [ 92.5242358, 27.3759619 ], [ 92.5242734, 27.3763192 ], [ 92.5242868, 27.3765788 ], [ 92.5243297, 27.3767503 ], [ 92.5243511, 27.3769194 ], [ 92.5243243, 27.3770623 ], [ 92.5242975, 27.3772386 ], [ 92.5243431, 27.3774101 ], [ 92.5243806, 27.377634 ], [ 92.5243243, 27.3778531 ], [ 92.524378, 27.3779269 ], [ 92.524496, 27.3780246 ], [ 92.524496, 27.3781461 ], [ 92.5244101, 27.3782866 ], [ 92.5242117, 27.3784247 ], [ 92.5239971, 27.3786057 ], [ 92.5237637, 27.3787344 ], [ 92.5236001, 27.3788344 ], [ 92.5235452, 27.3788707 ], [ 92.5235223, 27.3789225 ], [ 92.5235432, 27.3789682 ], [ 92.5236377, 27.3790297 ], [ 92.5237557, 27.3790535 ], [ 92.5238603, 27.3790607 ], [ 92.5240025, 27.3791226 ], [ 92.5240963, 27.3791869 ], [ 92.5243082, 27.3792202 ], [ 92.5244075, 27.3792893 ], [ 92.5245523, 27.3794036 ], [ 92.5245952, 27.3795203 ], [ 92.524724, 27.3799824 ], [ 92.5247186, 27.380142 ], [ 92.5247132, 27.3804159 ], [ 92.5246971, 27.3806302 ], [ 92.524783, 27.3807636 ], [ 92.5249654, 27.3808303 ], [ 92.5251987, 27.3808827 ], [ 92.525416, 27.381028 ], [ 92.5255715, 27.3811733 ], [ 92.5256842, 27.3813686 ], [ 92.5258156, 27.381471 ], [ 92.5258693, 27.3816234 ], [ 92.5259605, 27.3818163 ], [ 92.5260275, 27.3819235 ], [ 92.5260946, 27.3820807 ], [ 92.5262206, 27.3822022 ], [ 92.5264701, 27.3823451 ], [ 92.5265935, 27.3824522 ], [ 92.5267437, 27.3825499 ], [ 92.5269663, 27.3826094 ], [ 92.5272399, 27.3826737 ], [ 92.5278166, 27.3828524 ], [ 92.528058, 27.3829571 ], [ 92.5282484, 27.383031 ], [ 92.5284496, 27.3830977 ], [ 92.5286185, 27.3831858 ], [ 92.5288492, 27.3833382 ], [ 92.528994, 27.3834859 ], [ 92.5290772, 27.3836669 ], [ 92.5292033, 27.3839074 ], [ 92.5292435, 27.3841051 ], [ 92.5292033, 27.3842909 ], [ 92.5291711, 27.3844957 ], [ 92.5291201, 27.3847481 ], [ 92.5291121, 27.3850077 ], [ 92.5290772, 27.3852721 ], [ 92.5290852, 27.385496 ], [ 92.5290423, 27.3857103 ], [ 92.5289672, 27.3859056 ], [ 92.528809, 27.3860699 ], [ 92.5286266, 27.3862438 ], [ 92.5285327, 27.3864177 ], [ 92.5284898, 27.3866915 ], [ 92.5284791, 27.387125 ], [ 92.5285086, 27.3873608 ], [ 92.5286507, 27.3876394 ], [ 92.528868, 27.3882134 ], [ 92.5292596, 27.3885849 ], [ 92.5294849, 27.3888254 ], [ 92.5297692, 27.3890922 ], [ 92.5298282, 27.3892136 ], [ 92.5297811, 27.3892688 ], [ 92.5297098, 27.389284 ], [ 92.5295817, 27.3892809 ], [ 92.5294325, 27.3892654 ], [ 92.5293221, 27.389234 ], [ 92.5291851, 27.3891469 ], [ 92.5290289, 27.3890425 ], [ 92.5287955, 27.3889553 ], [ 92.5284603, 27.3889085 ], [ 92.5281471, 27.3888702 ], [ 92.5276417, 27.3888092 ], [ 92.527478, 27.3887877 ], [ 92.5273405, 27.3887141 ], [ 92.5272172, 27.3885759 ], [ 92.5269969, 27.3882402 ], [ 92.5268129, 27.3881828 ], [ 92.5265319, 27.3881469 ], [ 92.5263889, 27.3879012 ], [ 92.5262304, 27.3877984 ], [ 92.5260674, 27.3877821 ], [ 92.5258693, 27.3877429 ], [ 92.5256576, 27.387682 ], [ 92.5254519, 27.387701 ], [ 92.5253376, 27.3877023 ], [ 92.5252386, 27.3877442 ], [ 92.5251304, 27.3877415 ], [ 92.5249643, 27.3876888 ], [ 92.5248806, 27.3877442 ], [ 92.5247922, 27.3878931 ], [ 92.5246292, 27.3880013 ], [ 92.5244311, 27.3880513 ], [ 92.5242437, 27.3880459 ], [ 92.5240472, 27.3881176 ], [ 92.5238918, 27.3881528 ], [ 92.5236815, 27.3881081 ], [ 92.5233555, 27.3880973 ], [ 92.5232321, 27.3881338 ], [ 92.5229228, 27.3882745 ], [ 92.5226653, 27.3883151 ], [ 92.5225907, 27.3884382 ], [ 92.5224932, 27.3885478 ], [ 92.5222677, 27.3886114 ], [ 92.5220407, 27.3886411 ], [ 92.5218761, 27.3887412 ], [ 92.5217421, 27.38889 ], [ 92.5216994, 27.3891159 ], [ 92.521605, 27.3892932 ], [ 92.5215074, 27.389465 ], [ 92.5214099, 27.389515 ], [ 92.5211083, 27.3895745 ], [ 92.5209696, 27.3896165 ], [ 92.5207975, 27.3896503 ], [ 92.5206208, 27.3897788 ], [ 92.5201744, 27.3897626 ], [ 92.5198255, 27.3897544 ], [ 92.519571, 27.389726 ], [ 92.5192435, 27.3896543 ], [ 92.5190424, 27.3896625 ], [ 92.5188077, 27.3897937 ], [ 92.518762, 27.3899046 ], [ 92.5185183, 27.3900209 ], [ 92.518308, 27.3901116 ], [ 92.5180764, 27.3901089 ], [ 92.5179104, 27.3900845 ], [ 92.5178357, 27.3901197 ], [ 92.5177611, 27.3902942 ], [ 92.5176925, 27.3905066 ], [ 92.5176331, 27.3907081 ], [ 92.517499, 27.3908136 ], [ 92.5173421, 27.3908799 ], [ 92.5172416, 27.3908637 ], [ 92.5170222, 27.3909733 ], [ 92.5168104, 27.39093 ], [ 92.5165819, 27.39093 ], [ 92.5164234, 27.3909706 ], [ 92.516396, 27.3910747 ], [ 92.5164371, 27.3912086 ], [ 92.5165377, 27.3913385 ], [ 92.5165971, 27.3915265 ], [ 92.5166245, 27.3917051 ], [ 92.5166017, 27.3918552 ], [ 92.5164935, 27.3919499 ], [ 92.5163533, 27.3920622 ], [ 92.5161644, 27.3922164 ], [ 92.5159679, 27.3924937 ], [ 92.5158597, 27.3925803 ], [ 92.5157317, 27.3926547 ], [ 92.5156525, 27.3928319 ], [ 92.5156431, 27.3931458 ], [ 92.5156136, 27.3934244 ], [ 92.5155063, 27.3937173 ], [ 92.5154527, 27.3938626 ], [ 92.5153481, 27.3941269 ], [ 92.5152318, 27.3942954 ], [ 92.515155, 27.394396 ] ] } },
{ "type": "Feature", "properties": { "element": "way", "id": 1166115384, "highway": "tertiary", "ref": null, "ref:old": null, "source": null, "name": null, "name:en": null, "surface": null, "bridge": null, "bridge:structure": null, "layer": null, "name:zh": null, "sidewalk": null, "smoothness": null, "lanes": null, "route": null, "alt_name": null, "service": null, "oneway": null }, "geometry": { "type": "LineString", "coordinates": [ [ 92.515155, 27.394396 ], [ 92.5151362, 27.3945341 ], [ 92.5150135, 27.3948653 ], [ 92.5148057, 27.3952259 ], [ 92.5146451, 27.395381 ], [ 92.5143713, 27.3957919 ], [ 92.5140502, 27.3960141 ], [ 92.5138217, 27.3963762 ], [ 92.5138518, 27.3964165 ], [ 92.5139007, 27.3964192 ], [ 92.5140171, 27.3963411 ], [ 92.5144988, 27.3959973 ], [ 92.5147396, 27.3958002 ], [ 92.5150607, 27.3956325 ], [ 92.5153723, 27.395402 ], [ 92.5156415, 27.3952091 ], [ 92.5157973, 27.3949408 ], [ 92.515887, 27.3946222 ], [ 92.5159484, 27.3944167 ], [ 92.5161232, 27.3942071 ], [ 92.5162648, 27.3939388 ], [ 92.5163876, 27.3938591 ], [ 92.5166473, 27.3937627 ], [ 92.5168079, 27.3935195 ], [ 92.516866, 27.3933362 ], [ 92.5169165, 27.3933183 ], [ 92.5169577, 27.3933296 ], [ 92.5169749, 27.3933654 ], [ 92.5169495, 27.3934482 ], [ 92.5168504, 27.3936956 ], [ 92.5167229, 27.3938633 ], [ 92.5165576, 27.3940352 ], [ 92.5164301, 27.3942448 ], [ 92.5162695, 27.3945299 ], [ 92.5162506, 27.3948402 ], [ 92.5161609, 27.3951085 ], [ 92.516024, 27.3953852 ], [ 92.5158351, 27.3956116 ], [ 92.5156746, 27.3959009 ], [ 92.5154007, 27.3962405 ], [ 92.5149899, 27.3966178 ], [ 92.5147065, 27.3967981 ], [ 92.5145318, 27.396928 ], [ 92.5144515, 27.3971586 ], [ 92.514325, 27.3972974 ], [ 92.5141879, 27.3973718 ], [ 92.5141946, 27.3973997 ], [ 92.5142269, 27.3974282 ], [ 92.5143013, 27.3974367 ], [ 92.5143773, 27.3974206 ], [ 92.5146593, 27.3972508 ], [ 92.5150087, 27.3970077 ], [ 92.5154809, 27.3966974 ], [ 92.5157643, 27.3964249 ], [ 92.5160759, 27.3959973 ], [ 92.516279, 27.3956787 ], [ 92.5165623, 27.3953978 ], [ 92.5167512, 27.3951588 ], [ 92.5169873, 27.3948779 ], [ 92.5171715, 27.3947354 ], [ 92.517417, 27.3946641 ], [ 92.5175823, 27.3945341 ], [ 92.5178089, 27.3944167 ], [ 92.5181395, 27.394358 ], [ 92.5182292, 27.3944293 ], [ 92.5181631, 27.3945635 ], [ 92.518045, 27.3946557 ], [ 92.5178562, 27.394727 ], [ 92.5176909, 27.3947982 ], [ 92.5173037, 27.3949995 ], [ 92.5171809, 27.3951085 ], [ 92.5171053, 27.3952678 ], [ 92.5169117, 27.3954439 ], [ 92.5166945, 27.3957164 ], [ 92.5164206, 27.3961608 ], [ 92.5159626, 27.3968106 ], [ 92.5157926, 27.3970748 ], [ 92.515599, 27.3974018 ], [ 92.5152921, 27.3978504 ], [ 92.5151221, 27.3982067 ], [ 92.514919, 27.3983325 ], [ 92.5146215, 27.3984918 ], [ 92.5145696, 27.3985589 ], [ 92.5146113, 27.3985908 ], [ 92.5146971, 27.398584 ], [ 92.5150229, 27.3984792 ], [ 92.5153062, 27.3983576 ], [ 92.5154337, 27.3981438 ], [ 92.5156887, 27.3978587 ], [ 92.5159269, 27.397596 ], [ 92.5160098, 27.3975527 ], [ 92.5160703, 27.3975771 ], [ 92.5160665, 27.3976491 ], [ 92.5159437, 27.3978587 ], [ 92.5157643, 27.3982444 ], [ 92.5155896, 27.3986343 ], [ 92.5155234, 27.3988146 ], [ 92.5154809, 27.3989152 ], [ 92.5154792, 27.3989581 ], [ 92.5155077, 27.398969 ], [ 92.5155376, 27.3989681 ], [ 92.5156415, 27.3988314 ], [ 92.5157359, 27.3986888 ], [ 92.5159154, 27.3984666 ], [ 92.516024, 27.3982654 ], [ 92.5161798, 27.3981438 ], [ 92.516397, 27.3978587 ], [ 92.5165576, 27.3976533 ], [ 92.5167276, 27.3974353 ], [ 92.5169448, 27.3973095 ], [ 92.5170251, 27.3970999 ], [ 92.5171951, 27.3967477 ], [ 92.5174406, 27.3965172 ], [ 92.5176625, 27.3962908 ], [ 92.5180781, 27.3961273 ], [ 92.5182764, 27.3960015 ], [ 92.5185786, 27.3958422 ], [ 92.5188997, 27.3957206 ], [ 92.5192067, 27.3956451 ], [ 92.5195703, 27.3956493 ], [ 92.5198583, 27.3957164 ], [ 92.5201369, 27.3957667 ], [ 92.5204722, 27.3958296 ], [ 92.5206894, 27.3959428 ], [ 92.5210436, 27.3960266 ], [ 92.5213599, 27.3961105 ], [ 92.5216433, 27.3961692 ], [ 92.5217519, 27.3960895 ], [ 92.5217991, 27.3959218 ], [ 92.5217283, 27.3957793 ], [ 92.5215016, 27.3956661 ], [ 92.5211899, 27.3954942 ], [ 92.521053, 27.3953558 ], [ 92.5209874, 27.3952616 ], [ 92.5210011, 27.3952301 ], [ 92.5212749, 27.3952175 ], [ 92.5214827, 27.3952468 ], [ 92.521681, 27.3952133 ], [ 92.5220635, 27.3953307 ], [ 92.5222382, 27.3953223 ], [ 92.522308, 27.3952403 ], [ 92.5223421, 27.3951336 ], [ 92.5222146, 27.394794 ], [ 92.5221863, 27.3943958 ], [ 92.5222619, 27.3941526 ], [ 92.5223563, 27.3938549 ], [ 92.5225216, 27.3934482 ], [ 92.522668, 27.3929871 ], [ 92.5227577, 27.3929661 ], [ 92.5229418, 27.3929829 ], [ 92.5230221, 27.3929367 ], [ 92.5231307, 27.3928026 ], [ 92.5232582, 27.3927565 ], [ 92.5235179, 27.3927481 ], [ 92.5236596, 27.3926642 ], [ 92.5238532, 27.3926097 ], [ 92.5241648, 27.3925468 ], [ 92.524519, 27.3925384 ], [ 92.5248071, 27.3926139 ], [ 92.5250195, 27.3925468 ], [ 92.5252793, 27.392681 ], [ 92.5256004, 27.3926349 ], [ 92.5257184, 27.3927103 ], [ 92.5258554, 27.3927229 ], [ 92.5260206, 27.3927984 ], [ 92.5262284, 27.3929074 ], [ 92.5264551, 27.3929451 ], [ 92.5266251, 27.393138 ], [ 92.5268281, 27.393226 ], [ 92.5268659, 27.3933937 ], [ 92.5270123, 27.3935572 ], [ 92.5271681, 27.3936201 ], [ 92.5272861, 27.3936495 ], [ 92.5275978, 27.3938675 ], [ 92.5277536, 27.3938968 ], [ 92.5279614, 27.3938465 ], [ 92.5280314, 27.3938551 ], [ 92.5280983, 27.3938926 ], [ 92.5280814, 27.394083 ], [ 92.5282202, 27.3941968 ], [ 92.5284408, 27.394418 ], [ 92.5285013, 27.3946866 ], [ 92.5284835, 27.3947813 ], [ 92.5284116, 27.3948026 ], [ 92.5283412, 27.3947971 ], [ 92.5282059, 27.3946802 ], [ 92.5280493, 27.3945475 ], [ 92.5278465, 27.3944148 ], [ 92.5278073, 27.3943074 ], [ 92.5277692, 27.3943045 ], [ 92.5277312, 27.3943205 ], [ 92.5277077, 27.3943453 ], [ 92.5277337, 27.3944119 ], [ 92.5278109, 27.3945001 ], [ 92.5280244, 27.3946676 ], [ 92.5282486, 27.3949141 ], [ 92.5283583, 27.3949722 ], [ 92.5285191, 27.3949899 ], [ 92.5288714, 27.3948445 ], [ 92.529174, 27.3947087 ], [ 92.5294997, 27.3946803 ], [ 92.5298573, 27.3944053 ], [ 92.5303199, 27.3943611 ], [ 92.5306011, 27.3941841 ], [ 92.5308964, 27.3938302 ], [ 92.5311207, 27.3937197 ], [ 92.5314481, 27.3935364 ], [ 92.531868, 27.3933721 ], [ 92.5324196, 27.3931983 ], [ 92.5329499, 27.3930055 ], [ 92.5334624, 27.3928855 ], [ 92.5338539, 27.3928001 ], [ 92.5342489, 27.3926864 ], [ 92.5347294, 27.3925442 ], [ 92.5350319, 27.3924747 ], [ 92.5354198, 27.3923641 ] ] } },
{ "type": "Feature", "properties": { "element": "way", "id": 1166115385, "highway": "tertiary", "ref": null, "ref:old": null, "source": null, "name": null, "name:en": null, "surface": null, "bridge": null, "bridge:structure": null, "layer": null, "name:zh": null, "sidewalk": null, "smoothness": null, "lanes": null, "route": null, "alt_name": null, "service": null, "oneway": null }, "geometry": { "type": "LineString", "coordinates": [ [ 92.515155, 27.394396 ], [ 92.5150008, 27.3945737 ], [ 92.5148157, 27.3948455 ], [ 92.5147089, 27.3949782 ], [ 92.5145168, 27.3950919 ], [ 92.5143851, 27.395351 ], [ 92.5142463, 27.3954427 ], [ 92.5139829, 27.395528 ], [ 92.5137979, 27.3956797 ], [ 92.5136448, 27.3959324 ], [ 92.5134847, 27.3960209 ], [ 92.5132284, 27.3960525 ], [ 92.5129402, 27.3960462 ], [ 92.5125914, 27.3959356 ], [ 92.5122782, 27.3958408 ], [ 92.5119508, 27.3957713 ], [ 92.5115202, 27.3959198 ], [ 92.5112141, 27.3959798 ], [ 92.510997, 27.3961315 ], [ 92.5108369, 27.3963369 ], [ 92.5107799, 27.3964696 ], [ 92.5106803, 27.3965486 ], [ 92.5104312, 27.396596 ], [ 92.5104027, 27.3966718 ], [ 92.5104846, 27.3967192 ], [ 92.5106767, 27.3967919 ], [ 92.510812, 27.3969246 ], [ 92.5109116, 27.3970225 ], [ 92.5110077, 27.3972722 ], [ 92.5109828, 27.3974207 ], [ 92.5109009, 27.3975407 ], [ 92.5108582, 27.3977145 ], [ 92.5107799, 27.3978567 ], [ 92.5106767, 27.3981316 ], [ 92.51057, 27.3986308 ], [ 92.5104917, 27.3988362 ], [ 92.5104703, 27.3990669 ], [ 92.5105273, 27.3993607 ], [ 92.5104169, 27.3995819 ], [ 92.5101287, 27.3999674 ], [ 92.5099828, 27.4002675 ], [ 92.5098582, 27.400514 ], [ 92.5097828, 27.4005646 ], [ 92.5094817, 27.400767 ], [ 92.5093208, 27.4009099 ], [ 92.5091786, 27.4010408 ], [ 92.5090043, 27.401098 ] ] } },
{ "type": "Feature", "properties": { "element": "way", "id": 1166115386, "highway": "path", "ref": null, "ref:old": null, "source": null, "name": null, "name:en": null, "surface": null, "bridge": null, "bridge:structure": null, "layer": null, "name:zh": null, "sidewalk": null, "smoothness": null, "lanes": null, "route": null, "alt_name": null, "service": null, "oneway": null }, "geometry": { "type": "LineString", "coordinates": [ [ 92.5090043, 27.401098 ], [ 92.5089318, 27.4011099 ], [ 92.5089962, 27.4009885 ] ] } },
{ "type": "Feature", "properties": { "element": "way", "id": 1166115387, "highway": "path", "ref": null, "ref:old": null, "source": null, "name": null, "name:en": null, "surface": null, "bridge": null, "bridge:structure": null, "layer": null, "name:zh": null, "sidewalk": null, "smoothness": null, "lanes": null, "route": null, "alt_name": null, "service": null, "oneway": null }, "geometry": { "type": "LineString", "coordinates": [ [ 92.5089318, 27.4011099 ], [ 92.5088594, 27.4011504 ], [ 92.508728, 27.4011456 ], [ 92.5084919, 27.4010932 ], [ 92.5081701, 27.4010313 ], [ 92.5079501, 27.4010432 ], [ 92.5078965, 27.4010932 ] ] } },
{ "type": "Feature", "properties": { "element": "way", "id": 1166115388, "highway": "unclassified", "ref": null, "ref:old": null, "source": null, "name": null, "name:en": null, "surface": null, "bridge": null, "bridge:structure": null, "layer": null, "name:zh": null, "sidewalk": null, "smoothness": null, "lanes": null, "route": null, "alt_name": null, "service": null, "oneway": null }, "geometry": { "type": "LineString", "coordinates": [ [ 92.5097828, 27.4005646 ], [ 92.5096104, 27.4007551 ], [ 92.5093905, 27.4010242 ], [ 92.5091866, 27.4012575 ], [ 92.5090472, 27.4012861 ], [ 92.5088996, 27.4013552 ], [ 92.5086851, 27.4013266 ], [ 92.5085268, 27.401248 ], [ 92.5081996, 27.4011575 ], [ 92.507918, 27.4011218 ], [ 92.5078965, 27.4010932 ], [ 92.5077785, 27.4011218 ], [ 92.5073091, 27.4012456 ], [ 92.5071428, 27.4013909 ], [ 92.507006, 27.4014147 ], [ 92.5069041, 27.4013885 ], [ 92.5067485, 27.4014361 ], [ 92.5063971, 27.4015409 ], [ 92.5060887, 27.4016886 ], [ 92.5058339, 27.4017981 ], [ 92.5055683, 27.4020196 ], [ 92.5055096, 27.4020639 ], [ 92.5053886, 27.4021553 ], [ 92.5051687, 27.4021886 ], [ 92.5049756, 27.4022029 ], [ 92.5048951, 27.4023053 ], [ 92.5049514, 27.4023767 ], [ 92.5051446, 27.4023767 ], [ 92.505394, 27.4023339 ], [ 92.5056461, 27.402222 ], [ 92.5060726, 27.4020529 ], [ 92.5062899, 27.4020291 ], [ 92.506491, 27.4021124 ], [ 92.506719, 27.4022601 ], [ 92.5068504, 27.4023815 ], [ 92.5070757, 27.4025696 ], [ 92.5072018, 27.4026244 ], [ 92.5074164, 27.4026244 ], [ 92.5079448, 27.4025553 ], [ 92.5081003, 27.4024625 ], [ 92.5082199, 27.4024246 ], [ 92.5083257, 27.402391 ], [ 92.5084555, 27.4023653 ], [ 92.5085536, 27.4023458 ], [ 92.5087468, 27.4023291 ], [ 92.5090284, 27.4022482 ], [ 92.5092966, 27.4022696 ], [ 92.5097472, 27.4022934 ], [ 92.5098733, 27.4021553 ], [ 92.5100369, 27.4019195 ], [ 92.5102032, 27.401729 ], [ 92.5103641, 27.4017386 ], [ 92.5104205, 27.4018124 ], [ 92.5104205, 27.4018838 ], [ 92.510348, 27.4019981 ], [ 92.510163, 27.4021862 ], [ 92.5100262, 27.4024125 ], [ 92.5099672, 27.402553 ] ] } },
{ "type": "Feature", "properties": { "element": "way", "id": 1166120248, "highway": "path", "ref": null, "ref:old": null, "source": null, "name": null, "name:en": null, "surface": null, "bridge": null, "bridge:structure": null, "layer": null, "name:zh": null, "sidewalk": null, "smoothness": null, "lanes": null, "route": null, "alt_name": null, "service": null, "oneway": null }, "geometry": { "type": "LineString", "coordinates": [ [ 92.5071428, 27.4013909 ], [ 92.5070646, 27.4009537 ], [ 92.5069924, 27.4009351 ], [ 92.50689, 27.4009785 ], [ 92.5065477, 27.4010282 ], [ 92.5066175, 27.4008917 ], [ 92.5065663, 27.4008566 ], [ 92.5064988, 27.4008524 ], [ 92.5065221, 27.4007077 ], [ 92.5063311, 27.4007139 ], [ 92.5060936, 27.4007057 ], [ 92.5058398, 27.4007449 ], [ 92.5053927, 27.4008152 ], [ 92.5054137, 27.4007346 ], [ 92.5053508, 27.4006871 ], [ 92.5050691, 27.4006312 ], [ 92.504799, 27.4005568 ], [ 92.5043938, 27.4005093 ], [ 92.5041446, 27.400563 ], [ 92.5039723, 27.400594 ], [ 92.5038303, 27.4006933 ], [ 92.5036626, 27.4007305 ], [ 92.5033646, 27.4005775 ], [ 92.5032668, 27.4004431 ], [ 92.5032109, 27.4004493 ], [ 92.503162, 27.4006209 ], [ 92.5031061, 27.4008214 ], [ 92.5031317, 27.4008876 ], [ 92.5031154, 27.4009537 ], [ 92.5030619, 27.4010178 ], [ 92.5030269, 27.4011481 ], [ 92.5029059, 27.4012432 ], [ 92.5028956, 27.4012525 ], [ 92.5028127, 27.4013279 ], [ 92.5026497, 27.4014768 ], [ 92.5024844, 27.401576 ], [ 92.5023354, 27.4016256 ], [ 92.5022627, 27.4016306 ], [ 92.5022446, 27.4016318 ], [ 92.5021607, 27.4016297 ] ] } },
{ "type": "Feature", "properties": { "element": "way", "id": 1166120249, "highway": "path", "ref": null, "ref:old": null, "source": null, "name": null, "name:en": null, "surface": null, "bridge": null, "bridge:structure": null, "layer": null, "name:zh": null, "sidewalk": null, "smoothness": null, "lanes": null, "route": null, "alt_name": null, "service": null, "oneway": null }, "geometry": { "type": "LineString", "coordinates": [ [ 92.5028956, 27.4012525 ], [ 92.5029178, 27.4010879 ], [ 92.5027855, 27.4011713 ], [ 92.5025593, 27.4013251 ], [ 92.5025117, 27.4013404 ], [ 92.5025355, 27.4012758 ], [ 92.5024601, 27.4012946 ], [ 92.5023332, 27.4011044 ], [ 92.5022961, 27.4011631 ], [ 92.502267, 27.4013087 ], [ 92.5022525, 27.401385 ], [ 92.5022723, 27.4014472 ], [ 92.5022627, 27.4016306 ] ] } },
{ "type": "Feature", "properties": { "element": "way", "id": 1166120250, "highway": "path", "ref": null, "ref:old": null, "source": null, "name": null, "name:en": null, "surface": null, "bridge": null, "bridge:structure": null, "layer": null, "name:zh": null, "sidewalk": null, "smoothness": null, "lanes": null, "route": null, "alt_name": null, "service": null, "oneway": null }, "geometry": { "type": "LineString", "coordinates": [ [ 92.5023332, 27.4011044 ], [ 92.5023504, 27.400953 ], [ 92.5023662, 27.4008143 ], [ 92.5023649, 27.400556 ], [ 92.5023583, 27.400347 ], [ 92.5023107, 27.4002342 ], [ 92.5022366, 27.4001062 ], [ 92.5021969, 27.3999442 ], [ 92.5021586, 27.3998009 ], [ 92.5021454, 27.3996671 ], [ 92.5020581, 27.3995626 ], [ 92.5020012, 27.3994275 ], [ 92.501902, 27.3993383 ], [ 92.5018345, 27.3992385 ], [ 92.5017868, 27.3991974 ], [ 92.5017525, 27.399168 ], [ 92.501701, 27.3990541 ], [ 92.5016441, 27.3989695 ], [ 92.501566, 27.3989331 ], [ 92.5014761, 27.3989578 ], [ 92.5013796, 27.3990494 ], [ 92.5014139, 27.399141 ], [ 92.5016414, 27.3993113 ], [ 92.5017868, 27.3991974 ] ] } },
{ "type": "Feature", "properties": { "element": "way", "id": 1166120252, "highway": "path", "ref": null, "ref:old": null, "source": null, "name": null, "name:en": null, "surface": null, "bridge": null, "bridge:structure": null, "layer": null, "name:zh": null, "sidewalk": null, "smoothness": null, "lanes": null, "route": null, "alt_name": null, "service": null, "oneway": null }, "geometry": { "type": "LineString", "coordinates": [ [ 92.5082199, 27.4024246 ], [ 92.5082902, 27.4023344 ], [ 92.508182, 27.4023783 ], [ 92.5080492, 27.4023563 ], [ 92.5079225, 27.4023673 ], [ 92.5077433, 27.4023454 ], [ 92.5076321, 27.4023234 ], [ 92.5075487, 27.4022247 ], [ 92.5074251, 27.4021232 ], [ 92.5073448, 27.4019997 ], [ 92.5071872, 27.4018324 ], [ 92.5071409, 27.4016157 ], [ 92.5070914, 27.4014594 ], [ 92.5071428, 27.4013909 ] ] } },
{ "type": "Feature", "properties": { "element": "way", "id": 1166120253, "highway": "path", "ref": null, "ref:old": null, "source": null, "name": null, "name:en": null, "surface": null, "bridge": null, "bridge:structure": null, "layer": null, "name:zh": null, "sidewalk": null, "smoothness": null, "lanes": null, "route": null, "alt_name": null, "service": null, "oneway": null }, "geometry": { "type": "LineString", "coordinates": [ [ 92.5084555, 27.4023653 ], [ 92.5083988, 27.402459 ], [ 92.5083853, 27.4026662 ], [ 92.5083693, 27.4027471 ], [ 92.5082915, 27.4028662 ], [ 92.5084497, 27.4029019 ], [ 92.5084095, 27.4029924 ], [ 92.5085436, 27.4029448 ], [ 92.5085914, 27.402926 ], [ 92.5088038, 27.4028424 ], [ 92.5089567, 27.4028757 ], [ 92.5091444, 27.4029877 ], [ 92.5093456, 27.4030781 ], [ 92.5095253, 27.4032353 ], [ 92.5095897, 27.4033472 ], [ 92.5095789, 27.4036187 ], [ 92.5095682, 27.4038687 ], [ 92.5095789, 27.404064 ], [ 92.5095467, 27.4042187 ], [ 92.5095414, 27.4043188 ], [ 92.509595, 27.4044473 ], [ 92.5097157, 27.4044878 ], [ 92.5097747, 27.4045497 ], [ 92.5098713, 27.4046093 ], [ 92.5100027, 27.4048617 ], [ 92.5102844, 27.4049188 ], [ 92.5104614, 27.4050379 ], [ 92.5106384, 27.4051022 ], [ 92.5107296, 27.4050617 ], [ 92.5108047, 27.4051188 ], [ 92.5108369, 27.4051165 ], [ 92.5108476, 27.4051593 ], [ 92.5108152, 27.4052397 ], [ 92.5107485, 27.4053504 ], [ 92.5106836, 27.4054251 ], [ 92.5108205, 27.4054127 ], [ 92.5109468, 27.4054158 ], [ 92.510996, 27.4054267 ], [ 92.5111311, 27.4054906 ], [ 92.511196, 27.4054999 ], [ 92.5112574, 27.4054516 ], [ 92.5113118, 27.405436 ], [ 92.5113698, 27.4053426 ], [ 92.5114364, 27.4052912 ], [ 92.5114698, 27.4052133 ], [ 92.5115382, 27.4051681 ], [ 92.5115716, 27.4051338 ], [ 92.511561, 27.4050715 ], [ 92.5116418, 27.4049219 ], [ 92.5116541, 27.4048393 ], [ 92.5116979, 27.4047396 ], [ 92.511826, 27.4046742 ] ] } },
{ "type": "Feature", "properties": { "element": "way", "id": 1166120254, "highway": "tertiary", "ref": null, "ref:old": null, "source": null, "name": null, "name:en": null, "surface": null, "bridge": null, "bridge:structure": null, "layer": null, "name:zh": null, "sidewalk": null, "smoothness": null, "lanes": null, "route": null, "alt_name": null, "service": null, "oneway": null }, "geometry": { "type": "LineString", "coordinates": [ [ 92.5107438, 27.4051137 ], [ 92.5107188, 27.4051485 ], [ 92.5104191, 27.4052198 ], [ 92.5101843, 27.40525 ], [ 92.5099309, 27.4052417 ], [ 92.5097672, 27.40525 ], [ 92.5095602, 27.4052198 ], [ 92.5093223, 27.4052417 ], [ 92.5092018, 27.4051951 ], [ 92.5089978, 27.405132 ], [ 92.5088897, 27.4051375 ], [ 92.5086796, 27.4050799 ], [ 92.5084263, 27.4050196 ], [ 92.5079474, 27.4049455 ], [ 92.5076848, 27.4049812 ], [ 92.5073789, 27.4049866 ], [ 92.5070916, 27.4050497 ], [ 92.5069031, 27.4050936 ], [ 92.5068907, 27.4051649 ], [ 92.5069618, 27.4052006 ], [ 92.5075705, 27.4051978 ], [ 92.5079381, 27.4052225 ], [ 92.5081544, 27.40525 ], [ 92.5084912, 27.4053624 ], [ 92.5087198, 27.4054749 ], [ 92.5089206, 27.4055407 ], [ 92.5091863, 27.4056504 ], [ 92.5093871, 27.405708 ], [ 92.5097332, 27.4057958 ], [ 92.5100761, 27.4057711 ], [ 92.5103727, 27.4057848 ], [ 92.5106786, 27.4057985 ], [ 92.5109721, 27.4058013 ], [ 92.5112996, 27.4057135 ], [ 92.5115437, 27.4055544 ], [ 92.5116982, 27.4053268 ], [ 92.5116951, 27.4050442 ], [ 92.511763, 27.4048358 ], [ 92.511826, 27.4046742 ], [ 92.5118774, 27.4044134 ], [ 92.5120782, 27.4040157 ], [ 92.5122141, 27.4036893 ], [ 92.512381, 27.4034451 ], [ 92.5125602, 27.4032284 ], [ 92.5127239, 27.4029843 ], [ 92.5128877, 27.4027786 ], [ 92.5130267, 27.402625 ] ] } },
{ "type": "Feature", "properties": { "element": "way", "id": 1166120256, "highway": "tertiary", "ref": null, "ref:old": null, "source": null, "name": null, "name:en": null, "surface": null, "bridge": null, "bridge:structure": null, "layer": null, "name:zh": null, "sidewalk": null, "smoothness": null, "lanes": null, "route": null, "alt_name": null, "service": null, "oneway": null }, "geometry": { "type": "LineString", "coordinates": [ [ 92.5070155, 27.4034516 ], [ 92.5065211, 27.4033572 ], [ 92.5062183, 27.403275 ], [ 92.5058753, 27.403371 ], [ 92.5056652, 27.4034231 ], [ 92.5054088, 27.4034148 ], [ 92.5052018, 27.4033326 ], [ 92.5049515, 27.4033106 ], [ 92.5049021, 27.4034752 ], [ 92.5048588, 27.4037056 ], [ 92.5048125, 27.403947 ], [ 92.5047445, 27.4040347 ], [ 92.5045962, 27.4041472 ], [ 92.5044603, 27.4044352 ], [ 92.5042564, 27.4047561 ], [ 92.5040957, 27.4049865 ], [ 92.5039598, 27.4053266 ], [ 92.5038764, 27.4053897 ], [ 92.5035056, 27.4053788 ], [ 92.5032244, 27.4054638 ], [ 92.5027919, 27.4054994 ], [ 92.5024675, 27.4055269 ], [ 92.5022821, 27.4054693 ], [ 92.5020875, 27.4053952 ], [ 92.5018897, 27.4053788 ], [ 92.5016549, 27.4054391 ], [ 92.5014387, 27.4056146 ], [ 92.5012656, 27.405749 ], [ 92.5010988, 27.4059246 ], [ 92.5009629, 27.4061303 ], [ 92.5008022, 27.4063141 ], [ 92.5005983, 27.4063936 ], [ 92.5004253, 27.406539 ], [ 92.5002183, 27.40655 ], [ 92.5000174, 27.4066377 ], [ 92.4998351, 27.4067337 ], [ 92.4997147, 27.4069778 ], [ 92.4995849, 27.4073728 ], [ 92.4994768, 27.4075127 ], [ 92.4996343, 27.4077102 ], [ 92.4997857, 27.4077897 ], [ 92.5000514, 27.407776 ], [ 92.5003635, 27.4076937 ], [ 92.500589, 27.4075813 ], [ 92.500796, 27.4074441 ], [ 92.5010926, 27.4072384 ], [ 92.5013769, 27.4071122 ], [ 92.5015468, 27.4070053 ], [ 92.5016209, 27.406816 ], [ 92.5016549, 27.406635 ], [ 92.5017569, 27.4065856 ], [ 92.5019423, 27.4065335 ], [ 92.5022358, 27.4065966 ], [ 92.5026343, 27.4066652 ], [ 92.5027239, 27.4068297 ], [ 92.5028877, 27.4069778 ], [ 92.5031935, 27.4071314 ], [ 92.5035983, 27.4073344 ], [ 92.5038547, 27.4075429 ], [ 92.5040401, 27.4075867 ], [ 92.5044541, 27.4075593 ], [ 92.5046766, 27.4075237 ], [ 92.5048619, 27.4075456 ], [ 92.5050813, 27.407595 ], [ 92.5052976, 27.4075456 ], [ 92.5054799, 27.4074907 ], [ 92.5056961, 27.4073755 ], [ 92.5058012, 27.4073317 ], [ 92.5059031, 27.4072055 ], [ 92.5059187, 27.4071147 ], [ 92.5060188, 27.406909 ], [ 92.5060907, 27.4067174 ], [ 92.506203, 27.4066644 ], [ 92.5064241, 27.4066676 ], [ 92.5066277, 27.4066707 ], [ 92.5068436, 27.406761 ], [ 92.5070752, 27.4068903 ], [ 92.5073227, 27.4069838 ], [ 92.5075771, 27.4069901 ], [ 92.5077351, 27.4070321 ], [ 92.5078105, 27.4071692 ], [ 92.5078284, 27.4072834 ], [ 92.5077888, 27.4074487 ], [ 92.5077679, 27.40761 ], [ 92.5077632, 27.4080213 ], [ 92.5077562, 27.4082839 ], [ 92.5077679, 27.4085092 ], [ 92.5078983, 27.4087965 ], [ 92.5079914, 27.4088709 ], [ 92.5081474, 27.4089288 ], [ 92.508187, 27.409057 ], [ 92.5081777, 27.409212 ], [ 92.5081591, 27.409396 ], [ 92.5082359, 27.4095366 ], [ 92.508378, 27.4094787 ], [ 92.508513, 27.4093836 ], [ 92.5087552, 27.4092616 ], [ 92.5088413, 27.4090777 ], [ 92.5089485, 27.40878 ], [ 92.5090602, 27.4085939 ], [ 92.5091347, 27.4084492 ], [ 92.5094095, 27.4084079 ], [ 92.5095399, 27.4083955 ], [ 92.5096889, 27.40835 ], [ 92.5097821, 27.4083294 ], [ 92.5103456, 27.4081288 ], [ 92.5104993, 27.4081433 ], [ 92.5107461, 27.408195 ], [ 92.5108951, 27.4082074 ], [ 92.5111047, 27.408288 ], [ 92.5112816, 27.4083149 ], [ 92.5114912, 27.40841 ], [ 92.5116845, 27.4084244 ], [ 92.511936, 27.4084038 ], [ 92.5121711, 27.4083583 ], [ 92.5123109, 27.4084472 ], [ 92.5124352, 27.4086868 ], [ 92.5124702, 27.4089121 ], [ 92.5125237, 27.4091147 ], [ 92.5126262, 27.409278 ], [ 92.5127845, 27.4094888 ], [ 92.5130406, 27.4097534 ], [ 92.5132013, 27.4099146 ], [ 92.5133154, 27.4101586 ], [ 92.5134807, 27.4103363 ], [ 92.5137951, 27.410481 ], [ 92.5140279, 27.4106299 ], [ 92.5141467, 27.4109565 ], [ 92.5141374, 27.4112045 ], [ 92.5141793, 27.411343 ], [ 92.514305, 27.4115022 ], [ 92.5144843, 27.4115456 ], [ 92.5146613, 27.4114836 ], [ 92.5147614, 27.4114505 ], [ 92.5149081, 27.411527 ], [ 92.5151177, 27.4116345 ], [ 92.5153529, 27.411682 ], [ 92.5155671, 27.4117936 ], [ 92.5158256, 27.4118433 ], [ 92.5160468, 27.4118081 ], [ 92.5163192, 27.4119425 ], [ 92.5166103, 27.4121699 ], [ 92.5167174, 27.4123083 ], [ 92.516757, 27.4125047 ], [ 92.5167803, 27.41273 ], [ 92.517055, 27.413131 ], [ 92.517388, 27.4133522 ], [ 92.5176744, 27.4135217 ], [ 92.5178095, 27.4137326 ], [ 92.5181448, 27.4141894 ], [ 92.5183078, 27.4142638 ], [ 92.5184987, 27.4142328 ], [ 92.5186641, 27.4142886 ], [ 92.5188433, 27.4143651 ], [ 92.5188736, 27.4144271 ], [ 92.5188876, 27.4146937 ], [ 92.5188503, 27.4148322 ], [ 92.5188527, 27.4150307 ], [ 92.5187898, 27.4152663 ], [ 92.518685, 27.4154482 ], [ 92.5184848, 27.4155888 ], [ 92.5183637, 27.4156239 ], [ 92.5181588, 27.4157727 ], [ 92.5180097, 27.4158657 ], [ 92.5178258, 27.4158244 ], [ 92.5176558, 27.4158967 ], [ 92.5173787, 27.416027 ], [ 92.5171738, 27.4161758 ], [ 92.5171528, 27.4163039 ], [ 92.5175603, 27.4165644 ], [ 92.5177722, 27.4166781 ], [ 92.5179445, 27.41686 ], [ 92.5181797, 27.416984 ], [ 92.5184009, 27.416984 ], [ 92.5186338, 27.4171018 ], [ 92.5187805, 27.4173333 ], [ 92.5188922, 27.4174739 ], [ 92.5190529, 27.4176392 ], [ 92.5191763, 27.4178128 ], [ 92.519337, 27.4180423 ], [ 92.5193603, 27.4183151 ], [ 92.5194301, 27.4185631 ], [ 92.5193766, 27.4187926 ], [ 92.5192811, 27.419051 ], [ 92.5191367, 27.419268 ], [ 92.5190878, 27.4194023 ], [ 92.5191321, 27.4195677 ], [ 92.5191181, 27.4197227 ], [ 92.5191344, 27.4198674 ], [ 92.519323, 27.4200472 ], [ 92.5194977, 27.4201733 ], [ 92.5197771, 27.4202932 ], [ 92.51984, 27.4204048 ], [ 92.5199564, 27.4208078 ], [ 92.5199564, 27.4211696 ], [ 92.5201683, 27.4213142 ], [ 92.5203336, 27.4214197 ], [ 92.5207015, 27.4216015 ], [ 92.5209251, 27.4216945 ], [ 92.5210834, 27.4219074 ], [ 92.5211137, 27.4221782 ], [ 92.521123, 27.4223911 ], [ 92.5210229, 27.4229678 ], [ 92.5209367, 27.4232034 ], [ 92.5208016, 27.423501 ], [ 92.5207155, 27.4238131 ], [ 92.5207015, 27.4241149 ], [ 92.5207201, 27.4243526 ], [ 92.520492, 27.4246192 ], [ 92.5202777, 27.4247453 ], [ 92.520308, 27.4248548 ], [ 92.520301, 27.4250139 ], [ 92.5200891, 27.4252 ], [ 92.5200495, 27.425388 ], [ 92.5200658, 27.4255803 ], [ 92.5199145, 27.4258841 ], [ 92.5197957, 27.4261714 ], [ 92.519833, 27.4263946 ], [ 92.5198889, 27.4265186 ], [ 92.519819, 27.4266963 ], [ 92.5199564, 27.4269113 ], [ 92.5201264, 27.4270374 ], [ 92.5201427, 27.4272585 ], [ 92.5200821, 27.4274673 ], [ 92.5199424, 27.4276677 ], [ 92.5196746, 27.4279116 ], [ 92.5195536, 27.4280708 ], [ 92.5195652, 27.4282299 ], [ 92.5196723, 27.4283539 ], [ 92.519819, 27.4285192 ], [ 92.5199587, 27.4285957 ], [ 92.5199657, 27.4288024 ], [ 92.5198935, 27.4289553 ], [ 92.5198679, 27.4290463 ], [ 92.5199564, 27.4292178 ], [ 92.5200449, 27.429377 ], [ 92.5201636, 27.4295547 ], [ 92.5201636, 27.4296622 ], [ 92.5200775, 27.4297924 ], [ 92.5200635, 27.4299164 ], [ 92.5201357, 27.429999 ], [ 92.5203429, 27.4301003 ], [ 92.5204105, 27.4302264 ], [ 92.5204337, 27.4303401 ], [ 92.5205245, 27.4304682 ], [ 92.5205408, 27.4306211 ], [ 92.5207504, 27.4306852 ], [ 92.5208785, 27.4308154 ], [ 92.5209577, 27.4309332 ], [ 92.5209483, 27.431111 ], [ 92.5209693, 27.4312722 ], [ 92.5211905, 27.4313941 ], [ 92.5213465, 27.4315202 ], [ 92.5213582, 27.4316607 ], [ 92.5212441, 27.4318343 ], [ 92.5210997, 27.43195 ], [ 92.5208668, 27.4320968 ], [ 92.5207015, 27.4322146 ], [ 92.5205688, 27.4322373 ], [ 92.5204663, 27.432353 ], [ 92.5204174, 27.4326383 ], [ 92.5206154, 27.4328532 ], [ 92.5206317, 27.4330309 ], [ 92.520471, 27.4333926 ], [ 92.5203499, 27.4335021 ], [ 92.5202707, 27.4335848 ], [ 92.5202707, 27.4338452 ], [ 92.5200565, 27.4340374 ], [ 92.5199843, 27.4341469 ], [ 92.519989, 27.4343577 ], [ 92.5199471, 27.4345437 ], [ 92.5198972, 27.4346744 ], [ 92.5197794, 27.4347626 ], [ 92.519606, 27.4348029 ], [ 92.5194595, 27.4348612 ], [ 92.5192727, 27.435033 ], [ 92.5190942, 27.4352496 ], [ 92.5190757, 27.4353632 ], [ 92.5191447, 27.4354827 ], [ 92.5191313, 27.4356067 ], [ 92.5190538, 27.4357248 ], [ 92.518936, 27.4357815 ], [ 92.5188552, 27.4358981 ], [ 92.5188266, 27.4362567 ], [ 92.5188249, 27.4365809 ], [ 92.5186986, 27.4368752 ], [ 92.5186161, 27.4370067 ], [ 92.5184074, 27.4371352 ], [ 92.5182693, 27.4371845 ], [ 92.5181077, 27.4371785 ], [ 92.5180118, 27.4372129 ], [ 92.5179192, 27.4373877 ], [ 92.5178081, 27.4374788 ], [ 92.5176751, 27.4376581 ], [ 92.5175741, 27.4378031 ], [ 92.5174865, 27.4379106 ], [ 92.5173535, 27.4381108 ], [ 92.5172458, 27.4383484 ], [ 92.5169849, 27.4387413 ], [ 92.5168266, 27.4389729 ], [ 92.5167391, 27.4390895 ], [ 92.5165404, 27.4393703 ], [ 92.516261, 27.4395496 ], [ 92.5161297, 27.4397155 ], [ 92.5158923, 27.4398275 ], [ 92.5157071, 27.4398933 ], [ 92.5156162, 27.4400158 ], [ 92.5155455, 27.4403191 ], [ 92.5154479, 27.4404072 ], [ 92.5152879, 27.4405058 ], [ 92.5151549, 27.4407508 ], [ 92.5150236, 27.4409406 ], [ 92.5148688, 27.4410616 ], [ 92.5147189, 27.4411527 ], [ 92.514559, 27.4413619 ], [ 92.5143233, 27.4414919 ], [ 92.5139681, 27.4416443 ], [ 92.5135994, 27.4419834 ], [ 92.5134951, 27.4421851 ], [ 92.5133856, 27.4422777 ], [ 92.5131803, 27.4423868 ], [ 92.5129934, 27.4426259 ], [ 92.5128116, 27.4428156 ], [ 92.5126197, 27.4429456 ], [ 92.5123823, 27.4431667 ], [ 92.512214, 27.4434281 ], [ 92.5120473, 27.4435999 ], [ 92.5119792, 27.4435933 ], [ 92.5120571, 27.4431888 ] ] } },
{ "type": "Feature", "properties": { "element": "way", "id": 1166120257, "highway": "unclassified", "ref": null, "ref:old": null, "source": null, "name": null, "name:en": null, "surface": null, "bridge": null, "bridge:structure": null, "layer": null, "name:zh": null, "sidewalk": null, "smoothness": null, "lanes": null, "route": null, "alt_name": null, "service": null, "oneway": null }, "geometry": { "type": "LineString", "coordinates": [ [ 92.5118377, 27.4450835 ], [ 92.5118765, 27.4449097 ], [ 92.5119056, 27.4447325 ], [ 92.5119327, 27.444581 ], [ 92.511987, 27.4444072 ], [ 92.5120278, 27.444242 ], [ 92.5120394, 27.4441181 ], [ 92.5119812, 27.4439752 ], [ 92.5119677, 27.4438152 ], [ 92.5119792, 27.4435933 ] ] } },
{ "type": "Feature", "properties": { "element": "way", "id": 1166120258, "highway": "tertiary", "ref": null, "ref:old": null, "source": null, "name": null, "name:en": null, "surface": null, "bridge": null, "bridge:structure": null, "layer": null, "name:zh": null, "sidewalk": null, "smoothness": null, "lanes": null, "route": null, "alt_name": null, "service": null, "oneway": null }, "geometry": { "type": "LineString", "coordinates": [ [ 92.5120571, 27.4431888 ], [ 92.5120942, 27.4429139 ], [ 92.5121351, 27.4425837 ], [ 92.5121454, 27.4423383 ], [ 92.5122785, 27.4420807 ], [ 92.5122752, 27.4420085 ], [ 92.5122683, 27.4418596 ], [ 92.5120361, 27.441496 ], [ 92.512002, 27.4413809 ], [ 92.5117596, 27.4412445 ], [ 92.5116265, 27.4410718 ], [ 92.5114967, 27.4408658 ], [ 92.5113602, 27.4407234 ], [ 92.5112373, 27.4403568 ], [ 92.5111314, 27.4401568 ], [ 92.511012, 27.4400205 ], [ 92.5108174, 27.4398963 ], [ 92.5105135, 27.4397933 ], [ 92.5102404, 27.4396933 ], [ 92.5100697, 27.4396296 ], [ 92.5099844, 27.4394569 ], [ 92.5099297, 27.4393055 ], [ 92.509783, 27.4391994 ], [ 92.5095918, 27.4391691 ], [ 92.509445, 27.4392024 ], [ 92.5091582, 27.4391994 ], [ 92.5090968, 27.439257 ], [ 92.5090012, 27.439363 ], [ 92.5089295, 27.4395327 ], [ 92.5088803, 27.4395484 ], [ 92.5088441, 27.43956 ], [ 92.5087622, 27.4395509 ], [ 92.5087017, 27.4394883 ], [ 92.5086726, 27.439432 ], [ 92.508618, 27.439423 ], [ 92.5086091, 27.4394714 ], [ 92.5085837, 27.4395254 ], [ 92.508519, 27.4395311 ], [ 92.508481, 27.4394849 ], [ 92.508448, 27.4394072 ], [ 92.5083401, 27.4393532 ], [ 92.5081765, 27.4393295 ], [ 92.5079659, 27.4393126 ], [ 92.5077788, 27.4393428 ], [ 92.5077007, 27.4393554 ], [ 92.5075446, 27.4393554 ] ] } },
{ "type": "Feature", "properties": { "element": "way", "id": 1166120259, "highway": "unclassified", "ref": null, "ref:old": null, "source": null, "name": null, "name:en": null, "surface": null, "bridge": null, "bridge:structure": null, "layer": null, "name:zh": null, "sidewalk": null, "smoothness": null, "lanes": null, "route": null, "alt_name": null, "service": null, "oneway": null }, "geometry": { "type": "LineString", "coordinates": [ [ 92.5122752, 27.4420085 ], [ 92.5120756, 27.4416948 ], [ 92.5117812, 27.441538 ], [ 92.5116136, 27.4414294 ], [ 92.5114098, 27.4412083 ], [ 92.5111652, 27.4410837 ], [ 92.5109749, 27.440943 ], [ 92.510839, 27.44073 ], [ 92.5106624, 27.4404606 ], [ 92.5103136, 27.4403762 ], [ 92.510001, 27.4402958 ], [ 92.5096296, 27.4403923 ], [ 92.5095224, 27.4404314 ], [ 92.5092219, 27.440541 ], [ 92.5090181, 27.4405088 ], [ 92.5086783, 27.4403762 ], [ 92.5084111, 27.440135 ], [ 92.5083477, 27.439934 ], [ 92.508171, 27.4398375 ], [ 92.5076592, 27.4396968 ], [ 92.5071156, 27.4397249 ], [ 92.5067034, 27.439737 ] ] } },
{ "type": "Feature", "properties": { "element": "way", "id": 1166120260, "highway": "path", "ref": null, "ref:old": null, "source": null, "name": null, "name:en": null, "surface": null, "bridge": null, "bridge:structure": null, "layer": null, "name:zh": null, "sidewalk": null, "smoothness": null, "lanes": null, "route": null, "alt_name": null, "service": null, "oneway": null }, "geometry": { "type": "LineString", "coordinates": [ [ 92.5095224, 27.4404314 ], [ 92.5094528, 27.4403613 ], [ 92.5092361, 27.4403415 ], [ 92.5091914, 27.4402582 ], [ 92.5091043, 27.44006 ], [ 92.509149, 27.4399113 ], [ 92.5090172, 27.4398181 ], [ 92.5090127, 27.4398082 ], [ 92.5089882, 27.4397547 ], [ 92.5090105, 27.4396456 ], [ 92.5089636, 27.4395703 ], [ 92.5089295, 27.4395327 ] ] } },
{ "type": "Feature", "properties": { "element": "way", "id": 1166120261, "highway": "path", "ref": null, "ref:old": null, "source": null, "name": null, "name:en": null, "surface": null, "bridge": null, "bridge:structure": null, "layer": null, "name:zh": null, "sidewalk": null, "smoothness": null, "lanes": null, "route": null, "alt_name": null, "service": null, "oneway": null }, "geometry": { "type": "LineString", "coordinates": [ [ 92.5088803, 27.4395484 ], [ 92.5088475, 27.4396714 ], [ 92.5087648, 27.4397824 ], [ 92.5088921, 27.4398181 ], [ 92.5090127, 27.4398082 ] ] } },
{ "type": "Feature", "properties": { "element": "way", "id": 1166120262, "highway": "path", "ref": null, "ref:old": null, "source": null, "name": null, "name:en": null, "surface": null, "bridge": null, "bridge:structure": null, "layer": null, "name:zh": null, "sidewalk": null, "smoothness": null, "lanes": null, "route": null, "alt_name": null, "service": null, "oneway": null }, "geometry": { "type": "LineString", "coordinates": [ [ 92.5077788, 27.4393428 ], [ 92.5077552, 27.439269 ], [ 92.5076926, 27.4392373 ], [ 92.5076502, 27.4390945 ], [ 92.5076145, 27.4389697 ], [ 92.5077508, 27.4389084 ], [ 92.5077909, 27.4388904 ], [ 92.5077597, 27.438821 ], [ 92.5078311, 27.4387714 ], [ 92.5078155, 27.4386505 ], [ 92.5078959, 27.438595 ], [ 92.5079741, 27.4385474 ], [ 92.5080255, 27.4384562 ], [ 92.5080299, 27.4383908 ], [ 92.5080992, 27.4383868 ] ] } },
{ "type": "Feature", "properties": { "element": "way", "id": 1166120263, "highway": "path", "ref": null, "ref:old": null, "source": null, "name": null, "name:en": null, "surface": null, "bridge": null, "bridge:structure": null, "layer": null, "name:zh": null, "sidewalk": null, "smoothness": null, "lanes": null, "route": null, "alt_name": null, "service": null, "oneway": null }, "geometry": { "type": "LineString", "coordinates": [ [ 92.5077508, 27.4389084 ], [ 92.5076256, 27.4388606 ], [ 92.5074804, 27.438815 ], [ 92.5074246, 27.4388804 ], [ 92.5072884, 27.4388071 ], [ 92.5072169, 27.4387932 ], [ 92.507199, 27.43871 ], [ 92.5071275, 27.4386941 ], [ 92.5070806, 27.4385989 ], [ 92.5070718, 27.4385758 ], [ 92.5070337, 27.438476 ], [ 92.506922, 27.4383987 ], [ 92.5068595, 27.4383789 ], [ 92.5068237, 27.4382699 ], [ 92.5068617, 27.4381569 ], [ 92.5068595, 27.4381271 ], [ 92.5067523, 27.4380161 ], [ 92.5068304, 27.4379388 ], [ 92.5069421, 27.4378456 ] ] } },
{ "type": "Feature", "properties": { "element": "way", "id": 1166120264, "highway": "path", "ref": null, "ref:old": null, "source": null, "name": null, "name:en": null, "surface": null, "bridge": null, "bridge:structure": null, "layer": null, "name:zh": null, "sidewalk": null, "smoothness": null, "lanes": null, "route": null, "alt_name": null, "service": null, "oneway": null }, "geometry": { "type": "LineString", "coordinates": [ [ 92.5070718, 27.4385758 ], [ 92.5069421, 27.4386148 ], [ 92.5067947, 27.4386227 ], [ 92.5066987, 27.438708 ], [ 92.5066518, 27.4388487 ], [ 92.5066316, 27.4389498 ], [ 92.5065825, 27.4390945 ], [ 92.5065043, 27.4391738 ], [ 92.5064798, 27.4393285 ], [ 92.5065311, 27.4394593 ] ] } },
{ "type": "Feature", "properties": { "element": "way", "id": 1166120265, "highway": "path", "ref": null, "ref:old": null, "source": null, "name": null, "name:en": null, "surface": null, "bridge": null, "bridge:structure": null, "layer": null, "name:zh": null, "sidewalk": null, "smoothness": null, "lanes": null, "route": null, "alt_name": null, "service": null, "oneway": null }, "geometry": { "type": "LineString", "coordinates": [ [ 92.5066987, 27.438708 ], [ 92.5064775, 27.4387992 ], [ 92.5061246, 27.4389102 ], [ 92.5060375, 27.4388983 ], [ 92.5060353, 27.4388309 ], [ 92.5060866, 27.4387714 ], [ 92.5061179, 27.4386663 ], [ 92.5062028, 27.4385415 ], [ 92.5062631, 27.4384106 ], [ 92.5062787, 27.4382798 ], [ 92.5062519, 27.4381351 ], [ 92.5061737, 27.43803 ], [ 92.5061559, 27.4379348 ], [ 92.5061402, 27.4378793 ] ] } },
{ "type": "Feature", "properties": { "element": "way", "id": 1166120266, "highway": "tertiary", "ref": null, "ref:old": null, "source": null, "name": null, "name:en": null, "surface": null, "bridge": null, "bridge:structure": null, "layer": null, "name:zh": null, "sidewalk": null, "smoothness": null, "lanes": null, "route": null, "alt_name": null, "service": null, "oneway": null }, "geometry": { "type": "LineString", "coordinates": [ [ 92.5061402, 27.4378793 ], [ 92.5063993, 27.4378615 ], [ 92.5064909, 27.4378258 ], [ 92.5065244, 27.4378 ], [ 92.5066942, 27.4378238 ], [ 92.5068371, 27.437804 ], [ 92.5069421, 27.4378456 ], [ 92.5071588, 27.4378496 ], [ 92.5074782, 27.437919 ], [ 92.5076748, 27.43803 ], [ 92.5077664, 27.4382144 ], [ 92.5079205, 27.4383174 ], [ 92.5080992, 27.4383868 ], [ 92.5082913, 27.4385058 ], [ 92.5087268, 27.4388011 ], [ 92.50891, 27.4388507 ], [ 92.5091825, 27.4390648 ], [ 92.5093768, 27.439154 ], [ 92.5095918, 27.4391691 ] ] } },
{ "type": "Feature", "properties": { "element": "way", "id": 1166120267, "highway": "unclassified", "ref": null, "ref:old": null, "source": null, "name": null, "name:en": null, "surface": null, "bridge": null, "bridge:structure": null, "layer": null, "name:zh": null, "sidewalk": null, "smoothness": null, "lanes": null, "route": null, "alt_name": null, "service": null, "oneway": null }, "geometry": { "type": "LineString", "coordinates": [ [ 92.5099672, 27.402553 ], [ 92.5098605, 27.4025891 ], [ 92.5096256, 27.4025544 ], [ 92.5093978, 27.4026744 ], [ 92.509138, 27.4027313 ], [ 92.5089174, 27.4027029 ], [ 92.5086825, 27.4028293 ], [ 92.5085914, 27.402926 ], [ 92.5084832, 27.4030409 ], [ 92.508291, 27.4032052 ], [ 92.5079351, 27.4032716 ], [ 92.5075045, 27.4033885 ], [ 92.507234, 27.4034612 ], [ 92.5070155, 27.4034516 ], [ 92.5066539, 27.4034359 ], [ 92.5065009, 27.4034959 ], [ 92.5066041, 27.4035686 ], [ 92.5068876, 27.4035878 ], [ 92.5072615, 27.4036618 ], [ 92.5077002, 27.403596 ], [ 92.5081884, 27.4036317 ], [ 92.5083954, 27.4036371 ], [ 92.5086395, 27.4034863 ], [ 92.5087538, 27.4034397 ], [ 92.5088866, 27.4034671 ], [ 92.5091523, 27.4036152 ], [ 92.5094366, 27.4036262 ], [ 92.5095494, 27.4035611 ] ] } },
{ "type": "Feature", "properties": { "element": "way", "id": 1166120268, "highway": "unclassified", "ref": null, "ref:old": null, "source": null, "name": null, "name:en": null, "surface": null, "bridge": "yes", "bridge:structure": null, "layer": "1", "name:zh": null, "sidewalk": null, "smoothness": null, "lanes": null, "route": null, "alt_name": null, "service": null, "oneway": null }, "geometry": { "type": "LineString", "coordinates": [ [ 92.5095494, 27.4035611 ], [ 92.5096145, 27.4035235 ] ] } },
{ "type": "Feature", "properties": { "element": "way", "id": 1166131252, "highway": "tertiary", "ref": null, "ref:old": null, "source": null, "name": null, "name:en": null, "surface": null, "bridge": null, "bridge:structure": null, "layer": null, "name:zh": null, "sidewalk": null, "smoothness": null, "lanes": null, "route": null, "alt_name": null, "service": null, "oneway": null }, "geometry": { "type": "LineString", "coordinates": [ [ 92.5065244, 27.4378 ], [ 92.5063949, 27.4377647 ], [ 92.5062766, 27.4376632 ], [ 92.5061661, 27.4375547 ], [ 92.5060303, 27.4374394 ], [ 92.5059625, 27.4373207 ], [ 92.506009, 27.4372346 ], [ 92.5060808, 27.4371193 ], [ 92.5060982, 27.4370574 ], [ 92.5059935, 27.4367648 ], [ 92.5058907, 27.4364671 ], [ 92.5057783, 27.4360661 ], [ 92.5055378, 27.4357907 ], [ 92.505563, 27.4355343 ], [ 92.5056638, 27.4353277 ], [ 92.5056638, 27.4352021 ], [ 92.5054544, 27.4350713 ], [ 92.5053846, 27.4350317 ], [ 92.5053284, 27.43482 ], [ 92.5053904, 27.4346772 ], [ 92.5052275, 27.4343175 ], [ 92.5050511, 27.434123 ], [ 92.5050162, 27.4339526 ], [ 92.5047912, 27.4338992 ], [ 92.504607, 27.4338132 ], [ 92.5044965, 27.4336841 ], [ 92.5041785, 27.4336824 ], [ 92.5039283, 27.4336858 ], [ 92.5037577, 27.4336497 ], [ 92.5035793, 27.4335671 ], [ 92.5034377, 27.4336032 ], [ 92.5033117, 27.4336876 ], [ 92.5031507, 27.4337237 ], [ 92.5029995, 27.433734 ], [ 92.5028366, 27.4336549 ], [ 92.5027765, 27.4335103 ], [ 92.5026349, 27.4332297 ], [ 92.5025825, 27.4330559 ], [ 92.5024972, 27.432944 ], [ 92.5024584, 27.4328391 ], [ 92.5024022, 27.4327599 ], [ 92.5023595, 27.4326893 ], [ 92.5022529, 27.4327564 ], [ 92.5021889, 27.432827 ], [ 92.5019775, 27.4328924 ], [ 92.5018302, 27.4329406 ], [ 92.5016556, 27.4330748 ], [ 92.5014617, 27.4331351 ], [ 92.5013745, 27.4331575 ], [ 92.5012193, 27.4331334 ], [ 92.5011553, 27.4331075 ], [ 92.5010235, 27.4331385 ], [ 92.5009459, 27.4331368 ], [ 92.5007908, 27.4330318 ], [ 92.5006473, 27.4330008 ], [ 92.5004088, 27.4330249 ], [ 92.5002847, 27.4330077 ], [ 92.5002168, 27.4329389 ], [ 92.5001295, 27.4328115 ], [ 92.5000326, 27.4327117 ], [ 92.4999802, 27.432636 ], [ 92.4998949, 27.4325086 ], [ 92.4997456, 27.4325293 ], [ 92.4996661, 27.4324845 ], [ 92.4995769, 27.432383 ], [ 92.4994935, 27.432259 ], [ 92.4993674, 27.4322229 ], [ 92.4991018, 27.4322177 ], [ 92.4988012, 27.4321696 ], [ 92.4985763, 27.4321472 ], [ 92.4984211, 27.4320869 ], [ 92.4980779, 27.4319974 ], [ 92.4979228, 27.4319131 ], [ 92.4977366, 27.4317909 ], [ 92.4975427, 27.4317272 ], [ 92.4974264, 27.4316188 ], [ 92.4973876, 27.4314019 ], [ 92.4971937, 27.4314071 ], [ 92.496992, 27.4312987 ], [ 92.4967864, 27.4311231 ], [ 92.4966352, 27.4309631 ], [ 92.4966235, 27.4308477 ], [ 92.4965983, 27.4307806 ], [ 92.4963908, 27.4307462 ], [ 92.4962629, 27.4306808 ], [ 92.4961969, 27.4305207 ], [ 92.4961562, 27.4304433 ], [ 92.4960108, 27.4304622 ], [ 92.4958072, 27.430531 ], [ 92.495716, 27.4304897 ], [ 92.4955687, 27.4303434 ], [ 92.4954174, 27.4302419 ], [ 92.4949792, 27.4300182 ], [ 92.4947852, 27.4298873 ], [ 92.4946766, 27.4299252 ], [ 92.4947019, 27.4299837 ], [ 92.4946631, 27.4300182 ], [ 92.4945777, 27.4299734 ], [ 92.4941802, 27.4297617 ], [ 92.4939068, 27.4295879 ] ] } },
{ "type": "Feature", "properties": { "element": "way", "id": 1166131253, "highway": "unclassified", "ref": null, "ref:old": null, "source": null, "name": null, "name:en": null, "surface": null, "bridge": null, "bridge:structure": null, "layer": null, "name:zh": null, "sidewalk": null, "smoothness": null, "lanes": null, "route": null, "alt_name": null, "service": null, "oneway": null }, "geometry": { "type": "LineString", "coordinates": [ [ 92.5086783, 27.4403762 ], [ 92.5084087, 27.4402369 ], [ 92.5082466, 27.4400132 ], [ 92.5080227, 27.4399081 ], [ 92.5077629, 27.4399469 ], [ 92.5075442, 27.4400292 ], [ 92.5072457, 27.4401547 ], [ 92.507045, 27.4403443 ], [ 92.507009, 27.4406617 ], [ 92.5068906, 27.4407918 ], [ 92.506605, 27.4408147 ], [ 92.5063915, 27.4408261 ], [ 92.5061625, 27.4407439 ], [ 92.5059695, 27.4406936 ], [ 92.5058589, 27.4407462 ], [ 92.5058923, 27.4408626 ], [ 92.5059747, 27.4409197 ], [ 92.5061393, 27.4409608 ], [ 92.5063863, 27.4410818 ], [ 92.5065665, 27.4412074 ], [ 92.5067749, 27.441212 ], [ 92.5069936, 27.4411458 ], [ 92.5072431, 27.4412805 ], [ 92.5074464, 27.4413262 ], [ 92.507786, 27.4414221 ], [ 92.5079739, 27.4414403 ], [ 92.5082028, 27.4413513 ], [ 92.5082955, 27.4414563 ], [ 92.5083778, 27.4415796 ], [ 92.5085914, 27.4415705 ], [ 92.5087921, 27.441454 ], [ 92.5090082, 27.4413467 ], [ 92.5092758, 27.441317 ], [ 92.5095228, 27.4413969 ], [ 92.5097929, 27.4415956 ], [ 92.5099808, 27.4418696 ], [ 92.5099679, 27.4422692 ], [ 92.5100399, 27.4425409 ], [ 92.5103616, 27.442872 ], [ 92.5106214, 27.4431643 ], [ 92.5107166, 27.4432579 ], [ 92.5106549, 27.4433356 ], [ 92.5105056, 27.4433219 ], [ 92.5103307, 27.4432283 ], [ 92.5101686, 27.4430661 ], [ 92.5100425, 27.4430205 ], [ 92.5099061, 27.4429246 ], [ 92.5098058, 27.4427739 ], [ 92.5096977, 27.442461 ], [ 92.509618, 27.4421756 ], [ 92.5094482, 27.442066 ], [ 92.509214, 27.4421185 ], [ 92.5090005, 27.4420934 ], [ 92.508738, 27.4421322 ], [ 92.508383, 27.4422555 ], [ 92.5080253, 27.4422966 ], [ 92.5077577, 27.4425067 ], [ 92.5075133, 27.4426003 ], [ 92.5070759, 27.4425546 ], [ 92.5068237, 27.4426505 ], [ 92.5067954, 27.4427579 ], [ 92.5068881, 27.4428355 ], [ 92.5070605, 27.4427739 ], [ 92.5072534, 27.4428446 ], [ 92.5073486, 27.4430433 ], [ 92.5075956, 27.4430661 ], [ 92.5077346, 27.4433264 ], [ 92.5078812, 27.4435297 ], [ 92.5081051, 27.4436826 ], [ 92.5083058, 27.4436027 ], [ 92.5084035, 27.4434612 ], [ 92.5085914, 27.4433607 ], [ 92.5087174, 27.4433379 ], [ 92.5087483, 27.4434406 ], [ 92.5088615, 27.4434566 ], [ 92.5089567, 27.4433196 ], [ 92.5090185, 27.4432557 ], [ 92.5091008, 27.4432716 ], [ 92.5091192, 27.4432657 ], [ 92.509117, 27.4432276 ], [ 92.5091732, 27.4431181 ], [ 92.5092073, 27.4430986 ], [ 92.5092514, 27.443123 ], [ 92.5093241, 27.4431308 ], [ 92.5094078, 27.4431601 ], [ 92.5095796, 27.4431797 ], [ 92.5098825, 27.4432071 ], [ 92.5100246, 27.4432237 ], [ 92.5105056, 27.4433219 ] ] } },
{ "type": "Feature", "properties": { "element": "way", "id": 1166131254, "highway": "unclassified", "ref": null, "ref:old": null, "source": null, "name": null, "name:en": null, "surface": null, "bridge": null, "bridge:structure": null, "layer": null, "name:zh": null, "sidewalk": null, "smoothness": null, "lanes": null, "route": null, "alt_name": null, "service": null, "oneway": null }, "geometry": { "type": "LineString", "coordinates": [ [ 92.5466912, 27.3697057 ], [ 92.5469895, 27.3695215 ], [ 92.5471717, 27.3693408 ], [ 92.5474602, 27.369202 ], [ 92.5478208, 27.3690526 ], [ 92.5479449, 27.3689757 ], [ 92.5481114, 27.3687229 ], [ 92.5481923, 27.3686224 ], [ 92.5482778, 27.3684532 ], [ 92.5484082, 27.3683039 ], [ 92.5484891, 27.3682236 ], [ 92.5486039, 27.3680942 ], [ 92.5486399, 27.3678667 ], [ 92.5486507, 27.3677046 ], [ 92.548657, 27.3674696 ], [ 92.5486297, 27.3672391 ], [ 92.5486229, 27.3669723 ], [ 92.5486331, 27.3667601 ], [ 92.5487458, 27.3667177 ], [ 92.5488516, 27.3668117 ], [ 92.5489028, 27.3669633 ] ] } },
{ "type": "Feature", "properties": { "element": "way", "id": 1166131255, "highway": "unclassified", "ref": null, "ref:old": null, "source": null, "name": null, "name:en": null, "surface": null, "bridge": null, "bridge:structure": null, "layer": null, "name:zh": null, "sidewalk": null, "smoothness": null, "lanes": null, "route": null, "alt_name": null, "service": null, "oneway": null }, "geometry": { "type": "LineString", "coordinates": [ [ 92.5479449, 27.3689757 ], [ 92.548091, 27.368922 ], [ 92.5482371, 27.3688369 ], [ 92.5483975, 27.3686095 ], [ 92.5486546, 27.3684507 ], [ 92.5488151, 27.3683742 ], [ 92.5490633, 27.3682215 ], [ 92.5491583, 27.3681229 ], [ 92.5492032, 27.3679941 ], [ 92.5492579, 27.3676939 ], [ 92.5493091, 27.3673331 ], [ 92.549333, 27.3669905 ], [ 92.5493398, 27.3668056 ], [ 92.5493842, 27.366657 ], [ 92.5494729, 27.3666388 ], [ 92.5495037, 27.3667632 ], [ 92.549729, 27.3672907 ], [ 92.5499953, 27.3676272 ], [ 92.5500977, 27.3676333 ], [ 92.5501216, 27.3675575 ], [ 92.550125, 27.3673453 ], [ 92.5501318, 27.3670512 ], [ 92.5502752, 27.3666146 ], [ 92.5503537, 27.3664236 ], [ 92.5503789, 27.3664329 ], [ 92.5507395, 27.3665661 ], [ 92.5508388, 27.3665955 ], [ 92.5511287, 27.3666813 ], [ 92.5511116, 27.3669117 ], [ 92.5511116, 27.3671724 ], [ 92.5510979, 27.3674665 ] ] } },
{ "type": "Feature", "properties": { "element": "way", "id": 1167913722, "highway": "tertiary", "ref": null, "ref:old": null, "source": null, "name": null, "name:en": null, "surface": null, "bridge": null, "bridge:structure": null, "layer": null, "name:zh": null, "sidewalk": null, "smoothness": null, "lanes": null, "route": null, "alt_name": null, "service": null, "oneway": null }, "geometry": { "type": "LineString", "coordinates": [ [ 92.4934365, 27.2038614 ], [ 92.493579, 27.2039245 ], [ 92.4936473, 27.204049 ], [ 92.4936438, 27.2042372 ], [ 92.4937195, 27.2043389 ], [ 92.4938145, 27.2043909 ], [ 92.4939233, 27.2044021 ], [ 92.4939971, 27.2043687 ], [ 92.4940281, 27.2042958 ], [ 92.4939989, 27.2042038 ], [ 92.4939477, 27.2040338 ], [ 92.4940194, 27.2039397 ], [ 92.4943253, 27.2038474 ], [ 92.4944021, 27.2038093 ], [ 92.4944571, 27.2037604 ], [ 92.4944598, 27.2037211 ], [ 92.4944289, 27.2036841 ], [ 92.4940911, 27.2036604 ], [ 92.4939238, 27.2034751 ], [ 92.493835, 27.203214 ], [ 92.4938179, 27.2029711 ], [ 92.4939135, 27.2028132 ], [ 92.4939984, 27.2027657 ], [ 92.4940842, 27.2027586 ], [ 92.494371, 27.2031138 ], [ 92.4947636, 27.2032292 ], [ 92.4950016, 27.2031748 ], [ 92.4950297, 27.2031551 ], [ 92.4950337, 27.2031247 ], [ 92.4950088, 27.2030959 ], [ 92.4947807, 27.203047 ], [ 92.4946833, 27.2029781 ], [ 92.494627, 27.20271 ], [ 92.4944666, 27.2025005 ], [ 92.4944939, 27.2023547 ], [ 92.494627, 27.2022029 ], [ 92.4946134, 27.2021179 ], [ 92.4945144, 27.2020845 ], [ 92.4943778, 27.2020724 ], [ 92.4942733, 27.2019796 ], [ 92.4942379, 27.2018902 ], [ 92.4942827, 27.2018353 ], [ 92.4943891, 27.2017523 ], [ 92.4944188, 27.2015987 ], [ 92.4944393, 27.2013072 ], [ 92.4942754, 27.2008426 ], [ 92.4943505, 27.2006544 ], [ 92.4944017, 27.2005208 ], [ 92.4942822, 27.200208 ], [ 92.4942549, 27.1999803 ], [ 92.4942857, 27.1997192 ], [ 92.4941935, 27.1996068 ], [ 92.4939067, 27.1994611 ], [ 92.4938214, 27.1993184 ], [ 92.4938794, 27.1992759 ], [ 92.4940296, 27.1993336 ], [ 92.494214, 27.1995127 ], [ 92.4944939, 27.199707 ], [ 92.494528, 27.1998558 ], [ 92.4945246, 27.1999469 ], [ 92.4946612, 27.20012 ], [ 92.4946987, 27.2003143 ], [ 92.4949002, 27.2004661 ], [ 92.4949036, 27.200624 ], [ 92.4949377, 27.2007455 ], [ 92.4950504, 27.2008821 ], [ 92.4949923, 27.2012192 ], [ 92.4950299, 27.2014772 ], [ 92.4952381, 27.2016108 ], [ 92.4956, 27.2016473 ], [ 92.4959243, 27.2015349 ], [ 92.496095, 27.2014287 ], [ 92.496276, 27.2015866 ], [ 92.4965627, 27.2016351 ], [ 92.4967846, 27.2017778 ], [ 92.4968576, 27.2017792 ], [ 92.4968965, 27.2017637 ], [ 92.4969035, 27.2017386 ], [ 92.4968845, 27.2017053 ], [ 92.4967983, 27.2016503 ], [ 92.4966242, 27.2015774 ], [ 92.4964637, 27.2014621 ], [ 92.496433, 27.2012586 ], [ 92.4963545, 27.2011311 ], [ 92.496235, 27.2010613 ], [ 92.4960814, 27.2010734 ], [ 92.4958322, 27.2009762 ], [ 92.4956956, 27.2008457 ], [ 92.4957912, 27.200621 ], [ 92.4959243, 27.2004327 ], [ 92.4960028, 27.2002414 ], [ 92.4958663, 27.1999985 ], [ 92.495658, 27.1998406 ], [ 92.495608, 27.1997202 ], [ 92.4956104, 27.1996793 ], [ 92.4956376, 27.1996524 ], [ 92.4956976, 27.1996608 ], [ 92.4957878, 27.1997496 ], [ 92.4959892, 27.1999044 ], [ 92.4961838, 27.2001564 ], [ 92.4962179, 27.2003416 ], [ 92.4961462, 27.2005026 ], [ 92.4960677, 27.2006151 ], [ 92.4960575, 27.2007394 ], [ 92.496136, 27.2007728 ], [ 92.4962691, 27.2007394 ], [ 92.4965661, 27.2008639 ], [ 92.4966686, 27.200955 ], [ 92.4967007, 27.2011019 ], [ 92.4967597, 27.201159 ], [ 92.4968085, 27.2011584 ], [ 92.4968469, 27.2011149 ], [ 92.4968324, 27.2010309 ], [ 92.4967641, 27.2008912 ], [ 92.4966549, 27.2007424 ], [ 92.4966105, 27.2006817 ], [ 92.4965798, 27.2005542 ], [ 92.4966699, 27.200429 ], [ 92.4966783, 27.2002798 ], [ 92.4965866, 27.2001504 ], [ 92.4964159, 27.1999166 ], [ 92.4962282, 27.1997131 ], [ 92.496276, 27.1994611 ], [ 92.4962043, 27.1991848 ], [ 92.4961617, 27.1990706 ], [ 92.4961817, 27.1990191 ], [ 92.4962179, 27.1989905 ], [ 92.4962595, 27.199 ], [ 92.4962964, 27.1990481 ], [ 92.4963281, 27.1991872 ], [ 92.4963989, 27.1993002 ], [ 92.4964637, 27.199534 ], [ 92.4967641, 27.199622 ], [ 92.4969212, 27.1999773 ], [ 92.4970509, 27.2001352 ], [ 92.4971499, 27.2002172 ], [ 92.4971397, 27.2003781 ], [ 92.4973991, 27.2005542 ], [ 92.4975152, 27.2006726 ], [ 92.4975186, 27.2008518 ], [ 92.4977235, 27.2009611 ], [ 92.4978156, 27.201119 ], [ 92.4978581, 27.201165 ], [ 92.497929, 27.2011727 ], [ 92.4979708, 27.2011399 ], [ 92.4979936, 27.2010886 ], [ 92.4979882, 27.2009813 ], [ 92.4979645, 27.2009004 ], [ 92.4978737, 27.2007941 ], [ 92.4977678, 27.2005542 ], [ 92.4976449, 27.2002991 ], [ 92.4977371, 27.2001746 ], [ 92.4978594, 27.2000879 ], [ 92.4979062, 27.1999904 ], [ 92.4978635, 27.199903 ], [ 92.4977576, 27.1998376 ], [ 92.4978668, 27.1993396 ], [ 92.4980068, 27.1988143 ], [ 92.4975152, 27.1984014 ], [ 92.4970373, 27.1981038 ], [ 92.4969451, 27.1979915 ], [ 92.4969368, 27.1979456 ], [ 92.496977, 27.1979003 ], [ 92.4970934, 27.1979101 ], [ 92.4974435, 27.1980006 ], [ 92.4979044, 27.1982435 ], [ 92.4980727, 27.198313 ], [ 92.4981502, 27.1983194 ], [ 92.4982095, 27.1982998 ], [ 92.4982151, 27.1982344 ], [ 92.4980409, 27.1980735 ], [ 92.4978532, 27.1978639 ], [ 92.497365, 27.1975147 ], [ 92.4973203, 27.1974529 ], [ 92.4973226, 27.1974123 ], [ 92.4973673, 27.1973885 ], [ 92.4974048, 27.1974017 ], [ 92.4974947, 27.1974601 ], [ 92.4977439, 27.1975512 ], [ 92.4980887, 27.197539 ], [ 92.4982765, 27.197703 ], [ 92.4986862, 27.1978579 ], [ 92.4989456, 27.1979186 ], [ 92.4992222, 27.1980036 ], [ 92.4994099, 27.198037 ], [ 92.4996045, 27.1981038 ], [ 92.4999184, 27.1982993 ], [ 92.4999744, 27.1982963 ], [ 92.500011, 27.1982679 ], [ 92.5000066, 27.1982235 ], [ 92.4999664, 27.1981281 ], [ 92.4998537, 27.1979672 ], [ 92.4996762, 27.1978245 ], [ 92.4995806, 27.1977303 ], [ 92.4995881, 27.1976951 ], [ 92.4996387, 27.1976848 ], [ 92.4998264, 27.1977273 ], [ 92.5002224, 27.1978822 ], [ 92.500359, 27.1978245 ], [ 92.5004955, 27.1977334 ], [ 92.5006799, 27.1977364 ], [ 92.500953, 27.197949 ], [ 92.5010964, 27.1984318 ], [ 92.5012364, 27.198535 ], [ 92.5014958, 27.19845 ], [ 92.5017484, 27.198535 ], [ 92.5016733, 27.198869 ], [ 92.5014856, 27.1991514 ], [ 92.5015607, 27.1992485 ], [ 92.5018748, 27.1993214 ], [ 92.5023527, 27.1995279 ], [ 92.5025951, 27.1994338 ], [ 92.5027692, 27.1993791 ], [ 92.5033735, 27.1994975 ], [ 92.5034452, 27.199616 ], [ 92.5033837, 27.1997435 ], [ 92.5032847, 27.1998376 ], [ 92.5031003, 27.2001534 ], [ 92.5031447, 27.2003234 ], [ 92.503213, 27.2006848 ], [ 92.5031447, 27.2009064 ], [ 92.5030461, 27.201026 ], [ 92.5030375, 27.2010767 ], [ 92.5030556, 27.2011209 ], [ 92.5031005, 27.2011471 ], [ 92.5031608, 27.2011399 ], [ 92.5032403, 27.2010947 ], [ 92.5034178, 27.2009459 ], [ 92.5035323, 27.2009157 ], [ 92.5036352, 27.200914 ], [ 92.5037201, 27.2009383 ], [ 92.5037636, 27.2009957 ], [ 92.5037576, 27.201054 ], [ 92.5036978, 27.201119 ], [ 92.5034554, 27.2012556 ], [ 92.503271, 27.2014742 ], [ 92.5029399, 27.2019297 ] ] } },
{ "type": "Feature", "properties": { "element": "way", "id": 1167913723, "highway": "unclassified", "ref": null, "ref:old": null, "source": null, "name": null, "name:en": null, "surface": null, "bridge": null, "bridge:structure": null, "layer": null, "name:zh": null, "sidewalk": null, "smoothness": null, "lanes": null, "route": null, "alt_name": null, "service": null, "oneway": null }, "geometry": { "type": "LineString", "coordinates": [ [ 92.5034178, 27.2009459 ], [ 92.503458, 27.2008109 ], [ 92.5036447, 27.2006106 ], [ 92.5038136, 27.200376 ], [ 92.5040062, 27.2001229 ], [ 92.5041544, 27.1998725 ], [ 92.5044034, 27.1996669 ], [ 92.5047353, 27.1995614 ], [ 92.5048331, 27.1993084 ], [ 92.5048805, 27.1989973 ], [ 92.5048924, 27.198768 ], [ 92.5048302, 27.1985782 ], [ 92.5046761, 27.1985281 ], [ 92.5045042, 27.1984807 ], [ 92.5044567, 27.1983752 ], [ 92.5045279, 27.1981986 ], [ 92.5044271, 27.1981169 ], [ 92.50427, 27.1980563 ], [ 92.5040566, 27.1979983 ], [ 92.5038314, 27.197964 ], [ 92.5037188, 27.1978955 ], [ 92.5034965, 27.1978058 ], [ 92.503455, 27.1976767 ], [ 92.5034965, 27.197537 ], [ 92.5036269, 27.19745 ], [ 92.5038195, 27.197334 ], [ 92.5040655, 27.1972865 ], [ 92.5042167, 27.1973234 ], [ 92.5045486, 27.197529 ], [ 92.5048035, 27.1975317 ], [ 92.505414, 27.197558 ], [ 92.5058497, 27.197537 ], [ 92.5059445, 27.1976424 ], [ 92.506072, 27.1975554 ], [ 92.5062557, 27.1973498 ], [ 92.506315, 27.1972839 ], [ 92.5066469, 27.1971732 ], [ 92.5069033, 27.1970444 ], [ 92.5070352, 27.1969781 ], [ 92.507136, 27.1969148 ], [ 92.5070737, 27.1967699 ], [ 92.5069463, 27.1966539 ], [ 92.5068669, 27.1965795 ], [ 92.5068576, 27.1965752 ], [ 92.5068514, 27.1965783 ], [ 92.5068531, 27.1965887 ], [ 92.5069255, 27.196754 ], [ 92.5068633, 27.1968885 ], [ 92.5069033, 27.1970444 ] ] } },
{ "type": "Feature", "properties": { "element": "way", "id": 1168483266, "highway": "unclassified", "ref": null, "ref:old": null, "source": null, "name": null, "name:en": null, "surface": null, "bridge": null, "bridge:structure": null, "layer": null, "name:zh": null, "sidewalk": null, "smoothness": null, "lanes": null, "route": null, "alt_name": null, "service": null, "oneway": null }, "geometry": { "type": "LineString", "coordinates": [ [ 92.4036137, 27.3019957 ], [ 92.403717, 27.3016368 ], [ 92.403919, 27.3015826 ], [ 92.4041632, 27.3015534 ], [ 92.4047736, 27.3012613 ], [ 92.4058255, 27.300652 ], [ 92.4060759, 27.3006741 ] ] } },
{ "type": "Feature", "properties": { "element": "way", "id": 1168490069, "highway": "unclassified", "ref": null, "ref:old": null, "source": null, "name": null, "name:en": null, "surface": null, "bridge": null, "bridge:structure": null, "layer": null, "name:zh": null, "sidewalk": null, "smoothness": null, "lanes": null, "route": null, "alt_name": null, "service": null, "oneway": null }, "geometry": { "type": "LineString", "coordinates": [ [ 92.4729003, 27.1907181 ], [ 92.4730238, 27.190655 ], [ 92.4732747, 27.1907234 ], [ 92.4734818, 27.1907717 ], [ 92.4736464, 27.1907695 ], [ 92.4737442, 27.1907283 ], [ 92.47398, 27.1906623 ], [ 92.4743336, 27.1909034 ], [ 92.4744985, 27.1912568 ], [ 92.4748049, 27.1915368 ], [ 92.4748739, 27.1915967 ], [ 92.4748459, 27.1918195 ], [ 92.4747207, 27.192022 ], [ 92.4745894, 27.1921672 ], [ 92.4745962, 27.1926389 ], [ 92.4744492, 27.1929308 ], [ 92.4743655, 27.1931495 ], [ 92.4742342, 27.193428 ], [ 92.4741703, 27.1938518 ], [ 92.4741517, 27.1941692 ], [ 92.473911, 27.1945256 ], [ 92.4738235, 27.1947217 ], [ 92.4738656, 27.1949149 ], [ 92.4742544, 27.1951665 ], [ 92.474475, 27.1952878 ], [ 92.4747056, 27.1955618 ], [ 92.4747409, 27.1957489 ], [ 92.4747359, 27.1960334 ], [ 92.4748352, 27.19627 ], [ 92.4750238, 27.1964557 ], [ 92.4751349, 27.1967836 ], [ 92.4753571, 27.1971175 ], [ 92.4754211, 27.1973825 ], [ 92.475645, 27.1979815 ], [ 92.4756546, 27.1980347 ], [ 92.4756736, 27.1981402 ], [ 92.4757662, 27.1983273 ], [ 92.4756299, 27.1990081 ], [ 92.4756753, 27.1993874 ], [ 92.4757914, 27.1995671 ], [ 92.4761416, 27.1997423 ], [ 92.4764396, 27.2000193 ], [ 92.4765826, 27.2002034 ], [ 92.4765237, 27.2003592 ], [ 92.4762981, 27.2003696 ], [ 92.4762104, 27.2003183 ], [ 92.4761651, 27.2002918 ], [ 92.4760305, 27.2002244 ], [ 92.4760019, 27.2001301 ], [ 92.4760473, 27.2001256 ], [ 92.4761685, 27.2002259 ], [ 92.4762104, 27.2003183 ] ] } },
{ "type": "Feature", "properties": { "element": "way", "id": 1168490071, "highway": "unclassified", "ref": null, "ref:old": null, "source": null, "name": null, "name:en": null, "surface": null, "bridge": null, "bridge:structure": null, "layer": null, "name:zh": null, "sidewalk": null, "smoothness": null, "lanes": null, "route": null, "alt_name": null, "service": null, "oneway": null }, "geometry": { "type": "LineString", "coordinates": [ [ 92.4756546, 27.1980347 ], [ 92.4755322, 27.1980608 ], [ 92.4754211, 27.1979126 ], [ 92.4751702, 27.1975562 ], [ 92.4749413, 27.1971999 ], [ 92.4747982, 27.1970277 ], [ 92.4746416, 27.1969588 ], [ 92.4746736, 27.197119 ], [ 92.4748117, 27.1974379 ], [ 92.4748975, 27.1977509 ], [ 92.475044, 27.198218 ], [ 92.4751281, 27.198516 ], [ 92.4751736, 27.1989098 ], [ 92.4752022, 27.199067 ], [ 92.4753975, 27.1997573 ], [ 92.4756332, 27.2002903 ], [ 92.4759463, 27.2008383 ], [ 92.476288, 27.2015615 ], [ 92.4768183, 27.2020226 ], [ 92.476994, 27.2022292 ] ] } },
{ "type": "Feature", "properties": { "element": "way", "id": 1168490072, "highway": "tertiary", "ref": null, "ref:old": null, "source": null, "name": null, "name:en": null, "surface": null, "bridge": null, "bridge:structure": null, "layer": null, "name:zh": null, "sidewalk": null, "smoothness": null, "lanes": null, "route": null, "alt_name": null, "service": null, "oneway": null }, "geometry": { "type": "LineString", "coordinates": [ [ 92.4780348, 27.2018165 ], [ 92.4777661, 27.2016932 ], [ 92.4773553, 27.201569 ], [ 92.4769816, 27.2013608 ], [ 92.4765035, 27.2012201 ], [ 92.4764025, 27.2011542 ], [ 92.4764261, 27.2010419 ], [ 92.4765776, 27.201006 ], [ 92.4768857, 27.2010614 ], [ 92.4771247, 27.2012575 ], [ 92.4775725, 27.2013758 ], [ 92.4782526, 27.2016738 ], [ 92.4785354, 27.201798 ], [ 92.4787728, 27.2017172 ], [ 92.4791718, 27.2014537 ], [ 92.4795893, 27.2012261 ], [ 92.4798351, 27.2010105 ], [ 92.4804293, 27.2007814 ], [ 92.4809798, 27.2004879 ], [ 92.4816347, 27.2004116 ], [ 92.4818704, 27.2004954 ], [ 92.4822087, 27.2005718 ], [ 92.4828215, 27.2005284 ], [ 92.4831582, 27.2006167 ], [ 92.483675, 27.2006871 ], [ 92.4842053, 27.200741 ], [ 92.4845908, 27.2008113 ] ] } },
{ "type": "Feature", "properties": { "element": "way", "id": 1168490073, "highway": "unclassified", "ref": null, "ref:old": null, "source": null, "name": null, "name:en": null, "surface": null, "bridge": null, "bridge:structure": null, "layer": null, "name:zh": null, "sidewalk": null, "smoothness": null, "lanes": null, "route": null, "alt_name": null, "service": null, "oneway": null }, "geometry": { "type": "LineString", "coordinates": [ [ 92.4793982, 27.1991517 ], [ 92.4793539, 27.1995323 ], [ 92.4792407, 27.2000037 ], [ 92.4792536, 27.2002944 ] ] } },
{ "type": "Feature", "properties": { "element": "way", "id": 1168490074, "highway": "tertiary", "ref": null, "ref:old": null, "source": null, "name": null, "name:en": null, "surface": null, "bridge": null, "bridge:structure": null, "layer": null, "name:zh": null, "sidewalk": null, "smoothness": null, "lanes": null, "route": null, "alt_name": null, "service": null, "oneway": null }, "geometry": { "type": "LineString", "coordinates": [ [ 92.4792536, 27.2002944 ], [ 92.478986, 27.2004546 ], [ 92.4787338, 27.2005736 ], [ 92.4786263, 27.2006875 ], [ 92.4784639, 27.2008861 ], [ 92.4783104, 27.2009989 ], [ 92.4781683, 27.2009425 ], [ 92.4779691, 27.2006728 ], [ 92.4776265, 27.2005272 ], [ 92.4773817, 27.2003963 ], [ 92.4771165, 27.2003602 ], [ 92.4769985, 27.2002112 ], [ 92.4769883, 27.2000544 ], [ 92.4769934, 27.1998614 ], [ 92.4768221, 27.1998061 ], [ 92.4766255, 27.199779 ], [ 92.4764682, 27.1996481 ], [ 92.4764123, 27.1994123 ], [ 92.4763913, 27.1993434 ], [ 92.4763146, 27.1990929 ] ] } },
{ "type": "Feature", "properties": { "element": "way", "id": 1168490076, "highway": "tertiary", "ref": null, "ref:old": null, "source": null, "name": null, "name:en": null, "surface": null, "bridge": null, "bridge:structure": null, "layer": null, "name:zh": null, "sidewalk": null, "smoothness": null, "lanes": null, "route": null, "alt_name": null, "service": null, "oneway": null }, "geometry": { "type": "LineString", "coordinates": [ [ 92.4763913, 27.1993434 ], [ 92.4764222, 27.1990905 ], [ 92.4763754, 27.1988214 ], [ 92.4761971, 27.1985277 ], [ 92.4761022, 27.1983964 ], [ 92.4761343, 27.198282 ], [ 92.4762103, 27.1982599 ], [ 92.4764105, 27.198399 ], [ 92.4764851, 27.1986459 ], [ 92.4765742, 27.1990099 ], [ 92.4766283, 27.199548 ], [ 92.4766838, 27.1996117 ], [ 92.476789, 27.1996273 ], [ 92.4769367, 27.1995714 ], [ 92.4770623, 27.1995649 ], [ 92.477134, 27.1996962 ], [ 92.4772392, 27.2000511 ], [ 92.4774204, 27.2001629 ], [ 92.4776966, 27.2001902 ], [ 92.4779655, 27.2003527 ], [ 92.4780737, 27.2003098 ], [ 92.4780664, 27.2002396 ], [ 92.477948, 27.2001772 ], [ 92.4777171, 27.2001265 ], [ 92.4774467, 27.200055 ], [ 92.4773386, 27.1999705 ], [ 92.4772669, 27.1996533 ], [ 92.4772743, 27.1993583 ], [ 92.4773254, 27.1991048 ], [ 92.4773678, 27.1989644 ], [ 92.4773283, 27.1987083 ], [ 92.4772158, 27.1983782 ], [ 92.4770404, 27.1979739 ], [ 92.476944, 27.1978244 ], [ 92.4768037, 27.1976866 ], [ 92.4766809, 27.1975371 ], [ 92.4766064, 27.1972993 ], [ 92.4766371, 27.1970497 ], [ 92.476789, 27.1967026 ], [ 92.4768227, 27.1964725 ], [ 92.47677, 27.1963269 ], [ 92.4765611, 27.1961658 ], [ 92.4762936, 27.1959942 ], [ 92.4761095, 27.1958356 ], [ 92.4759575, 27.1955717 ], [ 92.4759677, 27.1954482 ], [ 92.4761007, 27.1953871 ], [ 92.4763038, 27.1953611 ], [ 92.4765479, 27.1954989 ], [ 92.4766663, 27.1956224 ], [ 92.4768665, 27.1955951 ], [ 92.4770243, 27.1955717 ] ] } },
{ "type": "Feature", "properties": { "element": "way", "id": 1168494010, "highway": "residential", "ref": null, "ref:old": null, "source": null, "name": null, "name:en": null, "surface": null, "bridge": null, "bridge:structure": null, "layer": null, "name:zh": null, "sidewalk": null, "smoothness": null, "lanes": null, "route": null, "alt_name": null, "service": null, "oneway": null }, "geometry": { "type": "LineString", "coordinates": [ [ 92.4533059, 27.2137452 ], [ 92.4529971, 27.2133592 ], [ 92.4527807, 27.2133909 ], [ 92.4525407, 27.2135042 ], [ 92.4524666, 27.2136123 ], [ 92.4521495, 27.2137019 ], [ 92.4518442, 27.2137282 ], [ 92.451613, 27.2136966 ], [ 92.4513166, 27.2134989 ], [ 92.4511951, 27.2133751 ], [ 92.4506735, 27.213093 ], [ 92.4506172, 27.213014 ], [ 92.4504957, 27.2130825 ], [ 92.4504334, 27.2132169 ], [ 92.4502408, 27.2130746 ], [ 92.4501549, 27.212898 ], [ 92.4500292, 27.2128639 ], [ 92.4499622, 27.2126423 ], [ 92.4498466, 27.2125448 ], [ 92.4498051, 27.2124288 ], [ 92.4496984, 27.2123603 ], [ 92.4496451, 27.2122417 ], [ 92.4495325, 27.2121363 ], [ 92.4494613, 27.2119623 ], [ 92.4494287, 27.2117699 ] ] } },
{ "type": "Feature", "properties": { "element": "way", "id": 1168494011, "highway": "residential", "ref": null, "ref:old": null, "source": null, "name": null, "name:en": null, "surface": null, "bridge": null, "bridge:structure": null, "layer": null, "name:zh": null, "sidewalk": null, "smoothness": null, "lanes": null, "route": null, "alt_name": null, "service": null, "oneway": null }, "geometry": { "type": "LineString", "coordinates": [ [ 92.454201, 27.2147744 ], [ 92.4538506, 27.2144478 ] ] } },
{ "type": "Feature", "properties": { "element": "way", "id": 1168494012, "highway": "residential", "ref": null, "ref:old": null, "source": null, "name": null, "name:en": null, "surface": null, "bridge": "yes", "bridge:structure": null, "layer": "1", "name:zh": null, "sidewalk": null, "smoothness": null, "lanes": null, "route": null, "alt_name": null, "service": null, "oneway": null }, "geometry": { "type": "LineString", "coordinates": [ [ 92.4538506, 27.2144478 ], [ 92.4533059, 27.2137452 ] ] } },
{ "type": "Feature", "properties": { "element": "way", "id": 1168494016, "highway": "residential", "ref": null, "ref:old": null, "source": null, "name": null, "name:en": null, "surface": null, "bridge": null, "bridge:structure": null, "layer": null, "name:zh": null, "sidewalk": null, "smoothness": null, "lanes": null, "route": null, "alt_name": null, "service": null, "oneway": null }, "geometry": { "type": "LineString", "coordinates": [ [ 92.4783513, 27.2074942 ], [ 92.4782444, 27.2073347 ], [ 92.4782899, 27.207312 ], [ 92.4783684, 27.2073424 ], [ 92.4785796, 27.2074244 ], [ 92.4788162, 27.2074609 ], [ 92.478918, 27.2074031 ], [ 92.4788361, 27.2073485 ], [ 92.4785391, 27.207312 ], [ 92.4784879, 27.207221 ], [ 92.478406, 27.2071208 ], [ 92.4781738, 27.2070479 ] ] } },
{ "type": "Feature", "properties": { "element": "way", "id": 1168494017, "highway": "residential", "ref": null, "ref:old": null, "source": null, "name": null, "name:en": null, "surface": null, "bridge": null, "bridge:structure": null, "layer": null, "name:zh": null, "sidewalk": null, "smoothness": null, "lanes": null, "route": null, "alt_name": null, "service": null, "oneway": null }, "geometry": { "type": "LineString", "coordinates": [ [ 92.4776037, 27.2082046 ], [ 92.4775368, 27.2081418 ], [ 92.4773545, 27.2081166 ], [ 92.4773033, 27.208062 ], [ 92.4773476, 27.2080073 ], [ 92.4777505, 27.2080711 ], [ 92.4778905, 27.2080195 ], [ 92.478148, 27.2077259 ] ] } },
{ "type": "Feature", "properties": { "element": "way", "id": 1168494018, "highway": "residential", "ref": null, "ref:old": null, "source": null, "name": null, "name:en": null, "surface": null, "bridge": "yes", "bridge:structure": null, "layer": "1", "name:zh": null, "sidewalk": null, "smoothness": null, "lanes": null, "route": null, "alt_name": null, "service": null, "oneway": null }, "geometry": { "type": "LineString", "coordinates": [ [ 92.478148, 27.2077259 ], [ 92.4783513, 27.2074942 ] ] } },
{ "type": "Feature", "properties": { "element": "way", "id": 1168494022, "highway": "residential", "ref": null, "ref:old": null, "source": null, "name": null, "name:en": null, "surface": null, "bridge": null, "bridge:structure": null, "layer": null, "name:zh": null, "sidewalk": null, "smoothness": null, "lanes": null, "route": null, "alt_name": null, "service": null, "oneway": null }, "geometry": { "type": "LineString", "coordinates": [ [ 92.4307893, 27.2177324 ], [ 92.4307664, 27.2176522 ], [ 92.4308075, 27.2175584 ], [ 92.4308127, 27.2174966 ], [ 92.430437, 27.2174554 ], [ 92.4304499, 27.2173593 ], [ 92.4307098, 27.217309 ], [ 92.4308847, 27.2172198 ], [ 92.4310777, 27.217055 ] ] } },
{ "type": "Feature", "properties": { "element": "way", "id": 1168494023, "highway": "residential", "ref": null, "ref:old": null, "source": null, "name": null, "name:en": null, "surface": null, "bridge": null, "bridge:structure": null, "layer": null, "name:zh": null, "sidewalk": null, "smoothness": null, "lanes": null, "route": null, "alt_name": null, "service": null, "oneway": null }, "geometry": { "type": "LineString", "coordinates": [ [ 92.4310407, 27.2186107 ], [ 92.4309139, 27.2181677 ] ] } },
{ "type": "Feature", "properties": { "element": "way", "id": 1168494024, "highway": "residential", "ref": null, "ref:old": null, "source": null, "name": null, "name:en": null, "surface": null, "bridge": "yes", "bridge:structure": null, "layer": "1", "name:zh": null, "sidewalk": null, "smoothness": null, "lanes": null, "route": null, "alt_name": null, "service": null, "oneway": null }, "geometry": { "type": "LineString", "coordinates": [ [ 92.4309139, 27.2181677 ], [ 92.4307893, 27.2177324 ] ] } },
{ "type": "Feature", "properties": { "element": "way", "id": 1168494025, "highway": "residential", "ref": null, "ref:old": null, "source": null, "name": null, "name:en": null, "surface": null, "bridge": null, "bridge:structure": null, "layer": null, "name:zh": null, "sidewalk": null, "smoothness": null, "lanes": null, "route": null, "alt_name": null, "service": null, "oneway": null }, "geometry": { "type": "LineString", "coordinates": [ [ 92.4307664, 27.2176522 ], [ 92.4310005, 27.2176041 ], [ 92.4311857, 27.2176659 ], [ 92.4319345, 27.2174875 ], [ 92.4320108, 27.2174675 ], [ 92.4321969, 27.2174188 ], [ 92.4322458, 27.2173868 ], [ 92.4325263, 27.2173296 ], [ 92.432617, 27.2172944 ], [ 92.4328685, 27.2171969 ], [ 92.4332904, 27.217023 ], [ 92.4335117, 27.2169017 ], [ 92.4336275, 27.2168468 ], [ 92.4337973, 27.2166798 ], [ 92.4342759, 27.2163777 ], [ 92.4344302, 27.2161741 ], [ 92.4343402, 27.2160254 ] ] } },
{ "type": "Feature", "properties": { "element": "way", "id": 1168494026, "highway": "residential", "ref": null, "ref:old": null, "source": null, "name": null, "name:en": null, "surface": null, "bridge": null, "bridge:structure": null, "layer": null, "name:zh": null, "sidewalk": null, "smoothness": null, "lanes": null, "route": null, "alt_name": null, "service": null, "oneway": null }, "geometry": { "type": "LineString", "coordinates": [ [ 92.432617, 27.2172944 ], [ 92.432552, 27.2171122 ], [ 92.433046, 27.2169498 ] ] } },
{ "type": "Feature", "properties": { "element": "way", "id": 1168494027, "highway": "residential", "ref": null, "ref:old": null, "source": null, "name": null, "name:en": null, "surface": null, "bridge": null, "bridge:structure": null, "layer": null, "name:zh": null, "sidewalk": null, "smoothness": null, "lanes": null, "route": null, "alt_name": null, "service": null, "oneway": null }, "geometry": { "type": "LineString", "coordinates": [ [ 92.432552, 27.2171122 ], [ 92.4324542, 27.2171145 ], [ 92.4324028, 27.2170939 ], [ 92.4321841, 27.2171603 ], [ 92.4320708, 27.2171397 ], [ 92.4319319, 27.2171923 ], [ 92.4318907, 27.2172014 ], [ 92.4320108, 27.2174675 ] ] } },
{ "type": "Feature", "properties": { "element": "way", "id": 1168494029, "highway": "tertiary", "ref": null, "ref:old": null, "source": null, "name": null, "name:en": null, "surface": null, "bridge": null, "bridge:structure": null, "layer": null, "name:zh": null, "sidewalk": null, "smoothness": null, "lanes": null, "route": null, "alt_name": null, "service": null, "oneway": null }, "geometry": { "type": "LineString", "coordinates": [ [ 92.4382855, 27.2156983 ], [ 92.4388835, 27.2156382 ], [ 92.4394468, 27.2154955 ], [ 92.4397916, 27.2154074 ], [ 92.4398838, 27.2153922 ], [ 92.4399043, 27.2154469 ], [ 92.4397302, 27.2155107 ], [ 92.4394163, 27.2156457 ], [ 92.4392207, 27.2157166 ], [ 92.4388451, 27.2158653 ], [ 92.4388013, 27.2159568 ], [ 92.4387962, 27.2162589 ], [ 92.4385904, 27.2166913 ], [ 92.4381864, 27.2170986 ], [ 92.4380089, 27.2172267 ], [ 92.4380166, 27.2173068 ], [ 92.4381041, 27.2172999 ], [ 92.4384231, 27.2171649 ], [ 92.4387036, 27.216991 ], [ 92.4389557, 27.2168172 ], [ 92.4391384, 27.2167783 ], [ 92.4393314, 27.216506 ], [ 92.4394214, 27.2163069 ], [ 92.4397147, 27.2161605 ], [ 92.4399489, 27.2161559 ], [ 92.4399695, 27.2162314 ], [ 92.4399026, 27.2162703 ], [ 92.4397096, 27.2163206 ], [ 92.4396195, 27.2164053 ], [ 92.4396478, 27.2164854 ], [ 92.4399514, 27.2164373 ], [ 92.4401341, 27.2163916 ], [ 92.4402705, 27.2163527 ], [ 92.4405561, 27.2163527 ], [ 92.4407285, 27.2163115 ], [ 92.4409009, 27.2162039 ], [ 92.441063, 27.2161948 ], [ 92.4411376, 27.2162314 ], [ 92.441063, 27.2162978 ], [ 92.4408931, 27.216371 ], [ 92.4406487, 27.2165472 ], [ 92.4400672, 27.2168172 ], [ 92.4397894, 27.2169956 ], [ 92.4397894, 27.217229 ], [ 92.4397199, 27.2173869 ], [ 92.4394446, 27.2175448 ], [ 92.4391358, 27.2177644 ], [ 92.4390869, 27.2178971 ], [ 92.4390972, 27.2181648 ], [ 92.4391307, 27.218373 ], [ 92.4390561, 27.2185263 ], [ 92.4391358, 27.218611 ], [ 92.4392362, 27.2185995 ], [ 92.4393597, 27.2184646 ], [ 92.4393622, 27.2181465 ], [ 92.4394394, 27.2179841 ], [ 92.4396298, 27.2179246 ], [ 92.4398511, 27.2178994 ], [ 92.4402473, 27.2177438 ], [ 92.4410475, 27.2174555 ], [ 92.4412585, 27.2174304 ], [ 92.4413537, 27.217483 ], [ 92.4413331, 27.2175837 ], [ 92.441099, 27.2177621 ], [ 92.4406333, 27.2180275 ], [ 92.4404918, 27.2180916 ], [ 92.4403451, 27.2182266 ], [ 92.4400055, 27.2183662 ], [ 92.4399797, 27.2184897 ], [ 92.440129, 27.2185218 ], [ 92.4404069, 27.2184188 ], [ 92.4410552, 27.2182541 ], [ 92.4413897, 27.2181694 ], [ 92.4415004, 27.2181456 ], [ 92.4416136, 27.2181213 ], [ 92.441652, 27.2181291 ], [ 92.4419326, 27.2181854 ], [ 92.4421693, 27.2183273 ], [ 92.4419249, 27.2185881 ] ] } },
{ "type": "Feature", "properties": { "element": "way", "id": 1168494031, "highway": "service", "ref": null, "ref:old": null, "source": null, "name": null, "name:en": null, "surface": null, "bridge": null, "bridge:structure": null, "layer": null, "name:zh": null, "sidewalk": null, "smoothness": null, "lanes": null, "route": null, "alt_name": null, "service": null, "oneway": null }, "geometry": { "type": "LineString", "coordinates": [ [ 92.441652, 27.2181291 ], [ 92.4415004, 27.2182955 ], [ 92.4409009, 27.2186867 ], [ 92.4405072, 27.2188904 ], [ 92.4404635, 27.2190254 ], [ 92.440677, 27.2192976 ], [ 92.4406947, 27.2195748 ], [ 92.4406976, 27.2196203 ], [ 92.4405844, 27.2198674 ], [ 92.440322, 27.2200504 ], [ 92.4402577, 27.2202678 ], [ 92.4399901, 27.2204188 ], [ 92.4399669, 27.2204897 ], [ 92.4400441, 27.2205057 ], [ 92.4402139, 27.2204439 ], [ 92.4403812, 27.2204371 ], [ 92.4406393, 27.2203018 ], [ 92.4407697, 27.2202334 ], [ 92.4409086, 27.2199566 ], [ 92.4410604, 27.2198193 ], [ 92.4412199, 27.2196889 ], [ 92.4414566, 27.219666 ], [ 92.4418529, 27.2194807 ] ] } },
{ "type": "Feature", "properties": { "element": "way", "id": 1168494032, "highway": "service", "ref": null, "ref:old": null, "source": null, "name": null, "name:en": null, "surface": null, "bridge": null, "bridge:structure": null, "layer": null, "name:zh": null, "sidewalk": null, "smoothness": null, "lanes": null, "route": null, "alt_name": null, "service": null, "oneway": null }, "geometry": { "type": "LineString", "coordinates": [ [ 92.4406947, 27.2195748 ], [ 92.4404686, 27.2198285 ], [ 92.4402036, 27.2198513 ], [ 92.4397662, 27.2200207 ], [ 92.4394858, 27.2200321 ], [ 92.4394549, 27.2201808 ], [ 92.4393726, 27.2202609 ], [ 92.4391513, 27.220103 ], [ 92.4388605, 27.2200481 ], [ 92.4386907, 27.2200184 ], [ 92.4383948, 27.2200252 ], [ 92.4381633, 27.2200413 ], [ 92.4379754, 27.2201396 ], [ 92.4376307, 27.2201968 ], [ 92.437466, 27.2202106 ] ] } },
{ "type": "Feature", "properties": { "element": "way", "id": 1168494033, "highway": "service", "ref": null, "ref:old": null, "source": null, "name": null, "name:en": null, "surface": null, "bridge": null, "bridge:structure": null, "layer": null, "name:zh": null, "sidewalk": null, "smoothness": null, "lanes": null, "route": null, "alt_name": null, "service": null, "oneway": null }, "geometry": { "type": "LineString", "coordinates": [ [ 92.4406393, 27.2203018 ], [ 92.4405201, 27.2207345 ], [ 92.4403503, 27.2209679 ], [ 92.4404069, 27.2211281 ], [ 92.4406745, 27.2212379 ], [ 92.4409035, 27.2212402 ] ] } },
{ "type": "Feature", "properties": { "element": "way", "id": 1168494038, "highway": "service", "ref": null, "ref:old": null, "source": null, "name": null, "name:en": null, "surface": null, "bridge": null, "bridge:structure": null, "layer": null, "name:zh": null, "sidewalk": null, "smoothness": null, "lanes": null, "route": null, "alt_name": null, "service": null, "oneway": null }, "geometry": { "type": "LineString", "coordinates": [ [ 92.4151686, 27.2366696 ], [ 92.4151908, 27.2365612 ], [ 92.4154361, 27.2353664 ], [ 92.4154558, 27.235209 ], [ 92.4154243, 27.2349503 ], [ 92.4154519, 27.2348034 ], [ 92.4153326, 27.2346825 ], [ 92.4152552, 27.2346041 ], [ 92.4151923, 27.2344468 ], [ 92.4152356, 27.2342335 ], [ 92.4150508, 27.2338734 ], [ 92.4148187, 27.2333838 ], [ 92.4148699, 27.2332265 ], [ 92.4150154, 27.2330936 ], [ 92.4151176, 27.2328943 ], [ 92.4150232, 27.2326845 ], [ 92.4150665, 27.2325202 ], [ 92.4153103, 27.2323279 ], [ 92.4153418, 27.2317545 ], [ 92.4154322, 27.2317055 ], [ 92.4158254, 27.2316705 ], [ 92.416085, 27.2316426 ], [ 92.4163603, 27.2315202 ], [ 92.4167378, 27.2316146 ], [ 92.4168282, 27.2318489 ], [ 92.4170052, 27.2320482 ], [ 92.4170209, 27.2321321 ], [ 92.4172883, 27.2323978 ], [ 92.4179726, 27.2324398 ], [ 92.4181102, 27.2324468 ], [ 92.4183422, 27.2326083 ], [ 92.4183936, 27.2330055 ], [ 92.4185968, 27.2331326 ], [ 92.4187509, 27.2330095 ], [ 92.4189363, 27.2328764 ], [ 92.4191552, 27.2328764 ], [ 92.4193205, 27.2329916 ], [ 92.4198052, 27.2332002 ], [ 92.4200465, 27.2332677 ], [ 92.4204374, 27.2335239 ], [ 92.4206674, 27.2335557 ], [ 92.4209198, 27.2333074 ], [ 92.4207635, 27.2331942 ], [ 92.4204865, 27.2332101 ], [ 92.4203034, 27.2331167 ], [ 92.4203503, 27.2328149 ], [ 92.4201202, 27.2327612 ], [ 92.4200778, 27.2324633 ], [ 92.4198723, 27.2323223 ], [ 92.4198522, 27.232225 ], [ 92.4199303, 27.2322508 ], [ 92.4200554, 27.2323163 ], [ 92.4202118, 27.2323779 ], [ 92.4203279, 27.232505 ], [ 92.4206496, 27.2325706 ], [ 92.4206898, 27.2326639 ], [ 92.420625, 27.2328526 ], [ 92.4206585, 27.2329122 ], [ 92.42073, 27.2328943 ], [ 92.4209087, 27.2323441 ], [ 92.4208618, 27.2322806 ], [ 92.4205245, 27.2322846 ], [ 92.4205044, 27.2322309 ], [ 92.4211343, 27.232074 ], [ 92.4211365, 27.2319469 ], [ 92.4209221, 27.2318099 ], [ 92.4207188, 27.2317324 ], [ 92.4205491, 27.2317245 ], [ 92.4204955, 27.231655 ], [ 92.4205491, 27.2316153 ], [ 92.4208238, 27.2316391 ], [ 92.421208, 27.2315994 ], [ 92.4213733, 27.2316252 ], [ 92.4214247, 27.2315676 ], [ 92.4213755, 27.23151 ], [ 92.4209891, 27.2315199 ], [ 92.4208528, 27.2314961 ], [ 92.4206875, 27.2313849 ], [ 92.4205022, 27.2313372 ], [ 92.4203994, 27.231365 ], [ 92.4199772, 27.2316292 ], [ 92.4198432, 27.231653 ], [ 92.4196645, 27.2315775 ], [ 92.4195707, 27.2314067 ], [ 92.4194434, 27.2313312 ], [ 92.4193496, 27.2311624 ], [ 92.4191843, 27.2310274 ], [ 92.4190145, 27.230934 ], [ 92.4190145, 27.2306897 ], [ 92.4190659, 27.2305269 ], [ 92.4192759, 27.2301813 ], [ 92.4194389, 27.2299886 ], [ 92.4197494, 27.2298655 ], [ 92.4198097, 27.2297979 ], [ 92.4197472, 27.2296708 ], [ 92.4197918, 27.2294682 ], [ 92.4197338, 27.2293014 ], [ 92.4198566, 27.2289936 ], [ 92.420013, 27.2287771 ], [ 92.4201001, 27.228644 ], [ 92.4200644, 27.2285546 ], [ 92.4198656, 27.2285149 ], [ 92.419774, 27.22835 ], [ 92.4197896, 27.2281892 ], [ 92.419698, 27.2281494 ], [ 92.419468, 27.2281792 ], [ 92.419229, 27.2279349 ], [ 92.4190212, 27.2277204 ], [ 92.4188649, 27.2277026 ], [ 92.4186772, 27.2277542 ], [ 92.4186303, 27.2276529 ], [ 92.4187956, 27.2273728 ], [ 92.4188202, 27.2272298 ], [ 92.4187599, 27.2271842 ], [ 92.418608, 27.2271186 ], [ 92.4186259, 27.2265486 ], [ 92.418532, 27.2262904 ], [ 92.418293, 27.2258614 ], [ 92.4181858, 27.2255972 ], [ 92.4179223, 27.2254145 ], [ 92.4177637, 27.2252099 ], [ 92.417576, 27.2250748 ], [ 92.4174554, 27.2248245 ], [ 92.4173549, 27.2247193 ], [ 92.417107, 27.2245981 ], [ 92.4170467, 27.2244551 ], [ 92.4169841, 27.2242426 ], [ 92.4169729, 27.2240301 ], [ 92.4169908, 27.2238553 ], [ 92.4167496, 27.2236507 ], [ 92.4166401, 27.2235752 ] ] } },
{ "type": "Feature", "properties": { "element": "way", "id": 1168494041, "highway": "path", "ref": null, "ref:old": null, "source": null, "name": null, "name:en": null, "surface": null, "bridge": null, "bridge:structure": null, "layer": null, "name:zh": null, "sidewalk": null, "smoothness": null, "lanes": null, "route": null, "alt_name": null, "service": null, "oneway": null }, "geometry": { "type": "LineString", "coordinates": [ [ 92.4133708, 27.2329389 ], [ 92.4137316, 27.2329521 ], [ 92.4140813, 27.2329047 ], [ 92.4142206, 27.2329784 ], [ 92.4144992, 27.2329468 ], [ 92.4146267, 27.2328467 ], [ 92.4148252, 27.2327597 ], [ 92.4148608, 27.2327729 ], [ 92.4150232, 27.2326845 ] ] } },
{ "type": "Feature", "properties": { "element": "way", "id": 1168494043, "highway": "tertiary", "ref": null, "ref:old": null, "source": null, "name": null, "name:en": null, "surface": null, "bridge": null, "bridge:structure": null, "layer": null, "name:zh": null, "sidewalk": null, "smoothness": null, "lanes": null, "route": null, "alt_name": null, "service": null, "oneway": null }, "geometry": { "type": "LineString", "coordinates": [ [ 92.4161884, 27.2439687 ], [ 92.4161272, 27.2439122 ], [ 92.4160047, 27.2438605 ], [ 92.4153382, 27.2436289 ], [ 92.4150248, 27.2434735 ], [ 92.4149819, 27.2434377 ], [ 92.414969, 27.2434019 ], [ 92.4149752, 27.243359 ], [ 92.4149938, 27.2433263 ], [ 92.4152201, 27.2431793 ], [ 92.4153971, 27.2430645 ], [ 92.4157493, 27.242671 ], [ 92.4158184, 27.2425806 ], [ 92.4159538, 27.2424417 ], [ 92.416115, 27.2423326 ], [ 92.4162514, 27.2420692 ], [ 92.4163272, 27.2419755 ], [ 92.4164791, 27.2419264 ], [ 92.4166557, 27.2418971 ], [ 92.4168449, 27.2418776 ], [ 92.417008, 27.2418269 ], [ 92.417247, 27.2417207 ], [ 92.418121, 27.2415021 ], [ 92.4189403, 27.2415416 ], [ 92.4190556, 27.2416085 ], [ 92.4191989, 27.2416872 ], [ 92.4193157, 27.2417832 ], [ 92.41939, 27.241887 ], [ 92.4194582, 27.2419581 ], [ 92.4195086, 27.2419641 ], [ 92.4195422, 27.2419436 ], [ 92.4195611, 27.2419055 ], [ 92.4195104, 27.2416661 ], [ 92.4194865, 27.2414177 ], [ 92.4194545, 27.2413678 ], [ 92.4193363, 27.2412442 ], [ 92.419319, 27.2411925 ], [ 92.4193329, 27.241141 ], [ 92.4193914, 27.2411174 ], [ 92.4194603, 27.2411176 ], [ 92.4195376, 27.2411579 ], [ 92.4196572, 27.2412836 ], [ 92.4198996, 27.2415446 ], [ 92.4199986, 27.2416812 ], [ 92.4200554, 27.2416919 ], [ 92.4201078, 27.2416569 ], [ 92.4201075, 27.2414311 ] ] } },
{ "type": "Feature", "properties": { "element": "way", "id": 1168494044, "highway": "tertiary", "ref": null, "ref:old": null, "source": null, "name": null, "name:en": null, "surface": null, "bridge": null, "bridge:structure": null, "layer": null, "name:zh": null, "sidewalk": null, "smoothness": null, "lanes": null, "route": null, "alt_name": null, "service": null, "oneway": null }, "geometry": { "type": "LineString", "coordinates": [ [ 92.4225283, 27.2423004 ], [ 92.4223453, 27.2420404 ], [ 92.422315, 27.2420093 ], [ 92.4222775, 27.241995 ], [ 92.4220491, 27.2419262 ], [ 92.4220273, 27.2419181 ], [ 92.422011, 27.2419022 ], [ 92.4219825, 27.2418634 ], [ 92.4219718, 27.2418057 ] ] } },
{ "type": "Feature", "properties": { "element": "way", "id": 1168494045, "highway": "tertiary", "ref": null, "ref:old": null, "source": null, "name": null, "name:en": null, "surface": null, "bridge": null, "bridge:structure": null, "layer": null, "name:zh": null, "sidewalk": null, "smoothness": null, "lanes": null, "route": null, "alt_name": null, "service": null, "oneway": null }, "geometry": { "type": "LineString", "coordinates": [ [ 92.4225283, 27.2423004 ], [ 92.4226268, 27.2424283 ], [ 92.4227775, 27.2425584 ], [ 92.4230895, 27.2428317 ], [ 92.4231276, 27.2428497 ], [ 92.4231673, 27.2428456 ], [ 92.4231907, 27.2428124 ], [ 92.4231974, 27.2427709 ], [ 92.4231743, 27.2426992 ], [ 92.4230888, 27.2426226 ], [ 92.4230342, 27.2425612 ], [ 92.4230199, 27.2425098 ], [ 92.4230272, 27.2424615 ], [ 92.4230575, 27.2424249 ], [ 92.4231054, 27.2424304 ], [ 92.4231454, 27.2424418 ], [ 92.4231895, 27.2424896 ], [ 92.4232623, 27.2425888 ], [ 92.4233179, 27.2427273 ], [ 92.4233861, 27.2428186 ], [ 92.4235783, 27.2430086 ], [ 92.4237509, 27.2432028 ], [ 92.4238772, 27.2433075 ], [ 92.4239355, 27.243377 ], [ 92.4239651, 27.2434493 ], [ 92.424027, 27.2438848 ], [ 92.4242967, 27.2441397 ], [ 92.4244776, 27.244158 ], [ 92.4246518, 27.2442126 ], [ 92.42486, 27.2442521 ], [ 92.4251946, 27.2444524 ], [ 92.4256418, 27.2445981 ], [ 92.4257579, 27.2446072 ], [ 92.4261675, 27.2448894 ], [ 92.4262295, 27.2448841 ], [ 92.4262597, 27.244853 ], [ 92.4262437, 27.2447598 ], [ 92.4261744, 27.2446527 ], [ 92.4259832, 27.2445009 ], [ 92.4258022, 27.2443036 ], [ 92.4256315, 27.2442126 ], [ 92.4255633, 27.2441155 ], [ 92.4254643, 27.2440548 ], [ 92.4253516, 27.2439819 ], [ 92.4253235, 27.243937 ], [ 92.4253345, 27.2438787 ], [ 92.4254084, 27.2438678 ], [ 92.4254779, 27.2438909 ], [ 92.4258876, 27.2440517 ], [ 92.4261436, 27.2440274 ], [ 92.4265157, 27.2442005 ], [ 92.4268025, 27.2442703 ], [ 92.4275126, 27.2446497 ], [ 92.427697, 27.2446982 ], [ 92.4279003, 27.2447108 ], [ 92.4279637, 27.2447598 ], [ 92.4280037, 27.2448362 ], [ 92.4279359, 27.2450685 ], [ 92.427912, 27.2452415 ], [ 92.4279283, 27.2453262 ], [ 92.4279837, 27.2454024 ], [ 92.4280911, 27.2454599 ], [ 92.4282056, 27.2454934 ], [ 92.4283513, 27.2455732 ], [ 92.4283849, 27.2456251 ], [ 92.4283868, 27.245699 ], [ 92.428349, 27.2459153 ], [ 92.4283012, 27.2463129 ], [ 92.4283115, 27.2465527 ], [ 92.4284856, 27.2469897 ], [ 92.428409, 27.2473047 ], [ 92.4283661, 27.2474814 ], [ 92.4284112, 27.2477397 ], [ 92.4282736, 27.2478957 ], [ 92.4282261, 27.2480186 ], [ 92.4282145, 27.2481056 ], [ 92.4282575, 27.2483774 ], [ 92.4283234, 27.2484915 ], [ 92.4284747, 27.2485944 ], [ 92.4285743, 27.2486924 ], [ 92.4285391, 27.2487828 ], [ 92.4283831, 27.2490657 ], [ 92.4283866, 27.2493267 ], [ 92.4286289, 27.2498184 ], [ 92.4285797, 27.2501522 ], [ 92.428507, 27.2502693 ], [ 92.4284397, 27.2502753 ], [ 92.4283744, 27.2502493 ], [ 92.4282534, 27.2500703 ], [ 92.4281271, 27.249958 ], [ 92.4278199, 27.2499702 ], [ 92.4274853, 27.2497911 ], [ 92.4272088, 27.2497911 ], [ 92.4267513, 27.2496818 ], [ 92.4266861, 27.2496872 ], [ 92.4266349, 27.2497131 ], [ 92.4264897, 27.2498178 ], [ 92.426427, 27.2498397 ], [ 92.4263446, 27.2498194 ], [ 92.4258705, 27.2496272 ], [ 92.4258137, 27.2495393 ], [ 92.4257818, 27.2495149 ], [ 92.4257004, 27.2494843 ], [ 92.4251673, 27.2494451 ], [ 92.4247644, 27.2492752 ], [ 92.424604, 27.2492084 ], [ 92.4243923, 27.2491568 ], [ 92.4242421, 27.2490384 ], [ 92.4239895, 27.2489625 ], [ 92.423788, 27.2488229 ], [ 92.4232955, 27.2486552 ], [ 92.4232225, 27.2486565 ], [ 92.4231734, 27.2487008 ], [ 92.4231565, 27.2487744 ], [ 92.4231117, 27.2496111 ], [ 92.4231148, 27.2498248 ], [ 92.4230884, 27.2499968 ], [ 92.4228868, 27.2502646 ], [ 92.4226375, 27.2504042 ], [ 92.4224566, 27.2505468 ] ] } },
{ "type": "Feature", "properties": { "element": "way", "id": 1168494046, "highway": "tertiary", "ref": null, "ref:old": null, "source": null, "name": null, "name:en": null, "surface": null, "bridge": null, "bridge:structure": null, "layer": null, "name:zh": null, "sidewalk": null, "smoothness": null, "lanes": null, "route": null, "alt_name": null, "service": null, "oneway": null }, "geometry": { "type": "LineString", "coordinates": [ [ 92.4282056, 27.2454934 ], [ 92.4283944, 27.2454157 ], [ 92.4286391, 27.2455043 ], [ 92.4289069, 27.2453706 ], [ 92.429316, 27.2452448 ], [ 92.4300004, 27.2456496 ], [ 92.4300596, 27.2459836 ], [ 92.4302063, 27.2461026 ], [ 92.4303529, 27.2464434 ], [ 92.4306154, 27.2466401 ], [ 92.4310116, 27.2467591 ], [ 92.4310759, 27.2471571 ], [ 92.4310656, 27.2474705 ], [ 92.4311248, 27.247626 ], [ 92.431449, 27.2479485 ] ] } },
{ "type": "Feature", "properties": { "element": "way", "id": 1168494047, "highway": "unclassified", "ref": null, "ref:old": null, "source": null, "name": null, "name:en": null, "surface": null, "bridge": null, "bridge:structure": null, "layer": null, "name:zh": null, "sidewalk": null, "smoothness": null, "lanes": null, "route": null, "alt_name": null, "service": null, "oneway": null }, "geometry": { "type": "LineString", "coordinates": [ [ 92.431449, 27.2479485 ], [ 92.4317452, 27.248169 ], [ 92.4318299, 27.2481276 ], [ 92.4318481, 27.2481187 ], [ 92.4319793, 27.2480135 ], [ 92.4319536, 27.2478625 ], [ 92.4317529, 27.2473936 ], [ 92.4318352, 27.2471534 ], [ 92.431915, 27.2469132 ], [ 92.4320411, 27.2467554 ] ] } },
{ "type": "Feature", "properties": { "element": "way", "id": 1168494048, "highway": "track", "ref": null, "ref:old": null, "source": null, "name": null, "name:en": null, "surface": null, "bridge": null, "bridge:structure": null, "layer": null, "name:zh": null, "sidewalk": null, "smoothness": null, "lanes": null, "route": null, "alt_name": null, "service": null, "oneway": null }, "geometry": { "type": "LineString", "coordinates": [ [ 92.4318299, 27.2481276 ], [ 92.4321105, 27.248137 ], [ 92.4320694, 27.2482354 ], [ 92.4323601, 27.2481233 ], [ 92.4327666, 27.2482445 ], [ 92.4325788, 27.2477756 ], [ 92.4324605, 27.2474576 ], [ 92.432674, 27.2471282 ], [ 92.4327975, 27.2468949 ], [ 92.4330214, 27.2467325 ], [ 92.4335359, 27.2468332 ], [ 92.4336749, 27.2469109 ], [ 92.4340891, 27.2467805 ], [ 92.4342795, 27.2468606 ] ] } },
{ "type": "Feature", "properties": { "element": "way", "id": 1168494049, "highway": "unclassified", "ref": null, "ref:old": null, "source": null, "name": null, "name:en": null, "surface": null, "bridge": null, "bridge:structure": null, "layer": null, "name:zh": null, "sidewalk": null, "smoothness": null, "lanes": null, "route": null, "alt_name": null, "service": null, "oneway": null }, "geometry": { "type": "LineString", "coordinates": [ [ 92.428409, 27.2473047 ], [ 92.4288905, 27.2467192 ], [ 92.4291055, 27.2459028 ], [ 92.4292489, 27.2458603 ], [ 92.4296518, 27.2460909 ], [ 92.4297371, 27.2465978 ], [ 92.4299488, 27.2467101 ], [ 92.4300956, 27.2468224 ], [ 92.4300184, 27.2470115 ], [ 92.4296736, 27.2473111 ], [ 92.4294755, 27.2474758 ], [ 92.429424, 27.2479516 ], [ 92.4293211, 27.2481552 ], [ 92.4294266, 27.2481849 ], [ 92.429581, 27.2478899 ], [ 92.4296663, 27.2475937 ], [ 92.4296916, 27.2475056 ], [ 92.4297328, 27.2473775 ] ] } },
{ "type": "Feature", "properties": { "element": "way", "id": 1168494050, "highway": "unclassified", "ref": null, "ref:old": null, "source": null, "name": null, "name:en": null, "surface": null, "bridge": null, "bridge:structure": null, "layer": null, "name:zh": null, "sidewalk": null, "smoothness": null, "lanes": null, "route": null, "alt_name": null, "service": null, "oneway": null }, "geometry": { "type": "LineString", "coordinates": [ [ 92.4296663, 27.2475937 ], [ 92.4297096, 27.2479745 ], [ 92.4295347, 27.2484045 ], [ 92.429581, 27.2485738 ], [ 92.4298434, 27.2486653 ], [ 92.4299206, 27.2487911 ], [ 92.4298177, 27.2491068 ], [ 92.4297302, 27.2494407 ], [ 92.4299489, 27.249841 ], [ 92.4298743, 27.2500629 ], [ 92.4300415, 27.2504289 ], [ 92.4299618, 27.2506485 ], [ 92.4300107, 27.2512981 ], [ 92.4296968, 27.251815 ], [ 92.4296685, 27.2519957 ], [ 92.4295475, 27.2523022 ], [ 92.4294858, 27.2525172 ], [ 92.429192, 27.25263 ], [ 92.4290329, 27.2526911 ], [ 92.4289995, 27.2527826 ], [ 92.4293005, 27.2529381 ], [ 92.4297997, 27.2532721 ], [ 92.4301882, 27.2534619 ], [ 92.4300981, 27.2537867 ], [ 92.429828, 27.2539674 ], [ 92.4298511, 27.2541664 ], [ 92.4297122, 27.2544157 ], [ 92.429846, 27.2546513 ], [ 92.4299927, 27.2550973 ], [ 92.4300904, 27.255278 ], [ 92.4300364, 27.2555845 ], [ 92.4301908, 27.2557698 ], [ 92.4301908, 27.2559208 ], [ 92.4304764, 27.2560008 ], [ 92.4306102, 27.2561083 ], [ 92.4308623, 27.2560763 ], [ 92.4309472, 27.2561586 ], [ 92.4308752, 27.2564034 ], [ 92.4304738, 27.2566321 ], [ 92.4303246, 27.2566595 ], [ 92.4302011, 27.2570255 ], [ 92.4301316, 27.2577185 ], [ 92.4300287, 27.2577277 ], [ 92.4299901, 27.2575081 ], [ 92.4300287, 27.2571948 ], [ 92.4300004, 27.2569409 ], [ 92.4301007, 27.2566778 ], [ 92.4300493, 27.2565795 ], [ 92.4299875, 27.2566504 ], [ 92.4299335, 27.2568448 ], [ 92.4299129, 27.2572268 ], [ 92.4297971, 27.258009 ], [ 92.4300493, 27.2580616 ], [ 92.4302885, 27.2580067 ], [ 92.4303992, 27.2581188 ], [ 92.4302654, 27.2584527 ], [ 92.4298563, 27.2586289 ], [ 92.4296582, 27.2586243 ], [ 92.4295115, 27.2586837 ], [ 92.4294755, 27.2588804 ], [ 92.4296813, 27.2592327 ], [ 92.4298923, 27.2593425 ], [ 92.429846, 27.2594568 ], [ 92.4296324, 27.2595666 ], [ 92.4295861, 27.2600698 ], [ 92.4295398, 27.2604312 ], [ 92.4296916, 27.2607056 ], [ 92.4301882, 27.2609069 ], [ 92.4303863, 27.2609892 ], [ 92.4307285, 27.2613712 ], [ 92.430623, 27.2618629 ], [ 92.4303709, 27.2621671 ], [ 92.4301393, 27.2624233 ], [ 92.4302911, 27.2627824 ], [ 92.4303503, 27.2631163 ], [ 92.430268, 27.2633633 ], [ 92.4302084, 27.2634728 ], [ 92.4300776, 27.2637132 ], [ 92.4300879, 27.2641798 ], [ 92.4300493, 27.2645434 ], [ 92.4302139, 27.2651884 ], [ 92.4303426, 27.2653645 ], [ 92.4304481, 27.2657304 ], [ 92.4305587, 27.2659386 ], [ 92.4305664, 27.2662473 ], [ 92.4304378, 27.2661764 ], [ 92.4304378, 27.2659614 ], [ 92.4303554, 27.2658974 ], [ 92.4302062, 27.2659043 ], [ 92.4301393, 27.2657442 ], [ 92.4299489, 27.2656298 ], [ 92.4292156, 27.2658585 ], [ 92.4290793, 27.2657853 ], [ 92.4290175, 27.265536 ], [ 92.4289583, 27.2651289 ], [ 92.428647, 27.264699 ], [ 92.4284257, 27.264468 ], [ 92.4282122, 27.2643216 ], [ 92.428382, 27.2648979 ], [ 92.4283048, 27.2651701 ], [ 92.4281736, 27.2651838 ], [ 92.4282199, 27.2649574 ], [ 92.4281504, 27.2647287 ], [ 92.4279677, 27.2644634 ], [ 92.4277876, 27.2641684 ], [ 92.4277645, 27.2639442 ], [ 92.4274609, 27.2637018 ], [ 92.4271418, 27.2636698 ], [ 92.4268511, 27.2634754 ], [ 92.4266272, 27.2635554 ], [ 92.4264317, 27.2636309 ], [ 92.426177, 27.2635371 ], [ 92.4259557, 27.2633633 ], [ 92.4258991, 27.2632078 ], [ 92.4258373, 27.2628556 ], [ 92.4256727, 27.2626268 ], [ 92.4252644, 27.2623783 ], [ 92.4252481, 27.2623684 ], [ 92.4250629, 27.262421 ], [ 92.4248005, 27.2626154 ], [ 92.4244917, 27.2626955 ], [ 92.4243759, 27.2628075 ], [ 92.4241392, 27.2628761 ], [ 92.4238502, 27.2632158 ], [ 92.4238275, 27.2632673 ], [ 92.4238228, 27.2633214 ], [ 92.4238315, 27.263451 ], [ 92.4238694, 27.2637652 ], [ 92.4238667, 27.2638661 ], [ 92.4238514, 27.2639302 ], [ 92.4238256, 27.2639676 ], [ 92.4237951, 27.2639945 ], [ 92.4237304, 27.264009 ], [ 92.4236673, 27.2640101 ], [ 92.423604, 27.2639991 ], [ 92.4235524, 27.2639777 ], [ 92.4235099, 27.2639482 ], [ 92.4233737, 27.2638466 ], [ 92.4230534, 27.2636208 ] ] } },
{ "type": "Feature", "properties": { "element": "way", "id": 1168494051, "highway": "unclassified", "ref": null, "ref:old": null, "source": null, "name": null, "name:en": null, "surface": null, "bridge": null, "bridge:structure": null, "layer": null, "name:zh": null, "sidewalk": null, "smoothness": null, "lanes": null, "route": null, "alt_name": null, "service": null, "oneway": null }, "geometry": { "type": "LineString", "coordinates": [ [ 92.4176886, 27.2597551 ], [ 92.418005, 27.2597019 ], [ 92.4187177, 27.2599306 ], [ 92.4190007, 27.2598552 ], [ 92.4191731, 27.2595487 ], [ 92.4193378, 27.2592216 ], [ 92.419541, 27.259089 ], [ 92.4198627, 27.2593474 ], [ 92.4200711, 27.2595624 ], [ 92.4203104, 27.2596448 ], [ 92.4205213, 27.2596265 ], [ 92.4206989, 27.2594595 ], [ 92.4209639, 27.2594389 ], [ 92.4210179, 27.2589494 ], [ 92.4211054, 27.2588511 ], [ 92.4217821, 27.2588923 ], [ 92.4221372, 27.2589106 ], [ 92.4223044, 27.2590661 ], [ 92.4224305, 27.2592285 ], [ 92.4226955, 27.259137 ], [ 92.4229656, 27.2591301 ], [ 92.4234622, 27.2590821 ], [ 92.4239665, 27.2590478 ], [ 92.4244194, 27.2588877 ], [ 92.4245943, 27.2589243 ], [ 92.4249391, 27.2592239 ], [ 92.4253456, 27.2594915 ], [ 92.4254768, 27.2596036 ], [ 92.4254511, 27.2597957 ], [ 92.4255669, 27.2598094 ], [ 92.4257624, 27.2597774 ], [ 92.4260352, 27.2601411 ], [ 92.4260455, 27.2604064 ], [ 92.4260866, 27.2605185 ], [ 92.4263336, 27.2604727 ], [ 92.4267787, 27.2606008 ], [ 92.4270798, 27.2607014 ], [ 92.4273088, 27.2609599 ], [ 92.4275584, 27.2610559 ], [ 92.4275841, 27.261319 ], [ 92.427669, 27.2613121 ], [ 92.4279006, 27.2612664 ], [ 92.4282119, 27.2614699 ], [ 92.4285618, 27.2617032 ], [ 92.4292333, 27.2618908 ], [ 92.4295035, 27.2619434 ], [ 92.4298303, 27.2621561 ], [ 92.4301393, 27.2624233 ] ] } },
{ "type": "Feature", "properties": { "element": "way", "id": 1168494052, "highway": "unclassified", "ref": null, "ref:old": null, "source": null, "name": null, "name:en": null, "surface": null, "bridge": null, "bridge:structure": null, "layer": null, "name:zh": null, "sidewalk": null, "smoothness": null, "lanes": null, "route": null, "alt_name": null, "service": null, "oneway": null }, "geometry": { "type": "LineString", "coordinates": [ [ 92.4170751, 27.2565679 ], [ 92.4173482, 27.2565826 ], [ 92.4175224, 27.2566554 ], [ 92.4180549, 27.2565401 ], [ 92.4187616, 27.2568223 ], [ 92.4190791, 27.2571319 ], [ 92.4191235, 27.2570894 ], [ 92.4189118, 27.25671 ], [ 92.4188845, 27.2565522 ], [ 92.4184612, 27.2561972 ], [ 92.4185192, 27.2561638 ], [ 92.418608, 27.2561759 ], [ 92.4187479, 27.2563094 ], [ 92.4190108, 27.2563853 ], [ 92.4191952, 27.2567283 ], [ 92.4192471, 27.2567943 ], [ 92.4192629, 27.2568111 ], [ 92.4192813, 27.2568123 ], [ 92.4192923, 27.2568002 ], [ 92.4192885, 27.2567786 ], [ 92.4192191, 27.2566129 ], [ 92.4192464, 27.2563762 ], [ 92.4191371, 27.2562093 ], [ 92.4191644, 27.2561304 ], [ 92.4192908, 27.2561881 ], [ 92.4193625, 27.2562973 ], [ 92.4193625, 27.256443 ], [ 92.4194171, 27.2566099 ], [ 92.4194382, 27.2566269 ], [ 92.4194618, 27.2566329 ], [ 92.4194838, 27.2566259 ], [ 92.419491, 27.2566112 ], [ 92.4194871, 27.2565964 ], [ 92.4194713, 27.2565562 ], [ 92.4194717, 27.2563975 ], [ 92.4195263, 27.2562336 ], [ 92.4194819, 27.2561091 ], [ 92.41926, 27.2559028 ], [ 92.4191747, 27.2557601 ], [ 92.4187821, 27.2555325 ], [ 92.4188708, 27.2554627 ], [ 92.4196185, 27.2555841 ], [ 92.4196185, 27.2556782 ], [ 92.4196424, 27.2558451 ], [ 92.4197653, 27.2559331 ], [ 92.4197994, 27.2561729 ], [ 92.4198984, 27.2562761 ], [ 92.4200794, 27.2563186 ], [ 92.4203593, 27.2563094 ], [ 92.42067, 27.2563125 ], [ 92.4209772, 27.256273 ], [ 92.4211445, 27.2565067 ], [ 92.4212196, 27.256534 ], [ 92.4212947, 27.2565158 ], [ 92.4211138, 27.2563823 ], [ 92.4210762, 27.2562184 ], [ 92.4210216, 27.2561516 ], [ 92.4207007, 27.2561425 ], [ 92.4204242, 27.2561 ], [ 92.4201579, 27.2560576 ], [ 92.4201442, 27.2559119 ], [ 92.4202535, 27.255751 ], [ 92.4202432, 27.2556721 ], [ 92.4201169, 27.2554688 ], [ 92.4198882, 27.255226 ], [ 92.419656, 27.2550287 ], [ 92.4197141, 27.2549862 ], [ 92.4204276, 27.2553838 ], [ 92.4205778, 27.2554931 ], [ 92.4205949, 27.2557146 ], [ 92.4206734, 27.2557146 ], [ 92.4207758, 27.255396 ], [ 92.4205744, 27.2551653 ], [ 92.4203183, 27.254968 ], [ 92.4201989, 27.2549195 ], [ 92.4200862, 27.2546585 ], [ 92.4199223, 27.2545462 ], [ 92.4197004, 27.2544764 ], [ 92.4196765, 27.2543914 ], [ 92.4197789, 27.2543004 ], [ 92.4200623, 27.254358 ], [ 92.4205198, 27.2545037 ], [ 92.4207553, 27.2546342 ], [ 92.4210421, 27.2546858 ], [ 92.4215781, 27.2551289 ], [ 92.4218922, 27.255135 ], [ 92.4219604, 27.2554354 ], [ 92.4221482, 27.2555689 ], [ 92.4223803, 27.2554961 ], [ 92.4225681, 27.2557116 ], [ 92.4230358, 27.2556721 ], [ 92.4232953, 27.2554718 ], [ 92.4233431, 27.255223 ], [ 92.423821, 27.2550196 ], [ 92.4241009, 27.2547768 ], [ 92.4243502, 27.2544218 ], [ 92.424497, 27.254358 ], [ 92.4249135, 27.2544794 ], [ 92.425149, 27.2547768 ], [ 92.4253334, 27.2548284 ], [ 92.4254221, 27.2547586 ], [ 92.4251627, 27.254613 ], [ 92.4250159, 27.2543398 ], [ 92.4247906, 27.2542215 ], [ 92.4245174, 27.2540667 ], [ 92.4242477, 27.2541365 ], [ 92.4238859, 27.2543368 ], [ 92.4236708, 27.2542761 ], [ 92.4234933, 27.2541031 ], [ 92.4234523, 27.2539301 ], [ 92.4235616, 27.2539787 ], [ 92.4237493, 27.2541183 ], [ 92.4240122, 27.2539665 ], [ 92.4243809, 27.2537571 ], [ 92.4247871, 27.2537146 ], [ 92.4253231, 27.2538937 ], [ 92.4257123, 27.2539271 ], [ 92.426092, 27.2538807 ], [ 92.4261026, 27.2538771 ], [ 92.4261059, 27.2538703 ], [ 92.4261045, 27.2538633 ], [ 92.4260985, 27.2538576 ], [ 92.4256167, 27.2537177 ], [ 92.4256201, 27.2535963 ], [ 92.4259479, 27.2536448 ], [ 92.4261186, 27.2535447 ], [ 92.4261834, 27.2533413 ], [ 92.4267331, 27.2531471 ], [ 92.4267945, 27.2529953 ], [ 92.4269003, 27.252795 ], [ 92.4269447, 27.2525371 ], [ 92.4269038, 27.2521243 ], [ 92.4267945, 27.2518785 ], [ 92.4270642, 27.2518056 ], [ 92.4276173, 27.2520727 ], [ 92.4278084, 27.2521972 ], [ 92.4282659, 27.2522852 ], [ 92.4288668, 27.2525887 ], [ 92.429192, 27.25263 ] ] } },
{ "type": "Feature", "properties": { "element": "way", "id": 1168516993, "highway": "tertiary", "ref": null, "ref:old": null, "source": null, "name": null, "name:en": null, "surface": null, "bridge": null, "bridge:structure": null, "layer": null, "name:zh": null, "sidewalk": null, "smoothness": null, "lanes": null, "route": null, "alt_name": null, "service": null, "oneway": null }, "geometry": { "type": "LineString", "coordinates": [ [ 92.4168479, 27.2674002 ], [ 92.4166598, 27.2675285 ], [ 92.4161056, 27.2676497 ], [ 92.4159544, 27.2678315 ], [ 92.4157321, 27.2680738 ], [ 92.4156847, 27.268274 ], [ 92.4155187, 27.2686139 ], [ 92.4154239, 27.2687456 ], [ 92.4150771, 27.2688378 ], [ 92.4148667, 27.2687324 ], [ 92.4147659, 27.2685638 ], [ 92.414677, 27.268498 ], [ 92.4145585, 27.268519 ], [ 92.4143658, 27.2686666 ], [ 92.4138087, 27.2686929 ], [ 92.4136545, 27.2686086 ], [ 92.4136753, 27.2684084 ], [ 92.4138294, 27.2681924 ], [ 92.4137494, 27.2677103 ], [ 92.4136723, 27.2675311 ], [ 92.4133878, 27.2673704 ], [ 92.4131952, 27.2672624 ], [ 92.4129136, 27.2669094 ], [ 92.4127625, 27.2669042 ], [ 92.4125994, 27.2670201 ], [ 92.4123179, 27.2668462 ], [ 92.4120956, 27.2666381 ], [ 92.411986, 27.2664668 ], [ 92.4119267, 27.2660717 ], [ 92.4118289, 27.2659347 ], [ 92.4116184, 27.265882 ], [ 92.4113695, 27.2658583 ], [ 92.4109101, 27.2658082 ], [ 92.4106789, 27.2657529 ], [ 92.4104418, 27.2657793 ], [ 92.4101662, 27.2656238 ], [ 92.4098283, 27.2656185 ], [ 92.4092, 27.2654658 ], [ 92.4086221, 27.265558 ], [ 92.408222, 27.2654447 ], [ 92.4080679, 27.2655975 ], [ 92.4076826, 27.2657371 ], [ 92.4075314, 27.2657187 ], [ 92.4075018, 27.265666 ], [ 92.4075107, 27.2656027 ], [ 92.4076648, 27.2652471 ], [ 92.4077182, 27.2650864 ], [ 92.4076668, 27.2650075 ], [ 92.407653, 27.2649863 ], [ 92.4075492, 27.2648914 ], [ 92.4075077, 27.2647992 ], [ 92.407564, 27.2647386 ], [ 92.4078901, 27.2645727 ], [ 92.4079167, 27.264325 ], [ 92.4080738, 27.2639852 ], [ 92.4080827, 27.2637165 ], [ 92.4081835, 27.2634635 ], [ 92.4081479, 27.2628681 ], [ 92.4081602, 27.2628081 ], [ 92.4082665, 27.2622912 ], [ 92.4081744, 27.2620094 ], [ 92.4081331, 27.2618828 ], [ 92.4080323, 27.2617221 ], [ 92.4079204, 27.2614214 ], [ 92.407893, 27.261348 ], [ 92.4078219, 27.2611504 ], [ 92.4075285, 27.2606999 ], [ 92.4074277, 27.2604707 ], [ 92.4073881, 27.2604373 ], [ 92.4073684, 27.2604207 ], [ 92.4073003, 27.260476 ], [ 92.4073032, 27.2605893 ], [ 92.4074573, 27.2608633 ], [ 92.4075789, 27.2612769 ], [ 92.407653, 27.2617353 ], [ 92.4076707, 27.2620883 ], [ 92.4075255, 27.2626574 ], [ 92.4074692, 27.2630447 ], [ 92.407404, 27.2631922 ], [ 92.4073062, 27.2632897 ], [ 92.4072025, 27.2632607 ], [ 92.4072262, 27.2631579 ], [ 92.4072528, 27.2629814 ], [ 92.4071995, 27.2627865 ], [ 92.4071669, 27.2625046 ], [ 92.4071876, 27.2621463 ], [ 92.4071254, 27.2619118 ], [ 92.407081, 27.2617933 ], [ 92.4069433, 27.261672 ], [ 92.4068705, 27.2613401 ], [ 92.4068498, 27.2611267 ], [ 92.4067223, 27.2610082 ], [ 92.4065149, 27.2609634 ], [ 92.4064349, 27.2609239 ], [ 92.4063282, 27.2607632 ], [ 92.4061474, 27.2606657 ], [ 92.4060318, 27.260692 ], [ 92.4060318, 27.2607684 ], [ 92.4062778, 27.2611899 ], [ 92.4064615, 27.2617195 ], [ 92.4063963, 27.2620804 ], [ 92.4062659, 27.2622438 ], [ 92.4060347, 27.2622965 ], [ 92.4057562, 27.262249 ], [ 92.4056643, 27.2621516 ], [ 92.4056317, 27.2619829 ], [ 92.4056228, 27.2618486 ], [ 92.4054894, 27.2617195 ], [ 92.4053116, 27.2616642 ], [ 92.405113, 27.2616247 ], [ 92.4048641, 27.2615746 ], [ 92.4046938, 27.2613797 ], [ 92.4046685, 27.2613507 ], [ 92.4047011, 27.2611715 ], [ 92.4046714, 27.2610793 ], [ 92.404464, 27.2608975 ], [ 92.4042032, 27.2606867 ], [ 92.4038505, 27.2604496 ], [ 92.4037794, 27.2602442 ], [ 92.4036845, 27.2601124 ], [ 92.40348, 27.2600044 ], [ 92.4033466, 27.2598937 ], [ 92.4031392, 27.2595908 ], [ 92.4030769, 27.2593853 ], [ 92.4031006, 27.2590691 ], [ 92.4030473, 27.2585949 ], [ 92.4029169, 27.2580179 ], [ 92.402905, 27.2578387 ], [ 92.402991, 27.2577096 ], [ 92.4031392, 27.2576253 ], [ 92.4032992, 27.25757 ], [ 92.4034148, 27.2573092 ], [ 92.4035155, 27.2570387 ], [ 92.4035482, 27.2569509 ], [ 92.4035452, 27.2565715 ] ] } },
{ "type": "Feature", "properties": { "element": "way", "id": 1168516994, "highway": "service", "ref": null, "ref:old": null, "source": null, "name": null, "name:en": null, "surface": null, "bridge": null, "bridge:structure": null, "layer": null, "name:zh": null, "sidewalk": null, "smoothness": null, "lanes": null, "route": null, "alt_name": null, "service": null, "oneway": null }, "geometry": { "type": "LineString", "coordinates": [ [ 92.4035452, 27.2565715 ], [ 92.4034622, 27.256553 ], [ 92.4034029, 27.2568534 ], [ 92.4032518, 27.2570246 ], [ 92.4032044, 27.2570115 ], [ 92.4031984, 27.2569298 ], [ 92.403234, 27.2567217 ], [ 92.4031747, 27.2564582 ], [ 92.4031421, 27.2563607 ], [ 92.4030562, 27.2563291 ], [ 92.4028309, 27.2564503 ], [ 92.4027065, 27.2565767 ], [ 92.4024012, 27.2567032 ], [ 92.4022856, 27.2570905 ], [ 92.4023241, 27.2572328 ], [ 92.402173, 27.2575858 ], [ 92.4020959, 27.257902 ], [ 92.4019211, 27.2580311 ], [ 92.4016937, 27.258245 ], [ 92.4015654, 27.2583657 ], [ 92.4013906, 27.2585685 ], [ 92.4012809, 27.2587819 ], [ 92.4011386, 27.2588004 ], [ 92.4009193, 27.2586976 ], [ 92.4007534, 27.2585817 ], [ 92.4005192, 27.2585501 ], [ 92.4004244, 27.2586212 ], [ 92.4004066, 27.2587793 ], [ 92.4005251, 27.259048 ], [ 92.4006141, 27.2594906 ], [ 92.4006407, 27.2596803 ], [ 92.4005726, 27.2598358 ], [ 92.4006348, 27.2598832 ], [ 92.4007296, 27.259762 ], [ 92.4008037, 27.2596408 ], [ 92.4010053, 27.259625 ], [ 92.401068, 27.25972 ], [ 92.4010853, 27.2597462 ], [ 92.4010705, 27.2598832 ], [ 92.4010069, 27.2599102 ], [ 92.4009401, 27.2599385 ], [ 92.4005044, 27.2602125 ], [ 92.4002347, 27.2602336 ], [ 92.4000895, 27.2606156 ], [ 92.4000006, 27.260692 ], [ 92.3998702, 27.2609897 ], [ 92.399719, 27.2611899 ], [ 92.3996953, 27.2614613 ], [ 92.3995916, 27.2617037 ], [ 92.3994789, 27.262091 ], [ 92.3995293, 27.262199 ], [ 92.3995975, 27.2621463 ], [ 92.3996983, 27.2619408 ], [ 92.3999176, 27.2615535 ], [ 92.4000924, 27.261377 ], [ 92.4001902, 27.2614139 ], [ 92.4001606, 27.261572 ], [ 92.4000213, 27.2620198 ], [ 92.3999324, 27.2622464 ], [ 92.3999828, 27.2622648 ], [ 92.4000954, 27.2622253 ], [ 92.4001725, 27.2622148 ], [ 92.4001843, 27.2623571 ], [ 92.4000539, 27.2624176 ], [ 92.3999472, 27.2627074 ], [ 92.3999976, 27.2629024 ] ] } },
{ "type": "Feature", "properties": { "element": "way", "id": 1168516995, "highway": "track", "ref": null, "ref:old": null, "source": null, "name": null, "name:en": null, "surface": null, "bridge": null, "bridge:structure": null, "layer": null, "name:zh": null, "sidewalk": null, "smoothness": null, "lanes": null, "route": null, "alt_name": null, "service": null, "oneway": null }, "geometry": { "type": "LineString", "coordinates": [ [ 92.3999976, 27.2629024 ], [ 92.400048, 27.2629946 ], [ 92.4000035, 27.2632607 ], [ 92.4000272, 27.2634267 ], [ 92.3999887, 27.2637244 ], [ 92.399885, 27.2639167 ], [ 92.3998287, 27.2640431 ], [ 92.3997575, 27.2641037 ], [ 92.399719, 27.264296 ], [ 92.3995975, 27.2643593 ], [ 92.399553, 27.2644936 ] ] } },
{ "type": "Feature", "properties": { "element": "way", "id": 1168516996, "highway": "track", "ref": null, "ref:old": null, "source": null, "name": null, "name:en": null, "surface": null, "bridge": null, "bridge:structure": null, "layer": null, "name:zh": null, "sidewalk": null, "smoothness": null, "lanes": null, "route": null, "alt_name": null, "service": null, "oneway": null }, "geometry": { "type": "LineString", "coordinates": [ [ 92.400048, 27.2629946 ], [ 92.4000095, 27.2627522 ], [ 92.4000747, 27.2626837 ], [ 92.4000954, 27.262581 ], [ 92.4001428, 27.2624782 ], [ 92.4001843, 27.2623571 ] ] } },
{ "type": "Feature", "properties": { "element": "way", "id": 1168516997, "highway": "track", "ref": null, "ref:old": null, "source": null, "name": null, "name:en": null, "surface": null, "bridge": null, "bridge:structure": null, "layer": null, "name:zh": null, "sidewalk": null, "smoothness": null, "lanes": null, "route": null, "alt_name": null, "service": null, "oneway": null }, "geometry": { "type": "LineString", "coordinates": [ [ 92.4001843, 27.2623571 ], [ 92.4002169, 27.2622306 ], [ 92.4002495, 27.2621911 ], [ 92.4002614, 27.2620462 ], [ 92.4003444, 27.2619171 ], [ 92.4003621, 27.2617748 ], [ 92.4004185, 27.2616773 ], [ 92.4004333, 27.2615166 ], [ 92.4005103, 27.2614455 ], [ 92.4005933, 27.2613243 ], [ 92.4005696, 27.2611504 ], [ 92.4006467, 27.2609476 ], [ 92.4007741, 27.2605445 ], [ 92.4008452, 27.2604417 ], [ 92.4009104, 27.260339 ], [ 92.4010069, 27.2599102 ] ] } },
{ "type": "Feature", "properties": { "element": "way", "id": 1168516998, "highway": "track", "ref": null, "ref:old": null, "source": null, "name": null, "name:en": null, "surface": null, "bridge": null, "bridge:structure": null, "layer": null, "name:zh": null, "sidewalk": null, "smoothness": null, "lanes": null, "route": null, "alt_name": null, "service": null, "oneway": null }, "geometry": { "type": "LineString", "coordinates": [ [ 92.401068, 27.25972 ], [ 92.4010675, 27.2595486 ], [ 92.4011505, 27.2594748 ], [ 92.401189, 27.2593457 ], [ 92.4013669, 27.2591561 ], [ 92.4014587, 27.2589479 ], [ 92.4015299, 27.2588241 ], [ 92.4014943, 27.2586397 ], [ 92.4014973, 27.2585554 ], [ 92.4016099, 27.2583999 ], [ 92.4016603, 27.2583499 ], [ 92.4016937, 27.258245 ] ] } },
{ "type": "Feature", "properties": { "element": "way", "id": 1168516999, "highway": "unclassified", "ref": null, "ref:old": null, "source": null, "name": null, "name:en": null, "surface": null, "bridge": null, "bridge:structure": null, "layer": null, "name:zh": null, "sidewalk": null, "smoothness": null, "lanes": null, "route": null, "alt_name": null, "service": null, "oneway": null }, "geometry": { "type": "LineString", "coordinates": [ [ 92.4073881, 27.2604373 ], [ 92.4073607, 27.2603379 ], [ 92.4073151, 27.260173 ], [ 92.4070484, 27.2598858 ], [ 92.406832, 27.2598463 ], [ 92.4064171, 27.25982 ], [ 92.4062096, 27.2597172 ], [ 92.4061622, 27.2595618 ], [ 92.406263, 27.2592377 ], [ 92.4063815, 27.2590085 ], [ 92.4061444, 27.2588689 ], [ 92.4059073, 27.2587714 ], [ 92.405931, 27.2583156 ], [ 92.4059873, 27.2579731 ], [ 92.406017, 27.2572907 ], [ 92.4061592, 27.2570404 ], [ 92.4063371, 27.256474 ], [ 92.4065297, 27.2563317 ], [ 92.4067698, 27.2562869 ], [ 92.4073684, 27.2556467 ], [ 92.4075907, 27.2554544 ], [ 92.4076767, 27.2551672 ], [ 92.4079553, 27.2547931 ], [ 92.4080708, 27.2546086 ], [ 92.4080412, 27.2543583 ], [ 92.408142, 27.254087 ], [ 92.4084206, 27.2538999 ], [ 92.4086695, 27.2535205 ], [ 92.4085776, 27.253207 ], [ 92.4085865, 27.2530515 ], [ 92.4086577, 27.2530173 ], [ 92.4087495, 27.2530462 ], [ 92.4089037, 27.253178 ], [ 92.4090785, 27.2532623 ], [ 92.4090756, 27.2533413 ], [ 92.4089333, 27.2536074 ], [ 92.4088977, 27.2537207 ], [ 92.4089333, 27.2538472 ], [ 92.4089066, 27.25395 ], [ 92.4085006, 27.2542424 ], [ 92.4083465, 27.2546482 ], [ 92.4083702, 27.2548247 ], [ 92.4082724, 27.2551593 ], [ 92.4080205, 27.2553701 ], [ 92.4078663, 27.255623 ], [ 92.4078456, 27.2558259 ], [ 92.4077685, 27.2560551 ], [ 92.4077537, 27.2561842 ], [ 92.4078515, 27.2564476 ], [ 92.4076174, 27.2567085 ], [ 92.4073566, 27.2572539 ], [ 92.4073062, 27.257491 ], [ 92.4073803, 27.2577413 ], [ 92.4073358, 27.2581575 ], [ 92.4072588, 27.2583024 ], [ 92.407075, 27.2584421 ], [ 92.4071313, 27.2585106 ], [ 92.4072499, 27.2585369 ], [ 92.4073388, 27.2585633 ], [ 92.4073447, 27.258861 ], [ 92.4074455, 27.2590138 ], [ 92.4076174, 27.2590085 ], [ 92.407733, 27.2588768 ], [ 92.4078693, 27.2588662 ], [ 92.4080738, 27.2590164 ], [ 92.4082872, 27.2593668 ], [ 92.4085332, 27.2595196 ], [ 92.4088414, 27.2598779 ], [ 92.4089303, 27.2599043 ], [ 92.4090607, 27.2598463 ], [ 92.4091526, 27.2598226 ], [ 92.4093245, 27.2598305 ], [ 92.4094282, 27.2598937 ], [ 92.4095586, 27.2600545 ], [ 92.4096209, 27.2602152 ], [ 92.409689, 27.2602916 ], [ 92.4099676, 27.2602863 ], [ 92.4102848, 27.2602573 ], [ 92.4103766, 27.2602486 ], [ 92.4104688, 27.2602398 ], [ 92.4105337, 27.2602336 ], [ 92.4105989, 27.2602652 ], [ 92.4105752, 27.2603917 ], [ 92.4105189, 27.2605181 ], [ 92.4104418, 27.2607948 ], [ 92.4103618, 27.261053 ], [ 92.4103677, 27.2614271 ], [ 92.4103233, 27.261709 ], [ 92.4105337, 27.262062 ], [ 92.4105722, 27.2622596 ], [ 92.4105367, 27.2623834 ], [ 92.4105871, 27.2625046 ], [ 92.4106997, 27.2625678 ], [ 92.410916, 27.2626679 ], [ 92.4111028, 27.2629208 ], [ 92.4111531, 27.263208 ], [ 92.4112302, 27.2634609 ], [ 92.4112345, 27.2636086 ], [ 92.4110998, 27.2636664 ], [ 92.4109961, 27.263482 ], [ 92.4108953, 27.2631711 ], [ 92.4108686, 27.2630815 ] ] } },
{ "type": "Feature", "properties": { "element": "way", "id": 1168517000, "highway": "path", "ref": null, "ref:old": null, "source": null, "name": null, "name:en": null, "surface": null, "bridge": null, "bridge:structure": null, "layer": null, "name:zh": null, "sidewalk": null, "smoothness": null, "lanes": null, "route": null, "alt_name": null, "service": null, "oneway": null }, "geometry": { "type": "LineString", "coordinates": [ [ 92.4104688, 27.2602398 ], [ 92.4103382, 27.2605302 ], [ 92.4102221, 27.2606607 ], [ 92.410147, 27.2607699 ], [ 92.4101265, 27.2608701 ], [ 92.410007, 27.2611159 ], [ 92.4098432, 27.2614436 ], [ 92.4097783, 27.2615771 ], [ 92.4097851, 27.2616864 ], [ 92.4096827, 27.2618928 ], [ 92.4096417, 27.2620657 ], [ 92.4097271, 27.2622933 ], [ 92.4098159, 27.2624633 ], [ 92.4097885, 27.2626029 ], [ 92.409652, 27.2626575 ], [ 92.4094608, 27.2626363 ], [ 92.4092935, 27.2626696 ], [ 92.4091775, 27.2627303 ], [ 92.4090477, 27.2628153 ], [ 92.408918, 27.2629428 ], [ 92.4088019, 27.2631491 ], [ 92.4087302, 27.2632644 ], [ 92.4086961, 27.263401 ], [ 92.4085732, 27.2635102 ], [ 92.4085595, 27.2635891 ], [ 92.4085595, 27.2637196 ], [ 92.4084127, 27.2639503 ], [ 92.408382, 27.2640474 ], [ 92.4083035, 27.2640716 ], [ 92.4081806, 27.2642234 ], [ 92.4080884, 27.2643448 ], [ 92.4080748, 27.2644328 ], [ 92.4078901, 27.2645727 ] ] } },
{ "type": "Feature", "properties": { "element": "way", "id": 1168517001, "highway": "residential", "ref": null, "ref:old": null, "source": null, "name": null, "name:en": null, "surface": null, "bridge": null, "bridge:structure": null, "layer": null, "name:zh": null, "sidewalk": null, "smoothness": null, "lanes": null, "route": null, "alt_name": null, "service": null, "oneway": null }, "geometry": { "type": "LineString", "coordinates": [ [ 92.4054894, 27.2617195 ], [ 92.4054358, 27.2619413 ], [ 92.4054187, 27.2620536 ], [ 92.4052822, 27.2621993 ], [ 92.4052685, 27.2622812 ], [ 92.4053436, 27.2624178 ], [ 92.4054358, 27.2628881 ], [ 92.4054563, 27.2629974 ], [ 92.4058148, 27.2630247 ], [ 92.406023, 27.2629306 ], [ 92.4061084, 27.2629428 ], [ 92.4063542, 27.2631612 ], [ 92.4064668, 27.2631946 ] ] } },
{ "type": "Feature", "properties": { "element": "way", "id": 1168517002, "highway": "residential", "ref": null, "ref:old": null, "source": null, "name": null, "name:en": null, "surface": null, "bridge": null, "bridge:structure": null, "layer": null, "name:zh": null, "sidewalk": null, "smoothness": null, "lanes": null, "route": null, "alt_name": null, "service": null, "oneway": null }, "geometry": { "type": "LineString", "coordinates": [ [ 92.4037794, 27.2602442 ], [ 92.403705, 27.2603359 ], [ 92.4037528, 27.2604968 ], [ 92.4038449, 27.2606 ], [ 92.4038757, 27.2607547 ], [ 92.4040634, 27.2609793 ], [ 92.4040703, 27.2611098 ], [ 92.4039849, 27.2615286 ], [ 92.4040634, 27.2616257 ], [ 92.4041897, 27.2616773 ], [ 92.4043297, 27.2618412 ], [ 92.4044321, 27.2621295 ], [ 92.4044406, 27.2622012 ], [ 92.4044458, 27.2622448 ], [ 92.4044253, 27.2623965 ], [ 92.4044629, 27.2624997 ], [ 92.404258, 27.2626423 ], [ 92.4040634, 27.2627637 ], [ 92.4039303, 27.2628244 ] ] } },
{ "type": "Feature", "properties": { "element": "way", "id": 1168517003, "highway": "residential", "ref": null, "ref:old": null, "source": null, "name": null, "name:en": null, "surface": null, "bridge": null, "bridge:structure": null, "layer": null, "name:zh": null, "sidewalk": null, "smoothness": null, "lanes": null, "route": null, "alt_name": null, "service": null, "oneway": null }, "geometry": { "type": "LineString", "coordinates": [ [ 92.4046938, 27.2613797 ], [ 92.404654, 27.2615013 ], [ 92.4047462, 27.2615923 ], [ 92.4047633, 27.2617471 ], [ 92.4048691, 27.2619899 ], [ 92.4048179, 27.26209 ], [ 92.404736, 27.2622023 ], [ 92.4047803, 27.2623267 ], [ 92.4048828, 27.262439 ], [ 92.4048952, 27.2624761 ], [ 92.4049203, 27.2625513 ], [ 92.4048589, 27.262703 ], [ 92.4047872, 27.2627637 ], [ 92.404596, 27.262791 ], [ 92.404439, 27.262876 ], [ 92.4043673, 27.2629336 ] ] } },
{ "type": "Feature", "properties": { "element": "way", "id": 1168517004, "highway": "residential", "ref": null, "ref:old": null, "source": null, "name": null, "name:en": null, "surface": null, "bridge": null, "bridge:structure": null, "layer": null, "name:zh": null, "sidewalk": null, "smoothness": null, "lanes": null, "route": null, "alt_name": null, "service": null, "oneway": null }, "geometry": { "type": "LineString", "coordinates": [ [ 92.4044406, 27.2622012 ], [ 92.4045311, 27.2621446 ], [ 92.4045823, 27.2621446 ], [ 92.4046062, 27.2623297 ], [ 92.4047462, 27.2624299 ], [ 92.4048952, 27.2624761 ] ] } },
{ "type": "Feature", "properties": { "element": "way", "id": 1168517005, "highway": "residential", "ref": null, "ref:old": null, "source": null, "name": null, "name:en": null, "surface": null, "bridge": null, "bridge:structure": null, "layer": null, "name:zh": null, "sidewalk": null, "smoothness": null, "lanes": null, "route": null, "alt_name": null, "service": null, "oneway": null }, "geometry": { "type": "LineString", "coordinates": [ [ 92.4076668, 27.2650075 ], [ 92.4074398, 27.2649426 ], [ 92.4073852, 27.264894 ], [ 92.407112, 27.2648849 ], [ 92.4070642, 27.2648212 ], [ 92.4071667, 27.2646998 ], [ 92.4073135, 27.2645784 ], [ 92.4075081, 27.2644085 ], [ 92.407549, 27.2642568 ], [ 92.4072725, 27.2643751 ], [ 92.4070847, 27.2644631 ], [ 92.4068389, 27.2645026 ], [ 92.4067433, 27.2644631 ] ] } },
{ "type": "Feature", "properties": { "element": "way", "id": 1168517006, "highway": "residential", "ref": null, "ref:old": null, "source": null, "name": null, "name:en": null, "surface": null, "bridge": null, "bridge:structure": null, "layer": null, "name:zh": null, "sidewalk": null, "smoothness": null, "lanes": null, "route": null, "alt_name": null, "service": null, "oneway": null }, "geometry": { "type": "LineString", "coordinates": [ [ 92.4081602, 27.2628081 ], [ 92.4083513, 27.2623297 ], [ 92.4084776, 27.2620141 ], [ 92.4085732, 27.2617865 ], [ 92.4084435, 27.2614618 ], [ 92.408324, 27.2612221 ], [ 92.4082284, 27.2611128 ], [ 92.408242, 27.2605818 ] ] } },
{ "type": "Feature", "properties": { "element": "way", "id": 1168517007, "highway": "service", "ref": null, "ref:old": null, "source": null, "name": null, "name:en": null, "surface": null, "bridge": null, "bridge:structure": null, "layer": null, "name:zh": null, "sidewalk": null, "smoothness": null, "lanes": null, "route": null, "alt_name": null, "service": null, "oneway": null }, "geometry": { "type": "LineString", "coordinates": [ [ 92.4035155, 27.2570387 ], [ 92.4036162, 27.2569613 ], [ 92.4037323, 27.2566669 ], [ 92.4038927, 27.2564727 ], [ 92.4042614, 27.256245 ], [ 92.4044868, 27.2559476 ], [ 92.4048213, 27.2556866 ], [ 92.4048281, 27.2554347 ], [ 92.4049954, 27.2552587 ], [ 92.404934, 27.2552193 ], [ 92.4048725, 27.2552709 ], [ 92.4048691, 27.2551737 ], [ 92.4050022, 27.2550493 ], [ 92.4053061, 27.2550432 ], [ 92.4055416, 27.2549947 ], [ 92.4058421, 27.254934 ], [ 92.4059377, 27.2549492 ] ] } },
{ "type": "Feature", "properties": { "element": "way", "id": 1168517016, "highway": "unclassified", "ref": null, "ref:old": null, "source": null, "name": null, "name:en": null, "surface": null, "bridge": null, "bridge:structure": null, "layer": null, "name:zh": null, "sidewalk": null, "smoothness": null, "lanes": null, "route": null, "alt_name": null, "service": null, "oneway": null }, "geometry": { "type": "LineString", "coordinates": [ [ 92.4260652, 27.2645196 ], [ 92.425754, 27.2646832 ], [ 92.4256243, 27.26502 ], [ 92.4254331, 27.2652901 ], [ 92.4252453, 27.265633 ], [ 92.4251737, 27.2660761 ], [ 92.4249654, 27.2664372 ], [ 92.4247606, 27.2666739 ], [ 92.4245592, 27.2670775 ], [ 92.4243475, 27.2673506 ], [ 92.4241017, 27.2676328 ], [ 92.4239105, 27.2678938 ], [ 92.4236784, 27.2683398 ], [ 92.4236578, 27.2683918 ], [ 92.4236494, 27.2684439 ], [ 92.4236446, 27.268512 ], [ 92.4236067, 27.2685765 ], [ 92.4235165, 27.2686238 ], [ 92.42341, 27.2686568 ], [ 92.4230229, 27.2688072 ], [ 92.4228727, 27.268968 ], [ 92.4228329, 27.2691477 ], [ 92.4228246, 27.269295 ], [ 92.4228287, 27.2693849 ], [ 92.4228465, 27.2694282 ], [ 92.4228904, 27.2694321 ], [ 92.4230263, 27.2693898 ], [ 92.423453, 27.2692077 ], [ 92.4239481, 27.2689164 ], [ 92.4240812, 27.2688345 ], [ 92.4242007, 27.2685705 ], [ 92.4243987, 27.268352 ], [ 92.424706, 27.2682063 ], [ 92.4248015, 27.2679666 ], [ 92.4249586, 27.2677511 ], [ 92.4252419, 27.2675175 ], [ 92.4255526, 27.2672353 ], [ 92.4257096, 27.2670744 ], [ 92.425894, 27.2670137 ], [ 92.425993, 27.267126 ], [ 92.4260886, 27.2672687 ], [ 92.4260783, 27.267387 ], [ 92.4259486, 27.2673961 ], [ 92.4258223, 27.2673354 ], [ 92.4256755, 27.2673475 ], [ 92.4255526, 27.2674447 ], [ 92.4254399, 27.2676631 ], [ 92.4253444, 27.2678422 ], [ 92.4252078, 27.2680121 ], [ 92.4250303, 27.2682245 ], [ 92.4247845, 27.268446 ], [ 92.4247845, 27.2685401 ], [ 92.4248698, 27.2685735 ], [ 92.4250064, 27.2684764 ], [ 92.4253239, 27.2681335 ], [ 92.4254638, 27.2679696 ], [ 92.4256072, 27.2679727 ], [ 92.4257472, 27.2681183 ], [ 92.4257677, 27.26827 ], [ 92.4257233, 27.2683914 ], [ 92.4255219, 27.2684187 ], [ 92.4253409, 27.2684582 ], [ 92.425218, 27.2685856 ], [ 92.4251941, 27.2687707 ], [ 92.4251293, 27.2689801 ], [ 92.425003, 27.2692107 ], [ 92.4248732, 27.2693716 ], [ 92.4246991, 27.2695385 ], [ 92.4245762, 27.2697934 ], [ 92.424467, 27.2699724 ], [ 92.424368, 27.2700877 ], [ 92.4243611, 27.2701909 ], [ 92.4244772, 27.2701878 ], [ 92.4245967, 27.2699754 ], [ 92.4248493, 27.2696113 ], [ 92.4250234, 27.2694505 ], [ 92.4252488, 27.269408 ], [ 92.4253512, 27.2694474 ], [ 92.4253887, 27.2695354 ], [ 92.4253614, 27.2696781 ], [ 92.4252624, 27.2698358 ], [ 92.4250405, 27.2700483 ], [ 92.4249381, 27.2700968 ], [ 92.424805, 27.2702758 ], [ 92.4246343, 27.2705125 ], [ 92.4243919, 27.2706794 ], [ 92.4242212, 27.2707158 ], [ 92.42403, 27.2708251 ], [ 92.4238286, 27.2710466 ], [ 92.4238354, 27.2712772 ], [ 92.4238218, 27.2714532 ], [ 92.4238149, 27.2715533 ], [ 92.4235657, 27.2717658 ], [ 92.4234634, 27.2718473 ], [ 92.4233677, 27.2719235 ], [ 92.4232482, 27.2721572 ], [ 92.4230366, 27.2723393 ], [ 92.4228283, 27.2725547 ], [ 92.4224937, 27.272667 ], [ 92.4221797, 27.2727853 ], [ 92.4218861, 27.2729219 ], [ 92.4216915, 27.2730766 ], [ 92.4215378, 27.2733133 ], [ 92.4214218, 27.2734772 ], [ 92.4213194, 27.2735105 ], [ 92.421094, 27.2735348 ], [ 92.4209131, 27.2736623 ], [ 92.4205273, 27.2737624 ], [ 92.4197626, 27.2738686 ], [ 92.4196773, 27.2738109 ], [ 92.4196261, 27.2736653 ], [ 92.4195202, 27.2734681 ], [ 92.4192164, 27.2735045 ], [ 92.4191208, 27.2735743 ], [ 92.4190423, 27.2738504 ], [ 92.4189535, 27.2739262 ], [ 92.4188579, 27.273908 ], [ 92.4186907, 27.2738565 ], [ 92.4185336, 27.273902 ], [ 92.4182707, 27.2739778 ], [ 92.4180727, 27.2738504 ], [ 92.4179089, 27.2738109 ], [ 92.4177518, 27.2738656 ], [ 92.4177211, 27.2740901 ], [ 92.4177316, 27.274297 ], [ 92.4177348, 27.2743602 ], [ 92.4176972, 27.2744876 ], [ 92.4175333, 27.2745453 ], [ 92.4173422, 27.2745362 ], [ 92.417192, 27.2746272 ], [ 92.4170656, 27.2747486 ], [ 92.4163112, 27.2750641 ], [ 92.4161712, 27.2752856 ], [ 92.4160585, 27.2753494 ], [ 92.4159664, 27.2752189 ], [ 92.4158366, 27.2751521 ], [ 92.415625, 27.2752553 ], [ 92.4153826, 27.2752523 ], [ 92.4152051, 27.2753585 ], [ 92.4150275, 27.2753554 ], [ 92.4148125, 27.2750945 ], [ 92.4147135, 27.2748821 ], [ 92.4146452, 27.2748032 ], [ 92.4145223, 27.2747728 ], [ 92.4143209, 27.2747637 ], [ 92.4143209, 27.2748578 ], [ 92.4144096, 27.2749003 ], [ 92.4145155, 27.2749003 ], [ 92.4145837, 27.2749579 ], [ 92.4150378, 27.2756346 ], [ 92.4151334, 27.2756406 ], [ 92.4156523, 27.2755496 ], [ 92.415724, 27.2756255 ], [ 92.4158332, 27.2758743 ], [ 92.4159288, 27.2758743 ], [ 92.4160858, 27.2757377 ], [ 92.4166013, 27.2758045 ], [ 92.4170895, 27.2761019 ], [ 92.417209, 27.2761049 ], [ 92.4174139, 27.2759228 ], [ 92.4175777, 27.2759228 ], [ 92.4176187, 27.2760442 ], [ 92.4175402, 27.2763507 ], [ 92.4173592, 27.2765388 ], [ 92.4170964, 27.2766389 ], [ 92.4169223, 27.2765874 ], [ 92.416557, 27.2764053 ], [ 92.4163146, 27.2763385 ], [ 92.4161234, 27.2763901 ], [ 92.41598, 27.2765085 ], [ 92.4158844, 27.2766693 ], [ 92.4158674, 27.2768119 ], [ 92.41584, 27.2769515 ], [ 92.4156762, 27.2770668 ], [ 92.4156625, 27.2771548 ], [ 92.415741, 27.2772033 ], [ 92.4158332, 27.2771578 ], [ 92.4159152, 27.2769211 ], [ 92.4160278, 27.2767118 ], [ 92.4162668, 27.2767118 ], [ 92.4168915, 27.2769666 ], [ 92.4170929, 27.276912 ], [ 92.4175094, 27.2767512 ], [ 92.4176733, 27.2766632 ], [ 92.4179055, 27.2764023 ], [ 92.4181956, 27.2762748 ], [ 92.4186599, 27.2762111 ], [ 92.4188682, 27.2761868 ], [ 92.4188784, 27.2762839 ], [ 92.4186531, 27.27629 ], [ 92.4183424, 27.2763962 ], [ 92.4180352, 27.276554 ], [ 92.4176221, 27.2770395 ], [ 92.4173353, 27.2771608 ], [ 92.4168028, 27.2774976 ], [ 92.4165706, 27.2777191 ], [ 92.4160244, 27.2781712 ], [ 92.4158742, 27.278153 ], [ 92.4154987, 27.2781136 ], [ 92.4152563, 27.2779255 ], [ 92.4149285, 27.2777798 ], [ 92.4146281, 27.2777586 ], [ 92.4144403, 27.2777222 ], [ 92.4142492, 27.277619 ], [ 92.4140921, 27.2775826 ], [ 92.4140512, 27.2776676 ], [ 92.4142219, 27.2776918 ], [ 92.4146247, 27.2778587 ], [ 92.4149319, 27.2778769 ], [ 92.4154987, 27.2782592 ], [ 92.4157957, 27.2782714 ], [ 92.4158913, 27.2783078 ], [ 92.4163419, 27.278238 ], [ 92.4165638, 27.2780741 ], [ 92.4168984, 27.2778435 ], [ 92.417588, 27.2776645 ], [ 92.4178645, 27.2775705 ], [ 92.4182025, 27.2776797 ], [ 92.4183049, 27.2777859 ], [ 92.4183766, 27.2778891 ], [ 92.4182707, 27.2779164 ], [ 92.4181239, 27.2777738 ], [ 92.4180113, 27.277704 ], [ 92.417786, 27.2776949 ], [ 92.4174343, 27.2777859 ], [ 92.4170008, 27.2780711 ] ] } },
{ "type": "Feature", "properties": { "element": "way", "id": 1168517017, "highway": "residential", "ref": null, "ref:old": null, "source": null, "name": null, "name:en": null, "surface": null, "bridge": null, "bridge:structure": null, "layer": null, "name:zh": null, "sidewalk": null, "smoothness": null, "lanes": null, "route": null, "alt_name": null, "service": null, "oneway": null }, "geometry": { "type": "LineString", "coordinates": [ [ 92.4242659, 27.2703063 ], [ 92.4243611, 27.2701909 ] ] } },
{ "type": "Feature", "properties": { "element": "way", "id": 1168517018, "highway": "residential", "ref": null, "ref:old": null, "source": null, "name": null, "name:en": null, "surface": null, "bridge": null, "bridge:structure": null, "layer": null, "name:zh": null, "sidewalk": null, "smoothness": null, "lanes": null, "route": null, "alt_name": null, "service": null, "oneway": null }, "geometry": { "type": "LineString", "coordinates": [ [ 92.4242659, 27.2703063 ], [ 92.4242795, 27.2704795 ], [ 92.4242212, 27.2707158 ] ] } },
{ "type": "Feature", "properties": { "element": "way", "id": 1168517019, "highway": "residential", "ref": null, "ref:old": null, "source": null, "name": null, "name:en": null, "surface": null, "bridge": null, "bridge:structure": null, "layer": null, "name:zh": null, "sidewalk": null, "smoothness": null, "lanes": null, "route": null, "alt_name": null, "service": null, "oneway": null }, "geometry": { "type": "LineString", "coordinates": [ [ 92.4224937, 27.272667 ], [ 92.4219014, 27.2727986 ], [ 92.4215435, 27.2730442 ], [ 92.4213986, 27.273016 ], [ 92.4212627, 27.2728509 ], [ 92.4208822, 27.2729677 ], [ 92.4207553, 27.2731207 ], [ 92.4204609, 27.2730361 ], [ 92.4201665, 27.2729395 ], [ 92.4200351, 27.2727945 ], [ 92.4201438, 27.272561 ], [ 92.4202435, 27.2725208 ], [ 92.420402, 27.2725892 ], [ 92.4204224, 27.2725309 ], [ 92.4204428, 27.2724724 ], [ 92.4201484, 27.2723517 ], [ 92.4201076, 27.2722752 ], [ 92.4202299, 27.272098 ], [ 92.4205198, 27.2720296 ], [ 92.4209546, 27.271937 ] ] } },
{ "type": "Feature", "properties": { "element": "way", "id": 1168517020, "highway": "residential", "ref": null, "ref:old": null, "source": null, "name": null, "name:en": null, "surface": null, "bridge": null, "bridge:structure": null, "layer": null, "name:zh": null, "sidewalk": null, "smoothness": null, "lanes": null, "route": null, "alt_name": null, "service": null, "oneway": null }, "geometry": { "type": "LineString", "coordinates": [ [ 92.4204224, 27.2725309 ], [ 92.4205334, 27.2726214 ], [ 92.4206285, 27.2725811 ], [ 92.4208912, 27.2724362 ], [ 92.4217736, 27.2722615 ], [ 92.4218062, 27.272255 ], [ 92.4222909, 27.2720899 ], [ 92.4227019, 27.2719853 ], [ 92.4230655, 27.2718927 ], [ 92.4233418, 27.2717356 ], [ 92.4236408, 27.2715182 ], [ 92.4238149, 27.2715533 ] ] } },
{ "type": "Feature", "properties": { "element": "way", "id": 1168517021, "highway": "residential", "ref": null, "ref:old": null, "source": null, "name": null, "name:en": null, "surface": null, "bridge": null, "bridge:structure": null, "layer": null, "name:zh": null, "sidewalk": null, "smoothness": null, "lanes": null, "route": null, "alt_name": null, "service": null, "oneway": null }, "geometry": { "type": "LineString", "coordinates": [ [ 92.4234634, 27.2718473 ], [ 92.4234293, 27.2721115 ], [ 92.4231289, 27.272404 ], [ 92.4229432, 27.2726778 ], [ 92.422762, 27.2727663 ], [ 92.4229658, 27.272871 ], [ 92.4232874, 27.2726737 ], [ 92.4235275, 27.2724604 ], [ 92.4239146, 27.2724905 ], [ 92.424293, 27.2726295 ], [ 92.4243248, 27.2727301 ], [ 92.4240801, 27.2727583 ], [ 92.4239993, 27.2727583 ], [ 92.4239307, 27.2727583 ], [ 92.4237767, 27.2730683 ], [ 92.4236906, 27.2732133 ], [ 92.4232784, 27.2733501 ], [ 92.4230157, 27.2735434 ], [ 92.4231063, 27.2735917 ], [ 92.4232798, 27.2735825 ], [ 92.423294, 27.2735875 ], [ 92.4232973, 27.2736055 ], [ 92.4232805, 27.2736155 ], [ 92.4232376, 27.2736279 ], [ 92.4229387, 27.2737085 ], [ 92.4228186, 27.2737387 ], [ 92.4226986, 27.2737689 ], [ 92.4224177, 27.2738615 ], [ 92.4223815, 27.2739742 ], [ 92.4228934, 27.2739702 ] ] } },
{ "type": "Feature", "properties": { "element": "way", "id": 1168518207, "highway": "trunk", "ref": "NH913", "ref:old": null, "source": null, "name": null, "name:en": null, "surface": null, "bridge": null, "bridge:structure": null, "layer": null, "name:zh": null, "sidewalk": null, "smoothness": null, "lanes": null, "route": null, "alt_name": null, "service": null, "oneway": null }, "geometry": { "type": "LineString", "coordinates": [ [ 92.4763405, 27.3553693 ], [ 92.4766719, 27.3554005 ], [ 92.4767428, 27.355464 ], [ 92.4768818, 27.3558958 ], [ 92.4773357, 27.3562758 ], [ 92.4774204, 27.3565402 ], [ 92.4775183, 27.3568458 ], [ 92.4777479, 27.3575594 ], [ 92.4779253, 27.3578097 ], [ 92.4779618, 27.358046 ], [ 92.478012, 27.358109 ], [ 92.4780964, 27.3581233 ], [ 92.4782906, 27.3579672 ], [ 92.4785619, 27.3575965 ], [ 92.4786923, 27.3572443 ], [ 92.4787769, 27.3572033 ], [ 92.478948, 27.3572258 ], [ 92.4792999, 27.3573105 ], [ 92.4793654, 27.3573092 ], [ 92.4796057, 27.3571509 ], [ 92.4796576, 27.3571424 ], [ 92.4799602, 27.3573972 ], [ 92.4800176, 27.3578051 ], [ 92.4802994, 27.3580368 ], [ 92.4803952, 27.3580724 ], [ 92.480482, 27.3580507 ], [ 92.4806646, 27.357578 ], [ 92.4808838, 27.3572999 ], [ 92.4810403, 27.3573046 ], [ 92.4813266, 27.3574664 ], [ 92.4814026, 27.3574717 ], [ 92.481451, 27.3574487 ], [ 92.4814629, 27.3573463 ], [ 92.4815047, 27.3567948 ], [ 92.4813847, 27.3562016 ], [ 92.4813558, 27.3558599 ], [ 92.4814577, 27.3557892 ], [ 92.4819743, 27.3558587 ], [ 92.4822508, 27.3558587 ], [ 92.4825013, 27.3557567 ], [ 92.4826513, 27.3555314 ], [ 92.4830335, 27.3554833 ], [ 92.48331, 27.3552562 ], [ 92.48343, 27.3549828 ], [ 92.4835823, 27.3549169 ], [ 92.483764, 27.354955 ], [ 92.4839101, 27.3551589 ], [ 92.4840814, 27.3554615 ], [ 92.4841657, 27.3554833 ], [ 92.4852041, 27.3553211 ], [ 92.4858406, 27.3555899 ], [ 92.4864302, 27.355678 ], [ 92.4866441, 27.3555945 ], [ 92.4870042, 27.3556177 ], [ 92.4872024, 27.3554972 ], [ 92.4873172, 27.3552794 ], [ 92.487432, 27.3552238 ], [ 92.4881729, 27.3555065 ], [ 92.4883497, 27.3556423 ], [ 92.4884443, 27.355715 ], [ 92.4891487, 27.3560811 ], [ 92.4896078, 27.3560394 ], [ 92.4904896, 27.3563267 ], [ 92.4906317, 27.3563453 ], [ 92.4912984, 27.3559838 ], [ 92.4917053, 27.3559745 ] ] } },
{ "type": "Feature", "properties": { "element": "way", "id": 1168518208, "highway": "trunk", "ref": "NH913", "ref:old": null, "source": null, "name": null, "name:en": null, "surface": null, "bridge": null, "bridge:structure": null, "layer": null, "name:zh": null, "sidewalk": null, "smoothness": null, "lanes": null, "route": null, "alt_name": null, "service": null, "oneway": null }, "geometry": { "type": "LineString", "coordinates": [ [ 92.4883497, 27.3556423 ], [ 92.4882616, 27.3559402 ], [ 92.4883972, 27.3562872 ], [ 92.4886284, 27.3563722 ], [ 92.4889554, 27.356776 ], [ 92.4895216, 27.356861 ], [ 92.4897449, 27.3570805 ], [ 92.4898384, 27.3570872 ], [ 92.4904387, 27.3568468 ], [ 92.4910129, 27.356953 ], [ 92.4917109, 27.3568226 ], [ 92.4926395, 27.3571738 ], [ 92.4927115, 27.3572363 ], [ 92.4927832, 27.357633 ], [ 92.4927274, 27.3579163 ], [ 92.4927818, 27.3580151 ], [ 92.4937482, 27.3584546 ], [ 92.4944898, 27.3585041 ], [ 92.4950161, 27.3584475 ], [ 92.4951072, 27.3583834 ], [ 92.4952637, 27.3580096 ], [ 92.4955823, 27.3579659 ], [ 92.4959332, 27.3581713 ], [ 92.4960608, 27.3585396 ], [ 92.4965074, 27.3595524 ], [ 92.4966521, 27.3595894 ], [ 92.4968025, 27.3595524 ], [ 92.4971454, 27.3592407 ], [ 92.4975042, 27.3589999 ], [ 92.497576, 27.3587308 ], [ 92.4980389, 27.3585096 ], [ 92.4981767, 27.3585387 ], [ 92.4982534, 27.3586188 ], [ 92.498167, 27.3591424 ], [ 92.4982212, 27.3592215 ], [ 92.4983059, 27.3592602 ], [ 92.4987571, 27.3591645 ], [ 92.4988167, 27.3591741 ], [ 92.498852, 27.3592053 ], [ 92.4988599, 27.359609 ], [ 92.498715, 27.3600645 ], [ 92.4987483, 27.3601331 ], [ 92.4988458, 27.3602035 ], [ 92.4989955, 27.3602181 ], [ 92.499458, 27.3600836 ], [ 92.5005187, 27.3605227 ], [ 92.5005825, 27.3608485 ], [ 92.5008217, 27.361238 ], [ 92.5015633, 27.3614009 ], [ 92.5017388, 27.3615355 ], [ 92.50197, 27.3621375 ], [ 92.5023927, 27.3623783 ], [ 92.5025602, 27.3627324 ], [ 92.5026975, 27.3627668 ], [ 92.5028419, 27.3627786 ], [ 92.502927, 27.3627537 ], [ 92.503246, 27.3623995 ], [ 92.5038521, 27.3624633 ], [ 92.5042667, 27.3626687 ], [ 92.5043609, 27.3626801 ], [ 92.5051906, 27.3624877 ], [ 92.5052384, 27.3624093 ], [ 92.505136, 27.3620667 ], [ 92.5052018, 27.3619616 ], [ 92.5053034, 27.3619321 ], [ 92.5059972, 27.3621658 ], [ 92.5063083, 27.3620667 ], [ 92.506707, 27.3619958 ], [ 92.507026, 27.3620171 ], [ 92.5071085, 27.3620844 ], [ 92.5072826, 27.3624585 ], [ 92.5074419, 27.3625032 ], [ 92.5076086, 27.3625104 ], [ 92.5077437, 27.3624845 ], [ 92.5085412, 27.3618684 ], [ 92.5086154, 27.3618874 ], [ 92.5086129, 27.3619675 ], [ 92.5079191, 27.3625837 ], [ 92.5074834, 27.3626994 ], [ 92.5074416, 27.3627681 ], [ 92.5074524, 27.3628467 ], [ 92.5075633, 27.362867 ], [ 92.508589, 27.3623854 ], [ 92.5091791, 27.3619463 ], [ 92.5096417, 27.3617621 ], [ 92.510471, 27.3617975 ], [ 92.5105396, 27.3617628 ], [ 92.5111728, 27.3611105 ], [ 92.5114679, 27.3609972 ], [ 92.5118666, 27.360374 ], [ 92.5122015, 27.3602677 ], [ 92.5127682, 27.3604801 ], [ 92.5128644, 27.3604716 ], [ 92.5132861, 27.3601119 ], [ 92.513637, 27.3601048 ], [ 92.5137702, 27.3602086 ], [ 92.5138351, 27.3602174 ], [ 92.5141314, 27.3601615 ], [ 92.5144605, 27.3603104 ], [ 92.5145401, 27.3603147 ], [ 92.5146146, 27.3602776 ], [ 92.5147902, 27.3600368 ], [ 92.5148651, 27.3599915 ], [ 92.5151384, 27.3600259 ], [ 92.5153754, 27.3601048 ], [ 92.5156466, 27.3604731 ], [ 92.5159496, 27.3610043 ], [ 92.5165397, 27.3613159 ], [ 92.5167949, 27.3618542 ], [ 92.5171618, 27.3623216 ], [ 92.5175445, 27.363122 ], [ 92.5177519, 27.3632759 ], [ 92.5179752, 27.3633061 ], [ 92.5184138, 27.3632211 ], [ 92.5187886, 27.3634052 ], [ 92.5188541, 27.3634025 ], [ 92.518964, 27.3633132 ], [ 92.5190505, 27.3633121 ], [ 92.5190996, 27.3633415 ], [ 92.5190739, 27.363424 ], [ 92.5190199, 27.3634832 ], [ 92.5189525, 27.3635505 ], [ 92.5188604, 27.3635752 ], [ 92.5185733, 27.3634548 ], [ 92.5184138, 27.3634407 ], [ 92.5181267, 27.3636956 ], [ 92.5179507, 27.3637268 ], [ 92.5177803, 27.363733 ], [ 92.5176163, 27.3637027 ], [ 92.5173452, 27.363469 ], [ 92.5170581, 27.3632424 ], [ 92.5169225, 27.3629591 ], [ 92.5167152, 27.3627183 ], [ 92.5165238, 27.3625341 ], [ 92.5162703, 27.3624507 ], [ 92.516133, 27.3622508 ], [ 92.5160756, 27.3622089 ], [ 92.5160054, 27.3622296 ], [ 92.5159835, 27.3623001 ], [ 92.5160692, 27.3624704 ], [ 92.5162447, 27.3625837 ], [ 92.5166354, 27.3629732 ], [ 92.5166913, 27.3631857 ], [ 92.5166035, 27.363469 ], [ 92.5167232, 27.3638939 ], [ 92.5169944, 27.3643493 ], [ 92.5171781, 27.3644665 ], [ 92.5173452, 27.364503 ], [ 92.5174648, 27.3644463 ], [ 92.5176961, 27.3644605 ], [ 92.5178875, 27.3643472 ], [ 92.5181463, 27.364345 ], [ 92.5182168, 27.3643686 ], [ 92.5183153, 27.3646142 ], [ 92.5183659, 27.3646588 ], [ 92.519299, 27.3647438 ], [ 92.519407, 27.3647142 ], [ 92.5198971, 27.364418 ], [ 92.5202887, 27.3643333 ], [ 92.5211411, 27.3641489 ], [ 92.5213457, 27.3640861 ], [ 92.5215797, 27.3640143 ], [ 92.5218317, 27.3640163 ], [ 92.5220662, 27.3641064 ], [ 92.5222257, 27.3644534 ], [ 92.5224861, 27.3649691 ], [ 92.5225526, 27.3650129 ], [ 92.5226551, 27.3650144 ], [ 92.5231826, 27.3648996 ], [ 92.5238126, 27.3651333 ], [ 92.524634, 27.3650271 ], [ 92.5250008, 27.3652325 ], [ 92.5252535, 27.3654446 ] ] } },
{ "type": "Feature", "properties": { "element": "way", "id": 1168896140, "highway": "residential", "ref": null, "ref:old": null, "source": null, "name": null, "name:en": null, "surface": null, "bridge": null, "bridge:structure": null, "layer": null, "name:zh": null, "sidewalk": null, "smoothness": null, "lanes": null, "route": null, "alt_name": null, "service": null, "oneway": null }, "geometry": { "type": "LineString", "coordinates": [ [ 92.5071656, 27.2105946 ], [ 92.5070119, 27.2100237 ], [ 92.5067642, 27.2096111 ] ] } },
{ "type": "Feature", "properties": { "element": "way", "id": 1168896141, "highway": "residential", "ref": null, "ref:old": null, "source": null, "name": null, "name:en": null, "surface": null, "bridge": null, "bridge:structure": null, "layer": null, "name:zh": null, "sidewalk": null, "smoothness": null, "lanes": null, "route": null, "alt_name": null, "service": null, "oneway": null }, "geometry": { "type": "LineString", "coordinates": [ [ 92.5065231, 27.2092644 ], [ 92.5063945, 27.2090795 ], [ 92.5063002, 27.208992 ], [ 92.5061783, 27.2090165 ], [ 92.505958, 27.2091634 ] ] } },
{ "type": "Feature", "properties": { "element": "way", "id": 1168896142, "highway": "residential", "ref": null, "ref:old": null, "source": null, "name": null, "name:en": null, "surface": null, "bridge": "yes", "bridge:structure": null, "layer": "1", "name:zh": null, "sidewalk": null, "smoothness": null, "lanes": null, "route": null, "alt_name": null, "service": null, "oneway": null }, "geometry": { "type": "LineString", "coordinates": [ [ 92.5067642, 27.2096111 ], [ 92.5065231, 27.2092644 ] ] } },
{ "type": "Feature", "properties": { "element": "way", "id": 1168896143, "highway": "residential", "ref": null, "ref:old": null, "source": null, "name": null, "name:en": null, "surface": null, "bridge": null, "bridge:structure": null, "layer": null, "name:zh": null, "sidewalk": null, "smoothness": null, "lanes": null, "route": null, "alt_name": null, "service": null, "oneway": null }, "geometry": { "type": "LineString", "coordinates": [ [ 92.510803, 27.2106702 ], [ 92.5106573, 27.2098174 ], [ 92.5105275, 27.2092473 ], [ 92.5102719, 27.2088626 ], [ 92.5106337, 27.2086143 ], [ 92.5109404, 27.2084849 ], [ 92.5112826, 27.2080548 ], [ 92.5114525, 27.2078124 ] ] } },
{ "type": "Feature", "properties": { "element": "way", "id": 1168896144, "highway": "residential", "ref": null, "ref:old": null, "source": null, "name": null, "name:en": null, "surface": null, "bridge": null, "bridge:structure": null, "layer": null, "name:zh": null, "sidewalk": null, "smoothness": null, "lanes": null, "route": null, "alt_name": null, "service": null, "oneway": null }, "geometry": { "type": "LineString", "coordinates": [ [ 92.51172, 27.207431 ], [ 92.5117387, 27.2074043 ], [ 92.5120179, 27.2070685 ], [ 92.5120415, 27.2068866 ] ] } },
{ "type": "Feature", "properties": { "element": "way", "id": 1168896145, "highway": "residential", "ref": null, "ref:old": null, "source": null, "name": null, "name:en": null, "surface": null, "bridge": "yes", "bridge:structure": null, "layer": "1", "name:zh": null, "sidewalk": null, "smoothness": null, "lanes": null, "route": null, "alt_name": null, "service": null, "oneway": null }, "geometry": { "type": "LineString", "coordinates": [ [ 92.5114525, 27.2078124 ], [ 92.51172, 27.207431 ] ] } },
{ "type": "Feature", "properties": { "element": "way", "id": 1168896146, "highway": "residential", "ref": null, "ref:old": null, "source": null, "name": null, "name:en": null, "surface": null, "bridge": null, "bridge:structure": null, "layer": null, "name:zh": null, "sidewalk": null, "smoothness": null, "lanes": null, "route": null, "alt_name": null, "service": null, "oneway": null }, "geometry": { "type": "LineString", "coordinates": [ [ 92.515945, 27.2066608 ], [ 92.515915, 27.2059494 ], [ 92.5159464, 27.2054632 ], [ 92.5161312, 27.2049666 ], [ 92.5162527, 27.204423 ], [ 92.516261, 27.204386 ], [ 92.5160841, 27.2041517 ], [ 92.5158009, 27.2039209 ], [ 92.5157105, 27.2038684 ], [ 92.5155925, 27.2038859 ], [ 92.5153605, 27.2040503 ], [ 92.5152392, 27.2041078 ], [ 92.5151835, 27.2041342 ], [ 92.5150498, 27.2042566 ], [ 92.5150066, 27.2045504 ], [ 92.515042, 27.2046868 ], [ 92.5149594, 27.2050505 ], [ 92.5148925, 27.2053128 ] ] } },
{ "type": "Feature", "properties": { "element": "way", "id": 1168896147, "highway": "residential", "ref": null, "ref:old": null, "source": null, "name": null, "name:en": null, "surface": null, "bridge": null, "bridge:structure": null, "layer": null, "name:zh": null, "sidewalk": null, "smoothness": null, "lanes": null, "route": null, "alt_name": null, "service": null, "oneway": null }, "geometry": { "type": "LineString", "coordinates": [ [ 92.5152392, 27.2041078 ], [ 92.5151953, 27.2039209 ], [ 92.5152976, 27.2035816 ], [ 92.5154627, 27.2033263 ], [ 92.5156082, 27.2031759 ], [ 92.5157577, 27.2030605 ], [ 92.5159386, 27.2029625 ], [ 92.5162374, 27.202987 ], [ 92.5163279, 27.2030115 ] ] } },
{ "type": "Feature", "properties": { "element": "way", "id": 1168896148, "highway": "residential", "ref": null, "ref:old": null, "source": null, "name": null, "name:en": null, "surface": null, "bridge": null, "bridge:structure": null, "layer": null, "name:zh": null, "sidewalk": null, "smoothness": null, "lanes": null, "route": null, "alt_name": null, "service": null, "oneway": null }, "geometry": { "type": "LineString", "coordinates": [ [ 92.5162527, 27.204423 ], [ 92.5171694, 27.2041272 ], [ 92.5176216, 27.2042251 ], [ 92.5179166, 27.2043126 ], [ 92.5177671, 27.2049456 ], [ 92.5175784, 27.2056905 ] ] } },
{ "type": "Feature", "properties": { "element": "way", "id": 1168896149, "highway": "residential", "ref": null, "ref:old": null, "source": null, "name": null, "name:en": null, "surface": null, "bridge": null, "bridge:structure": null, "layer": null, "name:zh": null, "sidewalk": null, "smoothness": null, "lanes": null, "route": null, "alt_name": null, "service": null, "oneway": null }, "geometry": { "type": "LineString", "coordinates": [ [ 92.5109996, 27.2107503 ], [ 92.5100619, 27.212625 ], [ 92.5101344, 27.2127137 ], [ 92.5102838, 27.2127419 ], [ 92.5111218, 27.21219 ] ] } },
{ "type": "Feature", "properties": { "element": "way", "id": 1168896150, "highway": "residential", "ref": null, "ref:old": null, "source": null, "name": null, "name:en": null, "surface": null, "bridge": null, "bridge:structure": null, "layer": null, "name:zh": null, "sidewalk": null, "smoothness": null, "lanes": null, "route": null, "alt_name": null, "service": null, "oneway": null }, "geometry": { "type": "LineString", "coordinates": [ [ 92.5092194, 27.2102966 ], [ 92.5091106, 27.210635 ], [ 92.5089566, 27.2108163 ], [ 92.508934, 27.2110218 ], [ 92.5088524, 27.2112191 ], [ 92.5087845, 27.2114165 ], [ 92.5086305, 27.2115414 ], [ 92.508481, 27.2115535 ], [ 92.5082998, 27.2115132 ], [ 92.5082908, 27.2113924 ], [ 92.5082138, 27.2113078 ], [ 92.5081232, 27.2112675 ], [ 92.5079873, 27.2113118 ], [ 92.5079012, 27.2113561 ] ] } },
{ "type": "Feature", "properties": { "element": "way", "id": 1168896151, "highway": "residential", "ref": null, "ref:old": null, "source": null, "name": null, "name:en": null, "surface": null, "bridge": null, "bridge:structure": null, "layer": null, "name:zh": null, "sidewalk": null, "smoothness": null, "lanes": null, "route": null, "alt_name": null, "service": null, "oneway": null }, "geometry": { "type": "LineString", "coordinates": [ [ 92.5040768, 27.215356 ], [ 92.503838, 27.2151186 ], [ 92.5037927, 27.2148285 ], [ 92.5036614, 27.2145949 ], [ 92.5029502, 27.2140793 ], [ 92.5028415, 27.213902 ], [ 92.5031178, 27.2127942 ], [ 92.5038562, 27.2122625 ] ] } },
{ "type": "Feature", "properties": { "element": "way", "id": 1168896152, "highway": "residential", "ref": null, "ref:old": null, "source": null, "name": null, "name:en": null, "surface": null, "bridge": null, "bridge:structure": null, "layer": null, "name:zh": null, "sidewalk": null, "smoothness": null, "lanes": null, "route": null, "alt_name": null, "service": null, "oneway": null }, "geometry": { "type": "LineString", "coordinates": [ [ 92.506428, 27.2117561 ], [ 92.5058085, 27.2116421 ], [ 92.505052, 27.2114649 ], [ 92.5047576, 27.2111104 ], [ 92.5047576, 27.2108324 ], [ 92.5046353, 27.2106552 ], [ 92.504137, 27.2105061 ], [ 92.5040192, 27.2104094 ], [ 92.5039105, 27.210204 ] ] } },
{ "type": "Feature", "properties": { "element": "way", "id": 1168896153, "highway": "residential", "ref": null, "ref:old": null, "source": null, "name": null, "name:en": null, "surface": null, "bridge": null, "bridge:structure": null, "layer": null, "name:zh": null, "sidewalk": null, "smoothness": null, "lanes": null, "route": null, "alt_name": null, "service": null, "oneway": null }, "geometry": { "type": "LineString", "coordinates": [ [ 92.5054832, 27.2134037 ], [ 92.5057179, 27.2135113 ], [ 92.5051562, 27.2142082 ], [ 92.5051426, 27.2143411 ], [ 92.5054733, 27.2146553 ], [ 92.5056228, 27.2146553 ], [ 92.5060938, 27.2141921 ], [ 92.5063475, 27.2141276 ], [ 92.5063475, 27.2142162 ], [ 92.5060214, 27.2147439 ], [ 92.505582, 27.2153723 ], [ 92.5055231, 27.2156584 ], [ 92.5052785, 27.2159887 ], [ 92.5049297, 27.2157067 ], [ 92.5048436, 27.2157309 ], [ 92.5047531, 27.2159685 ], [ 92.5045945, 27.2160813 ], [ 92.5045447, 27.2162586 ], [ 92.5047848, 27.2164036 ] ] } },
{ "type": "Feature", "properties": { "element": "way", "id": 1168896154, "highway": "residential", "ref": null, "ref:old": null, "source": null, "name": null, "name:en": null, "surface": null, "bridge": null, "bridge:structure": null, "layer": null, "name:zh": null, "sidewalk": null, "smoothness": null, "lanes": null, "route": null, "alt_name": null, "service": null, "oneway": null }, "geometry": { "type": "LineString", "coordinates": [ [ 92.4985231, 27.2198215 ], [ 92.4986651, 27.2206653 ], [ 92.4980264, 27.2208506 ], [ 92.4979776, 27.2208674 ], [ 92.4976278, 27.2209876 ], [ 92.4972337, 27.2209836 ], [ 92.4970842, 27.2209393 ], [ 92.4970435, 27.2208667 ], [ 92.4971004, 27.2204801 ], [ 92.4976414, 27.2204035 ], [ 92.4978588, 27.2204196 ], [ 92.4979177, 27.2205566 ], [ 92.4979539, 27.2207741 ], [ 92.4979776, 27.2208674 ] ] } },
{ "type": "Feature", "properties": { "element": "way", "id": 1168896155, "highway": "residential", "ref": null, "ref:old": null, "source": null, "name": null, "name:en": null, "surface": null, "bridge": null, "bridge:structure": null, "layer": null, "name:zh": null, "sidewalk": null, "smoothness": null, "lanes": null, "route": null, "alt_name": null, "service": null, "oneway": null }, "geometry": { "type": "LineString", "coordinates": [ [ 92.4971004, 27.2204801 ], [ 92.4965407, 27.2205163 ], [ 92.4962009, 27.220476 ], [ 92.4958114, 27.2204035 ], [ 92.4955849, 27.2203632 ] ] } },
{ "type": "Feature", "properties": { "element": "way", "id": 1168912554, "highway": "secondary", "ref": null, "ref:old": null, "source": null, "name": null, "name:en": null, "surface": null, "bridge": null, "bridge:structure": null, "layer": null, "name:zh": null, "sidewalk": null, "smoothness": null, "lanes": null, "route": null, "alt_name": null, "service": null, "oneway": null }, "geometry": { "type": "LineString", "coordinates": [ [ 92.4917053, 27.3559745 ], [ 92.491853, 27.3558807 ], [ 92.4921235, 27.3558913 ], [ 92.4923519, 27.3558807 ], [ 92.4927005, 27.3560782 ], [ 92.4929709, 27.3561262 ], [ 92.4932654, 27.3563184 ], [ 92.4937162, 27.3562276 ], [ 92.4938003, 27.3560782 ], [ 92.4938124, 27.355902 ], [ 92.4938665, 27.3558646 ], [ 92.4939807, 27.3558486 ], [ 92.494161, 27.3558326 ], [ 92.4942391, 27.3556778 ], [ 92.4942992, 27.3551493 ], [ 92.4943713, 27.3549839 ], [ 92.4945035, 27.3549145 ], [ 92.4945035, 27.3547863 ], [ 92.4944134, 27.3544821 ], [ 92.4944675, 27.3538255 ], [ 92.4943413, 27.3535799 ], [ 92.4943413, 27.3534731 ], [ 92.4946598, 27.3533557 ], [ 92.4947199, 27.3531795 ], [ 92.4946839, 27.3529126 ], [ 92.494786, 27.3527845 ], [ 92.4950144, 27.3527098 ], [ 92.4952368, 27.3523948 ], [ 92.4954892, 27.3522934 ], [ 92.4960615, 27.3513717 ], [ 92.4961083, 27.3513111 ], [ 92.4962236, 27.3513294 ], [ 92.4963968, 27.3514126 ], [ 92.4965951, 27.3514499 ], [ 92.4967634, 27.3514606 ], [ 92.4968415, 27.3513805 ], [ 92.4968175, 27.3511136 ], [ 92.4968115, 27.3509962 ], [ 92.497124, 27.3508254 ], [ 92.4973825, 27.3506919 ], [ 92.4977671, 27.3502969 ], [ 92.4979328, 27.3501514 ], [ 92.4980436, 27.3501314 ], [ 92.4984643, 27.3503129 ], [ 92.4985785, 27.350409 ], [ 92.4987651, 27.350439 ], [ 92.4988982, 27.3503662 ], [ 92.4989529, 27.3503419 ], [ 92.4991782, 27.3503329 ], [ 92.4992601, 27.3502207 ], [ 92.4993011, 27.3500599 ], [ 92.4994103, 27.3500721 ], [ 92.499721, 27.3502267 ], [ 92.4999463, 27.3504178 ], [ 92.5000487, 27.3505209 ], [ 92.5001204, 27.3506149 ], [ 92.5002297, 27.3506179 ], [ 92.5003765, 27.350533 ], [ 92.5004038, 27.350351 ], [ 92.5001887, 27.3499841 ], [ 92.4999053, 27.3495687 ], [ 92.4998405, 27.3489653 ], [ 92.500117, 27.3487682 ], [ 92.5001716, 27.3484892 ], [ 92.500216, 27.3480556 ], [ 92.5002706, 27.3478312 ], [ 92.5001648, 27.3474461 ], [ 92.5001921, 27.3472035 ], [ 92.500257, 27.3469761 ], [ 92.5005915, 27.3467577 ], [ 92.5008612, 27.3462544 ], [ 92.5009739, 27.3460694 ], [ 92.5011378, 27.3460148 ], [ 92.5012914, 27.3461088 ], [ 92.5015543, 27.3464121 ], [ 92.5018922, 27.3465 ], [ 92.50222, 27.3468123 ], [ 92.5024589, 27.3469245 ], [ 92.5029232, 27.3476826 ], [ 92.5031486, 27.3481435 ], [ 92.5033466, 27.3485499 ], [ 92.5035719, 27.3488804 ], [ 92.5038211, 27.3491169 ], [ 92.5039645, 27.3491108 ], [ 92.5042649, 27.3489168 ], [ 92.5046097, 27.3485499 ], [ 92.5047189, 27.3484862 ], [ 92.5050433, 27.3484043 ], [ 92.5051935, 27.3480526 ], [ 92.5053505, 27.3478373 ], [ 92.5057704, 27.3476371 ], [ 92.5058967, 27.3474309 ], [ 92.5060231, 27.3474127 ], [ 92.5062654, 27.3475613 ], [ 92.5066307, 27.3477584 ], [ 92.5067878, 27.3478342 ], [ 92.5068083, 27.3481557 ], [ 92.5069619, 27.3482618 ], [ 92.5070336, 27.3482951 ], [ 92.5071462, 27.3484255 ], [ 92.5072657, 27.3484468 ], [ 92.507433, 27.3486226 ], [ 92.5075525, 27.3488076 ], [ 92.5075969, 27.3489592 ], [ 92.5076822, 27.3490077 ], [ 92.5077351, 27.3489526 ], [ 92.507771, 27.3487803 ], [ 92.5078393, 27.3485681 ], [ 92.5080482, 27.3485509 ], [ 92.5081158, 27.3485109 ], [ 92.5082523, 27.3479343 ], [ 92.5083855, 27.3477584 ], [ 92.5085011, 27.3477455 ], [ 92.5085923, 27.347755 ], [ 92.5086722, 27.3478009 ], [ 92.5087303, 27.3479828 ], [ 92.5087508, 27.3481829 ], [ 92.50872, 27.3483467 ], [ 92.5087712, 27.348565 ], [ 92.5087747, 27.3487803 ], [ 92.5088976, 27.3488592 ], [ 92.5090205, 27.348847 ], [ 92.5091468, 27.3487803 ], [ 92.5092219, 27.3486075 ], [ 92.5094404, 27.3484013 ], [ 92.5095121, 27.348189 ], [ 92.5095257, 27.3479191 ], [ 92.5096008, 27.3478373 ], [ 92.5097545, 27.3477645 ], [ 92.5099422, 27.3477433 ], [ 92.510031, 27.3477615 ], [ 92.5100617, 27.3476887 ], [ 92.5100071, 27.347622 ], [ 92.5099115, 27.3475886 ], [ 92.5099013, 27.3475371 ], [ 92.5099354, 27.3474885 ], [ 92.5100344, 27.3474825 ], [ 92.5101846, 27.3475613 ], [ 92.5103177, 27.3476856 ], [ 92.5104065, 27.347719 ], [ 92.510567, 27.3476311 ], [ 92.5108025, 27.3475492 ], [ 92.5110347, 27.3474885 ], [ 92.5112532, 27.3475522 ], [ 92.5114, 27.347628 ], [ 92.5114348, 27.3476162 ], [ 92.5114522, 27.3475864 ], [ 92.5114477, 27.3475583 ], [ 92.5113726, 27.3474946 ], [ 92.5111712, 27.3473976 ], [ 92.511079, 27.3472854 ], [ 92.5110074, 27.3471338 ], [ 92.5109664, 27.3470579 ], [ 92.5108674, 27.3470549 ], [ 92.5107889, 27.3471489 ], [ 92.5107411, 27.3472945 ], [ 92.5106489, 27.3473672 ], [ 92.5105601, 27.3473885 ], [ 92.5105075, 27.3473397 ], [ 92.5105328, 27.3472884 ], [ 92.5106626, 27.3471459 ], [ 92.510724, 27.3469063 ], [ 92.5107377, 27.3467699 ], [ 92.5108298, 27.3467274 ], [ 92.511062, 27.3468275 ], [ 92.5112839, 27.3469609 ], [ 92.511458, 27.3470155 ], [ 92.5116458, 27.3472156 ], [ 92.5117721, 27.3471944 ], [ 92.511813, 27.3470852 ], [ 92.5118028, 27.3469276 ], [ 92.5118438, 27.3468275 ], [ 92.511953, 27.346782 ], [ 92.5121715, 27.3468548 ], [ 92.5123319, 27.3469609 ], [ 92.5124207, 27.3471762 ], [ 92.5125812, 27.3472672 ], [ 92.5127655, 27.3474279 ], [ 92.5131035, 27.3475765 ], [ 92.5134142, 27.3476796 ], [ 92.5136531, 27.3476856 ], [ 92.5139775, 27.347907 ], [ 92.5141447, 27.3479889 ], [ 92.5144588, 27.3482648 ], [ 92.5147968, 27.3484892 ], [ 92.515005, 27.3484922 ], [ 92.5151723, 27.3485256 ], [ 92.515244, 27.3484528 ], [ 92.5151996, 27.3483922 ], [ 92.5148139, 27.3482436 ], [ 92.5146773, 27.3481284 ], [ 92.5145339, 27.3479707 ], [ 92.5144759, 27.3477766 ], [ 92.5143359, 27.3476038 ], [ 92.5141277, 27.3474703 ], [ 92.5138443, 27.3473733 ], [ 92.5136463, 27.3472551 ], [ 92.513462, 27.3471156 ], [ 92.5130079, 27.3468608 ], [ 92.512885, 27.3467577 ], [ 92.5128591, 27.3466623 ], [ 92.5128918, 27.3466334 ], [ 92.5129738, 27.3466637 ], [ 92.5131342, 27.346785 ], [ 92.5133527, 27.3468639 ], [ 92.5135951, 27.3469518 ], [ 92.5137999, 27.347158 ], [ 92.5140287, 27.3472187 ], [ 92.5140922, 27.3471987 ], [ 92.5141004, 27.347161 ], [ 92.514015, 27.347064 ], [ 92.5139262, 27.346967 ], [ 92.513957, 27.3467426 ], [ 92.5140389, 27.3464788 ], [ 92.5140013, 27.3462726 ], [ 92.5137419, 27.3460057 ], [ 92.5135849, 27.3459329 ], [ 92.5133698, 27.3459208 ], [ 92.5132059, 27.3458298 ], [ 92.5131786, 27.3456327 ], [ 92.5132127, 27.3453689 ], [ 92.5132435, 27.3452476 ], [ 92.5131547, 27.3451051 ], [ 92.5130011, 27.3448686 ], [ 92.5129908, 27.3446927 ], [ 92.5129055, 27.3445502 ], [ 92.5128494, 27.3445524 ], [ 92.5126768, 27.3445592 ], [ 92.5125095, 27.3446654 ], [ 92.5124002, 27.3448989 ], [ 92.512349, 27.3450384 ], [ 92.5122249, 27.3451462 ], [ 92.5121339, 27.3451718 ], [ 92.5118608, 27.3450778 ], [ 92.5117795, 27.3450519 ], [ 92.5116746, 27.3450362 ], [ 92.5116445, 27.3450034 ], [ 92.5116516, 27.3449371 ], [ 92.5117852, 27.3447578 ], [ 92.5118592, 27.3445393 ], [ 92.5119778, 27.3443314 ], [ 92.512046, 27.3442682 ], [ 92.5121556, 27.343976 ], [ 92.5122327, 27.3437812 ], [ 92.5123186, 27.3436495 ], [ 92.5123157, 27.3433942 ], [ 92.5122985, 27.3433074 ], [ 92.5122682, 27.3431546 ], [ 92.5121823, 27.3429177 ], [ 92.51204, 27.3426755 ], [ 92.5118859, 27.3424807 ], [ 92.5116874, 27.3422806 ], [ 92.511471, 27.3421911 ], [ 92.5112724, 27.3420937 ], [ 92.5112635, 27.3419831 ], [ 92.5113554, 27.3418751 ], [ 92.5115155, 27.3418462 ], [ 92.5118355, 27.3419699 ], [ 92.5120845, 27.3420621 ], [ 92.5122801, 27.3421937 ], [ 92.5123275, 27.3423253 ] ] } },
{ "type": "Feature", "properties": { "element": "way", "id": 1168912555, "highway": "residential", "ref": null, "ref:old": null, "source": null, "name": null, "name:en": null, "surface": null, "bridge": null, "bridge:structure": null, "layer": null, "name:zh": null, "sidewalk": null, "smoothness": null, "lanes": null, "route": null, "alt_name": null, "service": null, "oneway": null }, "geometry": { "type": "LineString", "coordinates": [ [ 92.5117795, 27.3450519 ], [ 92.5116696, 27.3451975 ], [ 92.5116518, 27.3453607 ], [ 92.5115688, 27.3455187 ], [ 92.5114236, 27.3455134 ], [ 92.5113999, 27.3454344 ], [ 92.5112576, 27.3452607 ] ] } },
{ "type": "Feature", "properties": { "element": "way", "id": 1168912556, "highway": "residential", "ref": null, "ref:old": null, "source": null, "name": null, "name:en": null, "surface": null, "bridge": null, "bridge:structure": null, "layer": null, "name:zh": null, "sidewalk": null, "smoothness": null, "lanes": null, "route": null, "alt_name": null, "service": null, "oneway": null }, "geometry": { "type": "LineString", "coordinates": [ [ 92.5118608, 27.3450778 ], [ 92.5119393, 27.344871 ], [ 92.5120311, 27.344721 ], [ 92.5121438, 27.3444814 ], [ 92.5121912, 27.3443366 ], [ 92.512188, 27.3442819 ], [ 92.5121823, 27.3441839 ], [ 92.5122712, 27.3439286 ], [ 92.5123334, 27.3437443 ], [ 92.5124105, 27.3436048 ], [ 92.5124609, 27.3432915 ], [ 92.512532, 27.343044 ], [ 92.5125676, 27.3429572 ] ] } },
{ "type": "Feature", "properties": { "element": "way", "id": 1168912557, "highway": "residential", "ref": null, "ref:old": null, "source": null, "name": null, "name:en": null, "surface": null, "bridge": null, "bridge:structure": null, "layer": null, "name:zh": null, "sidewalk": null, "smoothness": null, "lanes": null, "route": null, "alt_name": null, "service": null, "oneway": null }, "geometry": { "type": "LineString", "coordinates": [ [ 92.512188, 27.3442819 ], [ 92.512286, 27.3443393 ], [ 92.5123423, 27.344434 ], [ 92.5124313, 27.3444683 ], [ 92.5126417, 27.3444498 ], [ 92.512781, 27.3444972 ], [ 92.512861, 27.3445183 ], [ 92.5128494, 27.3445524 ] ] } },
{ "type": "Feature", "properties": { "element": "way", "id": 1168912558, "highway": "track", "ref": null, "ref:old": null, "source": null, "name": null, "name:en": null, "surface": null, "bridge": null, "bridge:structure": null, "layer": null, "name:zh": null, "sidewalk": null, "smoothness": null, "lanes": null, "route": null, "alt_name": null, "service": null, "oneway": null }, "geometry": { "type": "LineString", "coordinates": [ [ 92.5122985, 27.3433074 ], [ 92.5122388, 27.3433168 ], [ 92.5121806, 27.3434064 ], [ 92.5120546, 27.3432737 ], [ 92.5119518, 27.3431566 ], [ 92.5118742, 27.3431497 ], [ 92.5117327, 27.3430395 ], [ 92.5113138, 27.3428225 ], [ 92.5111761, 27.3427243 ], [ 92.5109299, 27.3425744 ], [ 92.5107728, 27.3424969 ], [ 92.5106235, 27.3425434 ], [ 92.5104625, 27.3426743 ], [ 92.5102938, 27.3428311 ], [ 92.5101969, 27.3428207 ], [ 92.5100611, 27.3427053 ], [ 92.5098284, 27.3426812 ], [ 92.5096229, 27.3426847 ], [ 92.5095143, 27.3427536 ], [ 92.5094639, 27.3429568 ], [ 92.509299, 27.3431635 ], [ 92.5090722, 27.3432272 ], [ 92.5090431, 27.3431273 ], [ 92.5089752, 27.3430188 ], [ 92.5088763, 27.3429413 ], [ 92.5087658, 27.3429103 ], [ 92.5085583, 27.3429465 ], [ 92.5083411, 27.3429034 ], [ 92.5081414, 27.3429551 ], [ 92.5080502, 27.3430137 ], [ 92.5079979, 27.3430981 ], [ 92.5077943, 27.3432048 ], [ 92.5075499, 27.3433392 ], [ 92.5075654, 27.3433805 ], [ 92.5072532, 27.3434994 ], [ 92.5071776, 27.3435717 ], [ 92.5069527, 27.34362 ], [ 92.5067898, 27.3437199 ], [ 92.5064369, 27.3437922 ], [ 92.5062119, 27.3438439 ] ] } },
{ "type": "Feature", "properties": { "element": "way", "id": 1168912562, "highway": "unclassified", "ref": null, "ref:old": null, "source": null, "name": null, "name:en": null, "surface": null, "bridge": null, "bridge:structure": null, "layer": null, "name:zh": null, "sidewalk": null, "smoothness": null, "lanes": null, "route": null, "alt_name": null, "service": null, "oneway": null }, "geometry": { "type": "LineString", "coordinates": [ [ 92.5141004, 27.347161 ], [ 92.5143319, 27.3474363 ], [ 92.5146484, 27.3478111 ], [ 92.5148259, 27.3480374 ], [ 92.5150369, 27.3480419 ], [ 92.5153637, 27.3482979 ], [ 92.5155309, 27.348547 ], [ 92.5156544, 27.3484739 ], [ 92.5157908, 27.3484327 ], [ 92.5158963, 27.3484922 ], [ 92.516151, 27.3487595 ], [ 92.5163697, 27.3489949 ], [ 92.5167248, 27.3491938 ], [ 92.5169512, 27.3493789 ], [ 92.5171236, 27.3494612 ], [ 92.5174246, 27.3497605 ], [ 92.5176433, 27.3498999 ], [ 92.5179418, 27.3501879 ], [ 92.5181219, 27.3502999 ], [ 92.5184023, 27.3504256 ], [ 92.5185233, 27.350453 ], [ 92.5188037, 27.3506107 ], [ 92.5188835, 27.3506107 ], [ 92.519061, 27.3507181 ], [ 92.519133, 27.3507684 ], [ 92.519537, 27.3510563 ], [ 92.5197634, 27.3511409 ], [ 92.5199435, 27.3512711 ], [ 92.5200284, 27.3513854 ], [ 92.5202651, 27.3515385 ], [ 92.5204195, 27.3516642 ], [ 92.5207051, 27.3518767 ], [ 92.5208055, 27.3519247 ], [ 92.5209058, 27.3519521 ], [ 92.5210628, 27.3521007 ], [ 92.5212274, 27.3523247 ], [ 92.5212876, 27.3523558 ], [ 92.5213509, 27.3523886 ], [ 92.5215954, 27.3524389 ], [ 92.5219118, 27.3524389 ], [ 92.5220971, 27.3522904 ], [ 92.5221897, 27.3522035 ], [ 92.5223081, 27.3522675 ], [ 92.5226425, 27.3524503 ], [ 92.5228021, 27.3525349 ], [ 92.522905, 27.3525349 ], [ 92.5229564, 27.3524229 ], [ 92.5230465, 27.3523201 ], [ 92.5232575, 27.3522972 ], [ 92.5235688, 27.3523292 ], [ 92.5237695, 27.3524024 ], [ 92.5239342, 27.3524686 ], [ 92.5241966, 27.3523041 ], [ 92.5242635, 27.3521464 ] ] } },
{ "type": "Feature", "properties": { "element": "way", "id": 1168912563, "highway": "unclassified", "ref": null, "ref:old": null, "source": null, "name": null, "name:en": null, "surface": null, "bridge": null, "bridge:structure": null, "layer": null, "name:zh": null, "sidewalk": null, "smoothness": null, "lanes": null, "route": null, "alt_name": null, "service": null, "oneway": null }, "geometry": { "type": "LineString", "coordinates": [ [ 92.5212876, 27.3523558 ], [ 92.5216134, 27.3522858 ], [ 92.5217266, 27.3521441 ], [ 92.5218424, 27.3519247 ], [ 92.5219298, 27.351815 ], [ 92.5221074, 27.3518082 ] ] } },
{ "type": "Feature", "properties": { "element": "way", "id": 1168938741, "highway": "tertiary", "ref": null, "ref:old": null, "source": null, "name": null, "name:en": null, "surface": null, "bridge": null, "bridge:structure": null, "layer": null, "name:zh": null, "sidewalk": null, "smoothness": null, "lanes": null, "route": null, "alt_name": null, "service": null, "oneway": null }, "geometry": { "type": "LineString", "coordinates": [ [ 92.4883972, 27.3562872 ], [ 92.488419, 27.3564203 ], [ 92.4883575, 27.3566598 ], [ 92.4884872, 27.3568327 ], [ 92.4884838, 27.3569449 ], [ 92.4883985, 27.3570995 ], [ 92.4883951, 27.3572359 ], [ 92.4884463, 27.357339 ], [ 92.4884292, 27.3574967 ], [ 92.4883268, 27.3576301 ], [ 92.4880844, 27.3577908 ], [ 92.4877498, 27.3577635 ], [ 92.4875689, 27.3577635 ], [ 92.4874221, 27.3577969 ], [ 92.4873709, 27.3579454 ], [ 92.4874562, 27.3581274 ], [ 92.487446, 27.358282 ], [ 92.4873914, 27.3583639 ], [ 92.4874767, 27.358564 ], [ 92.4874835, 27.3587156 ], [ 92.4874323, 27.3589066 ], [ 92.4873299, 27.3590067 ], [ 92.48705, 27.3593099 ], [ 92.4869407, 27.359507 ], [ 92.4868247, 27.359795 ], [ 92.4867188, 27.3600254 ], [ 92.4867188, 27.3604135 ], [ 92.4866642, 27.3607652 ], [ 92.4865823, 27.3611109 ], [ 92.4866062, 27.3613322 ], [ 92.4867666, 27.3617112 ], [ 92.4869749, 27.3619871 ], [ 92.487009, 27.3621721 ], [ 92.4870363, 27.3623722 ], [ 92.4869715, 27.3625905 ], [ 92.4868759, 27.3627966 ], [ 92.4867427, 27.3629361 ], [ 92.486555, 27.3630028 ], [ 92.4865789, 27.3630756 ], [ 92.4867598, 27.3630513 ], [ 92.4869373, 27.3629786 ], [ 92.4870056, 27.3628876 ], [ 92.4870739, 27.3628209 ], [ 92.4871387, 27.3628512 ], [ 92.4871558, 27.3629119 ], [ 92.4870841, 27.3629907 ], [ 92.4870158, 27.3631423 ], [ 92.4868929, 27.363397 ], [ 92.4867837, 27.3635607 ], [ 92.486712, 27.3635759 ], [ 92.4866506, 27.3635759 ], [ 92.4866062, 27.3635092 ], [ 92.4864901, 27.3633909 ], [ 92.4864116, 27.3632939 ], [ 92.4863296, 27.3631423 ], [ 92.486275, 27.3629634 ], [ 92.4861692, 27.3628573 ], [ 92.4859302, 27.3627603 ], [ 92.4857664, 27.362739 ], [ 92.4855991, 27.3627572 ], [ 92.4854215, 27.3626329 ], [ 92.4853499, 27.3624753 ], [ 92.4853362, 27.362357 ], [ 92.4850358, 27.3620235 ], [ 92.484708, 27.3617628 ], [ 92.4845237, 27.3615384 ], [ 92.4843701, 27.3614171 ], [ 92.4841516, 27.3612322 ], [ 92.4840184, 27.3608986 ], [ 92.4838921, 27.3606985 ], [ 92.4837897, 27.3605833 ], [ 92.4837351, 27.3605348 ], [ 92.48366, 27.3605591 ], [ 92.48366, 27.36065 ], [ 92.48366, 27.360747 ], [ 92.4836463, 27.3608198 ], [ 92.4836054, 27.3609866 ], [ 92.4835917, 27.3611382 ], [ 92.4835576, 27.3613019 ], [ 92.4835849, 27.3614383 ], [ 92.4835815, 27.3617597 ], [ 92.4836395, 27.3621236 ], [ 92.4837487, 27.3623661 ], [ 92.483677, 27.3624753 ], [ 92.4834551, 27.3625723 ], [ 92.4831957, 27.3626814 ], [ 92.4831513, 27.3627451 ], [ 92.4832298, 27.3629179 ], [ 92.483322, 27.3630028 ], [ 92.48352, 27.3630635 ], [ 92.4836019, 27.3631332 ], [ 92.4835883, 27.3633151 ], [ 92.4835576, 27.3635001 ], [ 92.4834551, 27.363591 ], [ 92.4833254, 27.3636577 ], [ 92.4831615, 27.3636547 ], [ 92.483025, 27.3636122 ], [ 92.4828475, 27.3636304 ], [ 92.4827041, 27.3636668 ], [ 92.4823251, 27.3636062 ], [ 92.4818608, 27.3635122 ], [ 92.4814921, 27.3635637 ], [ 92.480963, 27.3634697 ], [ 92.4805158, 27.3633636 ], [ 92.4804168, 27.3632272 ], [ 92.4803212, 27.3631635 ], [ 92.4801232, 27.3631847 ], [ 92.4799934, 27.3631938 ], [ 92.4798671, 27.363112 ], [ 92.4797886, 27.3629664 ], [ 92.4796418, 27.3629028 ], [ 92.4794267, 27.3628815 ], [ 92.4793107, 27.3629331 ], [ 92.4793619, 27.3630544 ], [ 92.4793687, 27.363212 ], [ 92.4792629, 27.3634152 ], [ 92.4792117, 27.363594 ], [ 92.4791263, 27.3638669 ], [ 92.4791843, 27.3639518 ], [ 92.4794028, 27.3639639 ], [ 92.479553, 27.3640034 ], [ 92.4799218, 27.3643641 ], [ 92.4804099, 27.36454 ], [ 92.4805499, 27.3646279 ], [ 92.4806045, 27.3647068 ], [ 92.480584, 27.3648007 ], [ 92.480427, 27.3649645 ], [ 92.480287, 27.3649554 ], [ 92.4801402, 27.3648644 ], [ 92.4799456, 27.3648735 ], [ 92.4797886, 27.3649827 ], [ 92.4796794, 27.3650918 ], [ 92.4797613, 27.3652009 ], [ 92.4799491, 27.3652889 ], [ 92.4803007, 27.3657467 ], [ 92.4808845, 27.3662106 ], [ 92.4810244, 27.3664046 ], [ 92.4810449, 27.3665622 ], [ 92.4811439, 27.3666411 ], [ 92.4814375, 27.3666623 ], [ 92.4814819, 27.36682 ], [ 92.4814409, 27.3670746 ], [ 92.4815502, 27.3673202 ], [ 92.4815673, 27.3675749 ], [ 92.4816258, 27.3677803 ], [ 92.4816424, 27.3678386 ], [ 92.4815946, 27.3681085 ], [ 92.4815195, 27.3683419 ], [ 92.4813966, 27.3685238 ], [ 92.4812873, 27.368639 ], [ 92.4812361, 27.3687088 ], [ 92.4813249, 27.3687664 ], [ 92.4815058, 27.3686906 ], [ 92.4817448, 27.368639 ], [ 92.4818404, 27.3687179 ], [ 92.4819974, 27.3687724 ], [ 92.4822022, 27.368733 ], [ 92.4824617, 27.3685754 ] ] } },
{ "type": "Feature", "properties": { "element": "way", "id": 1168938743, "highway": "track", "ref": null, "ref:old": null, "source": null, "name": null, "name:en": null, "surface": null, "bridge": null, "bridge:structure": null, "layer": null, "name:zh": null, "sidewalk": null, "smoothness": null, "lanes": null, "route": null, "alt_name": null, "service": null, "oneway": null }, "geometry": { "type": "LineString", "coordinates": [ [ 92.4824617, 27.3685754 ], [ 92.4825578, 27.3686176 ], [ 92.48266, 27.3685966 ], [ 92.4828409, 27.3685163 ], [ 92.483124, 27.3685861 ], [ 92.4835212, 27.3685687 ], [ 92.483942, 27.368628 ], [ 92.4843785, 27.3685896 ], [ 92.4847272, 27.3686677 ], [ 92.4849094, 27.3686909 ], [ 92.484874, 27.3687642 ], [ 92.4852318, 27.3687573 ], [ 92.4852829, 27.3685198 ], [ 92.4853577, 27.3683696 ] ] } },
{ "type": "Feature", "properties": { "element": "way", "id": 1168938744, "highway": "track", "ref": null, "ref:old": null, "source": null, "name": null, "name:en": null, "surface": null, "bridge": null, "bridge:structure": null, "layer": null, "name:zh": null, "sidewalk": null, "smoothness": null, "lanes": null, "route": null, "alt_name": null, "service": null, "oneway": null }, "geometry": { "type": "LineString", "coordinates": [ [ 92.4813249, 27.3687664 ], [ 92.4810529, 27.368704 ], [ 92.4808395, 27.3687935 ], [ 92.4806677, 27.3689224 ], [ 92.4804632, 27.369054 ], [ 92.4801816, 27.3690725 ], [ 92.4795177, 27.3690435 ], [ 92.4790257, 27.369162 ], [ 92.4788153, 27.3693462 ], [ 92.4785575, 27.369591 ], [ 92.4782492, 27.3698489 ], [ 92.4779647, 27.3700542 ], [ 92.4778076, 27.3703832 ], [ 92.4777335, 27.3705753 ], [ 92.4776031, 27.3707701 ], [ 92.4773749, 27.3709491 ], [ 92.4770193, 27.3709438 ], [ 92.4766577, 27.3709596 ], [ 92.4763198, 27.370957 ], [ 92.4762428, 27.3711807 ], [ 92.4761983, 27.371286 ], [ 92.476145, 27.3715281 ], [ 92.4760057, 27.371665 ], [ 92.4758812, 27.371736 ], [ 92.4758931, 27.3717781 ], [ 92.4759316, 27.3718597 ], [ 92.4759553, 27.3719176 ], [ 92.4755611, 27.3724072 ] ] } },
{ "type": "Feature", "properties": { "element": "way", "id": 1168938752, "highway": "unclassified", "ref": null, "ref:old": null, "source": null, "name": null, "name:en": null, "surface": null, "bridge": null, "bridge:structure": null, "layer": null, "name:zh": null, "sidewalk": null, "smoothness": null, "lanes": null, "route": null, "alt_name": null, "service": null, "oneway": null }, "geometry": { "type": "LineString", "coordinates": [ [ 92.4733427, 27.3355277 ], [ 92.4735758, 27.3359463 ], [ 92.4738514, 27.3360569 ], [ 92.4739907, 27.3360701 ], [ 92.4745509, 27.3365071 ], [ 92.4746072, 27.3360648 ], [ 92.4748295, 27.3358805 ], [ 92.4748235, 27.3357173 ], [ 92.4746428, 27.335325 ], [ 92.4743612, 27.3350169 ], [ 92.47397, 27.3346878 ], [ 92.473887, 27.3344878 ], [ 92.4739522, 27.3341139 ], [ 92.4739397, 27.3338504 ], [ 92.4738366, 27.3337242 ], [ 92.4736084, 27.3335294 ] ] } },
{ "type": "Feature", "properties": { "element": "way", "id": 1168938753, "highway": "residential", "ref": null, "ref:old": null, "source": null, "name": null, "name:en": null, "surface": null, "bridge": null, "bridge:structure": null, "layer": null, "name:zh": null, "sidewalk": null, "smoothness": null, "lanes": null, "route": null, "alt_name": null, "service": null, "oneway": null }, "geometry": { "type": "LineString", "coordinates": [ [ 92.4714786, 27.3392947 ], [ 92.4714656, 27.3389345 ], [ 92.4714686, 27.3384685 ], [ 92.471436, 27.3381078 ], [ 92.4713648, 27.3376418 ], [ 92.4713249, 27.3375689 ], [ 92.4713115, 27.3375444 ], [ 92.4711396, 27.3375786 ], [ 92.470861, 27.3376681 ], [ 92.4707365, 27.3377814 ], [ 92.4707336, 27.3379499 ], [ 92.4709707, 27.3383895 ], [ 92.4712344, 27.338458 ], [ 92.4714686, 27.3384685 ] ] } },
{ "type": "Feature", "properties": { "element": "way", "id": 1168938754, "highway": "residential", "ref": null, "ref:old": null, "source": null, "name": null, "name:en": null, "surface": null, "bridge": null, "bridge:structure": null, "layer": null, "name:zh": null, "sidewalk": null, "smoothness": null, "lanes": null, "route": null, "alt_name": null, "service": null, "oneway": null }, "geometry": { "type": "LineString", "coordinates": [ [ 92.4713249, 27.3375689 ], [ 92.4714686, 27.3373706 ], [ 92.4715575, 27.3372101 ], [ 92.4716108, 27.3369336 ], [ 92.4716574, 27.3368609 ], [ 92.471925, 27.3367309 ], [ 92.4720287, 27.3364939 ], [ 92.4725029, 27.3364834 ] ] } },
{ "type": "Feature", "properties": { "element": "way", "id": 1168938755, "highway": "track", "ref": null, "ref:old": null, "source": null, "name": null, "name:en": null, "surface": null, "bridge": null, "bridge:structure": null, "layer": null, "name:zh": null, "sidewalk": null, "smoothness": null, "lanes": null, "route": null, "alt_name": null, "service": null, "oneway": null }, "geometry": { "type": "LineString", "coordinates": [ [ 92.4725029, 27.3364834 ], [ 92.4725889, 27.3364808 ], [ 92.4726689, 27.3361806 ], [ 92.472743, 27.3361017 ], [ 92.4728438, 27.336078 ], [ 92.4729119, 27.33592 ], [ 92.4730068, 27.3360174 ], [ 92.4730927, 27.3358594 ], [ 92.4734395, 27.3359805 ], [ 92.4734661, 27.3358779 ], [ 92.4733427, 27.3355277 ] ] } },
{ "type": "Feature", "properties": { "element": "way", "id": 1169005475, "highway": "track", "ref": null, "ref:old": null, "source": null, "name": null, "name:en": null, "surface": null, "bridge": null, "bridge:structure": null, "layer": null, "name:zh": null, "sidewalk": null, "smoothness": null, "lanes": null, "route": null, "alt_name": null, "service": null, "oneway": null }, "geometry": { "type": "LineString", "coordinates": [ [ 92.2976565, 27.4063184 ], [ 92.2978486, 27.4063065 ], [ 92.2981971, 27.4065008 ], [ 92.2987622, 27.4061637 ], [ 92.2990369, 27.4059833 ], [ 92.2995328, 27.4057711 ], [ 92.2996445, 27.4055787 ], [ 92.2997875, 27.4054221 ], [ 92.2998589, 27.405309 ], [ 92.2999684, 27.4051306 ], [ 92.3002297, 27.405077 ], [ 92.3003794, 27.4049323 ], [ 92.3004486, 27.4048113 ], [ 92.3006318, 27.4046804 ], [ 92.3006832, 27.4045396 ], [ 92.3008217, 27.4043671 ], [ 92.3009512, 27.4042838 ], [ 92.3012461, 27.404149 ], [ 92.301351, 27.4038436 ], [ 92.3018223, 27.4037087 ], [ 92.3019631, 27.4037643 ], [ 92.3019832, 27.4038674 ], [ 92.3019675, 27.4040478 ], [ 92.3019921, 27.4041351 ], [ 92.3021864, 27.4038535 ], [ 92.302249, 27.4036631 ], [ 92.3023495, 27.403566 ], [ 92.3024076, 27.4033796 ], [ 92.3025684, 27.4031079 ], [ 92.302689, 27.4028719 ], [ 92.3027024, 27.4026399 ], [ 92.3028007, 27.4023067 ], [ 92.3029749, 27.402037 ], [ 92.303167, 27.4021243 ], [ 92.303138, 27.4023385 ], [ 92.3033658, 27.4027033 ], [ 92.3033546, 27.4028303 ], [ 92.3035244, 27.403092 ], [ 92.3036651, 27.4031059 ], [ 92.303884, 27.402743 ], [ 92.304161, 27.4023761 ] ] } },
{ "type": "Feature", "properties": { "element": "way", "id": 1169005479, "highway": "tertiary", "ref": null, "ref:old": null, "source": null, "name": null, "name:en": null, "surface": null, "bridge": null, "bridge:structure": null, "layer": null, "name:zh": null, "sidewalk": null, "smoothness": null, "lanes": null, "route": null, "alt_name": null, "service": null, "oneway": null }, "geometry": { "type": "LineString", "coordinates": [ [ 92.2970053, 27.402167 ], [ 92.2969683, 27.4020968 ], [ 92.2968572, 27.402034 ], [ 92.2967629, 27.4019668 ], [ 92.2966383, 27.4018218 ], [ 92.2966249, 27.4017202 ], [ 92.296539, 27.4015632 ], [ 92.2965188, 27.4014601 ], [ 92.2965525, 27.4014078 ], [ 92.2966249, 27.4014945 ], [ 92.2968336, 27.4017874 ], [ 92.2969885, 27.4018054 ], [ 92.2970979, 27.4018024 ], [ 92.2973807, 27.401898 ], [ 92.2974077, 27.4020101 ], [ 92.2974026, 27.4021656 ], [ 92.2974447, 27.4022642 ], [ 92.2975272, 27.4022941 ], [ 92.2975945, 27.4022493 ], [ 92.2976383, 27.4021401 ], [ 92.2977056, 27.4019234 ], [ 92.297778, 27.4017665 ], [ 92.2977881, 27.4015946 ], [ 92.2978201, 27.4014706 ], [ 92.2978757, 27.4013944 ], [ 92.2978908, 27.4012823 ], [ 92.2979009, 27.4011627 ], [ 92.2979279, 27.4010282 ], [ 92.2979901, 27.4009579 ], [ 92.2981215, 27.4009295 ], [ 92.2981787, 27.4008593 ], [ 92.298145, 27.4008294 ], [ 92.29798, 27.4008219 ], [ 92.2978841, 27.4008563 ], [ 92.2977831, 27.4009295 ], [ 92.2977258, 27.4010596 ], [ 92.2976602, 27.401215 ], [ 92.297544, 27.4012449 ], [ 92.2974447, 27.4012389 ], [ 92.2973605, 27.4011836 ], [ 92.2972629, 27.4011059 ], [ 92.2972461, 27.4010446 ], [ 92.2972343, 27.4009475 ], [ 92.2972545, 27.4008414 ], [ 92.2972814, 27.4007218 ], [ 92.2973286, 27.4006157 ], [ 92.2973201, 27.4005215 ], [ 92.2972679, 27.4003975 ], [ 92.2971434, 27.4002689 ], [ 92.2970171, 27.4001553 ], [ 92.2969582, 27.4000731 ], [ 92.2969582, 27.4000014 ], [ 92.297044, 27.4000208 ], [ 92.2971871, 27.4001359 ], [ 92.2973083, 27.400242 ], [ 92.2974784, 27.4003257 ], [ 92.2975407, 27.4003915 ], [ 92.2976501, 27.4003556 ], [ 92.2977982, 27.4002958 ], [ 92.2978454, 27.4002346 ], [ 92.297879, 27.4001748 ], [ 92.2978528, 27.4001518 ], [ 92.2978201, 27.4001434 ], [ 92.2977292, 27.4001942 ], [ 92.297645, 27.4002241 ], [ 92.2975558, 27.4002286 ], [ 92.2974464, 27.4001718 ], [ 92.297337, 27.4000702 ], [ 92.2972275, 27.3999282 ], [ 92.2971451, 27.3998191 ], [ 92.2970659, 27.399707 ], [ 92.2970188, 27.3994947 ], [ 92.2968707, 27.3992855 ], [ 92.2966198, 27.3989896 ], [ 92.2964279, 27.3988834 ], [ 92.2962932, 27.3988805 ], [ 92.2961434, 27.3989313 ], [ 92.2960239, 27.3989148 ], [ 92.2958707, 27.3988595 ], [ 92.2957646, 27.3987953 ], [ 92.2955677, 27.3987803 ], [ 92.2953858, 27.3988715 ], [ 92.2951434, 27.3990374 ], [ 92.2949515, 27.3991824 ], [ 92.2948522, 27.3992631 ], [ 92.2947293, 27.3992571 ], [ 92.2947001, 27.3992502 ], [ 92.2946826, 27.3992389 ], [ 92.2946807, 27.3992216 ], [ 92.2946785, 27.3992 ], [ 92.2946949, 27.3991854 ], [ 92.294768, 27.399157 ], [ 92.2949061, 27.3990882 ], [ 92.2950121, 27.3989567 ], [ 92.2951165, 27.3988386 ], [ 92.2952545, 27.3986323 ], [ 92.2952815, 27.3985591 ], [ 92.2953707, 27.398465 ], [ 92.2954566, 27.3983813 ], [ 92.295704, 27.3982931 ], [ 92.295874, 27.398302 ], [ 92.2960138, 27.39832 ], [ 92.2961653, 27.3982602 ], [ 92.2964262, 27.3983618 ], [ 92.296773, 27.398453 ], [ 92.2970525, 27.3986309 ], [ 92.2972747, 27.3987116 ], [ 92.2974228, 27.3988207 ], [ 92.2975558, 27.3989642 ], [ 92.2976619, 27.3990224 ], [ 92.2977949, 27.3990195 ], [ 92.2978284, 27.3989964 ], [ 92.2978452, 27.3989756 ], [ 92.2978575, 27.3989521 ], [ 92.2978622, 27.3989284 ], [ 92.2978506, 27.3988928 ], [ 92.2978193, 27.3988825 ], [ 92.2977864, 27.3988775 ], [ 92.2976652, 27.398867 ], [ 92.2975642, 27.3987908 ], [ 92.2974615, 27.3986548 ], [ 92.2973858, 27.3985651 ], [ 92.297305, 27.3984978 ], [ 92.2972174, 27.398462 ], [ 92.2971619, 27.3983558 ], [ 92.2971249, 27.398302 ], [ 92.2970289, 27.3982527 ], [ 92.2969178, 27.3982094 ], [ 92.2968117, 27.398172 ], [ 92.2967309, 27.3980808 ], [ 92.2966737, 27.3979822 ], [ 92.2966367, 27.3978581 ], [ 92.2966131, 27.397752 ], [ 92.2965744, 27.3976833 ], [ 92.2964784, 27.39761 ], [ 92.2963825, 27.3975816 ], [ 92.2962949, 27.3975308 ], [ 92.2961619, 27.3974262 ], [ 92.2960643, 27.3974127 ], [ 92.2959683, 27.3973888 ], [ 92.2958353, 27.3973156 ], [ 92.2956097, 27.3972169 ], [ 92.2954532, 27.397211 ], [ 92.2953135, 27.3972648 ], [ 92.2952007, 27.3973171 ], [ 92.2951367, 27.3974352 ], [ 92.2951098, 27.3975652 ], [ 92.2950576, 27.3976519 ], [ 92.294933, 27.3977849 ], [ 92.2947394, 27.3979613 ], [ 92.2946636, 27.3979643 ], [ 92.2946387, 27.3979532 ], [ 92.2946172, 27.3979338 ], [ 92.29462, 27.3979019 ], [ 92.2946367, 27.3978731 ], [ 92.2947344, 27.3978238 ], [ 92.2948354, 27.3977281 ], [ 92.2949195, 27.3976324 ], [ 92.2949717, 27.3975218 ], [ 92.2949616, 27.3974083 ], [ 92.2949852, 27.3972663 ], [ 92.2950811, 27.3970809 ], [ 92.295135, 27.3969554 ], [ 92.2953, 27.3968836 ], [ 92.2953926, 27.3968582 ], [ 92.2955155, 27.3968179 ], [ 92.2955879, 27.3968239 ], [ 92.2956838, 27.3967297 ], [ 92.2957427, 27.3966759 ], [ 92.295837, 27.396649 ], [ 92.2960239, 27.3966266 ], [ 92.2962107, 27.3965937 ], [ 92.2963976, 27.3966266 ], [ 92.296635, 27.3967566 ], [ 92.2968656, 27.3966505 ], [ 92.29697, 27.3965982 ], [ 92.2972023, 27.3965997 ], [ 92.2973161, 27.3966156 ], [ 92.2974531, 27.3965533 ], [ 92.2976248, 27.3965982 ], [ 92.2977898, 27.39664 ], [ 92.2978925, 27.3966281 ], [ 92.2979464, 27.3965847 ], [ 92.2979502, 27.3965719 ], [ 92.2979466, 27.3965583 ], [ 92.2979405, 27.3965448 ], [ 92.2979329, 27.3965399 ], [ 92.2978117, 27.3965189 ], [ 92.2977073, 27.3964681 ], [ 92.2975137, 27.3963889 ], [ 92.2974026, 27.3963366 ], [ 92.2973218, 27.3963157 ], [ 92.297241, 27.3963456 ], [ 92.2971047, 27.3963007 ], [ 92.2969414, 27.3962708 ], [ 92.2968471, 27.3962649 ], [ 92.2967107, 27.3963067 ], [ 92.2965962, 27.3963217 ], [ 92.296401, 27.3962439 ], [ 92.2962276, 27.3961124 ], [ 92.296066, 27.3960197 ], [ 92.2959212, 27.395939 ], [ 92.2958252, 27.3959241 ], [ 92.2956889, 27.3959585 ], [ 92.2956249, 27.3960362 ], [ 92.2955323, 27.3961318 ], [ 92.2954737, 27.3961893 ], [ 92.2954262, 27.3962179 ], [ 92.2954115, 27.3962202 ], [ 92.2953995, 27.3962202 ], [ 92.2953895, 27.3962132 ], [ 92.2953832, 27.3962017 ], [ 92.2953853, 27.396194 ], [ 92.2954532, 27.3961184 ], [ 92.2955027, 27.3960447 ], [ 92.2955576, 27.3959734 ], [ 92.2956434, 27.3958209 ], [ 92.2957478, 27.3957552 ], [ 92.2959212, 27.3957178 ], [ 92.2960929, 27.3957133 ], [ 92.296241, 27.3956954 ], [ 92.2963387, 27.3957522 ], [ 92.2963892, 27.395818 ], [ 92.2964262, 27.3958493 ], [ 92.2964986, 27.3958329 ], [ 92.2965542, 27.3957642 ], [ 92.2965878, 27.3956819 ], [ 92.2966181, 27.3956057 ], [ 92.2966585, 27.3955504 ], [ 92.2967377, 27.3955145 ], [ 92.2969296, 27.3954413 ], [ 92.2970137, 27.3954249 ], [ 92.2972629, 27.395374 ], [ 92.2973184, 27.3953681 ], [ 92.2976063, 27.3954413 ], [ 92.2977107, 27.3954189 ], [ 92.2978184, 27.3953322 ], [ 92.2979295, 27.3951439 ], [ 92.2980609, 27.3949391 ], [ 92.2981417, 27.3947612 ], [ 92.2982107, 27.3946506 ], [ 92.2983521, 27.3944444 ], [ 92.298374, 27.3943173 ], [ 92.2984346, 27.3942202 ], [ 92.2985373, 27.3941634 ], [ 92.2986433, 27.3941484 ], [ 92.2989699, 27.3942082 ], [ 92.2991349, 27.3942814 ], [ 92.2993066, 27.3943442 ], [ 92.2994632, 27.3943427 ], [ 92.2995524, 27.3942814 ], [ 92.2995656, 27.3942658 ], [ 92.2995646, 27.3942413 ], [ 92.2995537, 27.3942301 ], [ 92.2995339, 27.3942122 ], [ 92.2995103, 27.3942142 ], [ 92.2993857, 27.3942456 ], [ 92.2993066, 27.3941858 ], [ 92.2992292, 27.3940752 ], [ 92.2991248, 27.3939033 ], [ 92.2989851, 27.3938136 ], [ 92.298815, 27.3937748 ], [ 92.2984447, 27.3937538 ], [ 92.2981686, 27.3937553 ], [ 92.2980625, 27.393845 ], [ 92.2979986, 27.3939422 ], [ 92.297943, 27.3941096 ], [ 92.2978689, 27.3942755 ], [ 92.2978184, 27.3943935 ], [ 92.2976737, 27.3945236 ], [ 92.2974817, 27.3945296 ], [ 92.297411, 27.3944503 ], [ 92.297342, 27.3943442 ], [ 92.2972393, 27.3942276 ], [ 92.2972163, 27.3941773 ], [ 92.2971669, 27.3941445 ], [ 92.297102, 27.3941729 ], [ 92.2970255, 27.3941948 ], [ 92.2968959, 27.3941693 ], [ 92.2967663, 27.3941708 ], [ 92.296672, 27.3941738 ], [ 92.296603, 27.3941649 ], [ 92.2966013, 27.3941155 ], [ 92.2966636, 27.3940886 ], [ 92.2967478, 27.3940752 ], [ 92.2968572, 27.3940677 ], [ 92.2970087, 27.3940318 ], [ 92.2970811, 27.3939556 ], [ 92.2971552, 27.3938689 ], [ 92.2972764, 27.393851 ], [ 92.2973841, 27.3939302 ], [ 92.2974548, 27.3940004 ], [ 92.2975205, 27.3940214 ], [ 92.2975575, 27.3939646 ], [ 92.2975524, 27.3937837 ], [ 92.2975171, 27.3936537 ], [ 92.2974952, 27.3934295 ], [ 92.2975087, 27.39328 ], [ 92.2975003, 27.3931455 ], [ 92.297507, 27.3930274 ], [ 92.2975289, 27.3929407 ], [ 92.297645, 27.392875 ], [ 92.297778, 27.3929228 ], [ 92.2979767, 27.3930498 ], [ 92.298044, 27.3930439 ], [ 92.2981349, 27.3929751 ], [ 92.2982241, 27.3929063 ], [ 92.2983201, 27.392869 ], [ 92.2986012, 27.392727 ], [ 92.298741, 27.3926014 ], [ 92.2988824, 27.3926014 ], [ 92.2990389, 27.3927479 ], [ 92.2991787, 27.3927733 ], [ 92.2992763, 27.3928002 ], [ 92.2993891, 27.3928525 ], [ 92.2995137, 27.3928107 ], [ 92.2995844, 27.3927046 ], [ 92.2995844, 27.3926044 ], [ 92.299618, 27.3924669 ], [ 92.2996399, 27.3923443 ], [ 92.2997224, 27.3922771 ], [ 92.2997898, 27.3922576 ], [ 92.29998, 27.3921754 ], [ 92.3000238, 27.3921216 ], [ 92.3000827, 27.3919916 ], [ 92.3001332, 27.3919213 ], [ 92.3004884, 27.3918526 ], [ 92.3008032, 27.3917285 ], [ 92.3008907, 27.3916672 ], [ 92.301081, 27.3915118 ], [ 92.3013015, 27.3913788 ], [ 92.3015591, 27.3912622 ], [ 92.3017409, 27.3912039 ], [ 92.301852, 27.3911037 ], [ 92.3019328, 27.3909961 ], [ 92.3020237, 27.3909348 ], [ 92.3021281, 27.3909259 ], [ 92.302251, 27.3909483 ], [ 92.3024446, 27.3908885 ], [ 92.3025927, 27.3908317 ], [ 92.3026365, 27.3907943 ], [ 92.3027964, 27.3908242 ], [ 92.3029412, 27.3907659 ], [ 92.3030472, 27.3906882 ], [ 92.3031078, 27.3906284 ], [ 92.303098, 27.3906085 ], [ 92.3030725, 27.390603 ], [ 92.3028991, 27.3906449 ], [ 92.3028116, 27.3906434 ], [ 92.3027021, 27.3906105 ], [ 92.3025759, 27.3905955 ], [ 92.3023452, 27.3906314 ], [ 92.3022375, 27.390597 ], [ 92.3021601, 27.3905626 ], [ 92.3020759, 27.3905372 ], [ 92.3020102, 27.3905327 ], [ 92.3015254, 27.3907256 ], [ 92.3011938, 27.3908123 ], [ 92.3010523, 27.3908765 ], [ 92.3009143, 27.3909184 ], [ 92.3009261, 27.3908661 ], [ 92.3010321, 27.3907809 ], [ 92.3012005, 27.3906837 ], [ 92.3013436, 27.3906419 ], [ 92.301522, 27.3905238 ], [ 92.3016601, 27.3904087 ], [ 92.3017712, 27.390331 ], [ 92.3018553, 27.3902801 ], [ 92.301953, 27.3901456 ], [ 92.3020085, 27.3900649 ], [ 92.302086, 27.3900111 ], [ 92.3022863, 27.3900275 ], [ 92.3024883, 27.3900305 ], [ 92.3026415, 27.3900096 ], [ 92.3027644, 27.3899199 ], [ 92.3029378, 27.3897944 ], [ 92.3030977, 27.3896987 ], [ 92.3031886, 27.389597 ], [ 92.3032193, 27.3895582 ], [ 92.3032156, 27.3895193 ], [ 92.303176, 27.389501 ], [ 92.3031365, 27.3895148 ], [ 92.3030371, 27.3895731 ], [ 92.3029631, 27.3896075 ], [ 92.3028402, 27.3896 ], [ 92.3027425, 27.3895716 ], [ 92.3026331, 27.3895791 ], [ 92.3025035, 27.3895896 ], [ 92.3023503, 27.3896105 ], [ 92.3022829, 27.3895985 ], [ 92.3021786, 27.3895701 ], [ 92.3020944, 27.3895402 ], [ 92.3020338, 27.3895402 ], [ 92.301916, 27.3896464 ], [ 92.3018368, 27.3897361 ], [ 92.3017678, 27.3897854 ], [ 92.3014867, 27.389893 ], [ 92.3013301, 27.3899438 ], [ 92.3011842, 27.3899515 ], [ 92.301062, 27.3898843 ], [ 92.3009224, 27.3898929 ], [ 92.3007634, 27.3900117 ], [ 92.3006451, 27.3900565 ], [ 92.3005307, 27.389998 ], [ 92.3004299, 27.3899188 ], [ 92.3002359, 27.3900083 ], [ 92.3001293, 27.3900789 ], [ 92.3000963, 27.3901925 ], [ 92.2998559, 27.3901477 ], [ 92.2997589, 27.3901736 ], [ 92.299629, 27.3901598 ], [ 92.2995592, 27.3901495 ], [ 92.2994099, 27.3902338 ], [ 92.2993323, 27.3903027 ], [ 92.2991869, 27.3903216 ], [ 92.2990531, 27.3902872 ], [ 92.2989251, 27.3903234 ], [ 92.2987796, 27.3902838 ], [ 92.2986168, 27.3902063 ], [ 92.2984558, 27.3901598 ], [ 92.2983239, 27.3901323 ], [ 92.2979206, 27.3901839 ], [ 92.2977946, 27.3901753 ], [ 92.297717, 27.3902304 ], [ 92.297589, 27.3902511 ], [ 92.2974591, 27.3902511 ], [ 92.2974166, 27.3902304 ], [ 92.2973845, 27.3902387 ], [ 92.297377, 27.3902702 ], [ 92.2974727, 27.3903027 ], [ 92.2976084, 27.3903423 ], [ 92.2978043, 27.3903303 ], [ 92.2981203, 27.3904129 ], [ 92.2983647, 27.390499 ], [ 92.2986071, 27.3906901 ], [ 92.2987893, 27.3909794 ], [ 92.2988979, 27.3910327 ], [ 92.2990182, 27.3910241 ], [ 92.2991927, 27.3909604 ], [ 92.2993071, 27.3909105 ], [ 92.2995553, 27.3908898 ], [ 92.2997415, 27.3908726 ], [ 92.2999393, 27.390864 ], [ 92.3000944, 27.3909088 ], [ 92.3002224, 27.391 ], [ 92.3003814, 27.3909449 ], [ 92.3005307, 27.3909191 ], [ 92.3008487, 27.3909518 ], [ 92.3009143, 27.3909184 ] ] } },
{ "type": "Feature", "properties": { "element": "way", "id": 1169009763, "highway": "tertiary", "ref": null, "ref:old": null, "source": null, "name": null, "name:en": null, "surface": null, "bridge": null, "bridge:structure": null, "layer": null, "name:zh": null, "sidewalk": null, "smoothness": null, "lanes": null, "route": null, "alt_name": null, "service": null, "oneway": null }, "geometry": { "type": "LineString", "coordinates": [ [ 92.2929241, 27.359055 ], [ 92.2932421, 27.3591617 ], [ 92.2933752, 27.3594073 ], [ 92.2933377, 27.3596347 ], [ 92.293382, 27.3597408 ], [ 92.2935152, 27.3598227 ], [ 92.2936312, 27.3599864 ], [ 92.2937337, 27.3602714 ], [ 92.2939214, 27.3603563 ], [ 92.2943174, 27.3605109 ], [ 92.2945291, 27.3604867 ], [ 92.2947612, 27.3607444 ], [ 92.2949354, 27.3610446 ], [ 92.2951197, 27.3614417 ], [ 92.2952904, 27.3615327 ], [ 92.2953655, 27.3614751 ], [ 92.2952938, 27.3612447 ], [ 92.2951982, 27.3610203 ], [ 92.2951504, 27.3608081 ], [ 92.2950992, 27.3605867 ], [ 92.2950002, 27.3603805 ], [ 92.2949251, 27.360138 ], [ 92.2948603, 27.3600167 ], [ 92.2947066, 27.3599076 ], [ 92.2947544, 27.3597741 ], [ 92.2952426, 27.35948 ], [ 92.2953314, 27.3592132 ], [ 92.295386, 27.3590465 ], [ 92.2952358, 27.3587918 ], [ 92.2952187, 27.3585583 ], [ 92.2950924, 27.3582581 ], [ 92.2950958, 27.3580004 ], [ 92.2952426, 27.3577396 ], [ 92.2953416, 27.3573546 ], [ 92.2954133, 27.3569058 ], [ 92.2953621, 27.3566238 ], [ 92.2953109, 27.3562812 ], [ 92.2954235, 27.3561842 ], [ 92.295642, 27.356172 ], [ 92.2957888, 27.3562327 ], [ 92.2958366, 27.3563509 ], [ 92.2958196, 27.3565116 ], [ 92.2958435, 27.3569119 ], [ 92.2957752, 27.3570847 ], [ 92.2958947, 27.3573333 ], [ 92.2961132, 27.3578912 ], [ 92.2960278, 27.358337 ], [ 92.2960995, 27.3587645 ], [ 92.2961439, 27.3592648 ], [ 92.2961132, 27.3594406 ], [ 92.2960824, 27.3595346 ], [ 92.2961644, 27.3595619 ], [ 92.296277, 27.3594164 ], [ 92.2963453, 27.359001 ], [ 92.2964102, 27.3586614 ], [ 92.2964136, 27.3585219 ], [ 92.2965297, 27.3583824 ], [ 92.2967174, 27.3584249 ], [ 92.2966423, 27.3587251 ], [ 92.2966184, 27.3589888 ], [ 92.2965672, 27.359286 ], [ 92.2965809, 27.3594285 ], [ 92.2966594, 27.3594467 ], [ 92.2967857, 27.3593375 ], [ 92.2970588, 27.3585492 ], [ 92.2971544, 27.3582399 ], [ 92.2971066, 27.3581217 ], [ 92.2970315, 27.3579731 ], [ 92.2970281, 27.3575547 ], [ 92.2970281, 27.3573606 ], [ 92.2969735, 27.357109 ], [ 92.2970008, 27.3569543 ], [ 92.2971373, 27.3566905 ], [ 92.2971885, 27.3564874 ], [ 92.2976358, 27.3561599 ], [ 92.2977211, 27.3559719 ], [ 92.297786, 27.3556808 ], [ 92.297844, 27.3554383 ], [ 92.2979259, 27.3554201 ], [ 92.2979601, 27.3556232 ], [ 92.2979259, 27.3558992 ], [ 92.297902, 27.3563085 ], [ 92.2977416, 27.3565056 ], [ 92.2975845, 27.3565965 ], [ 92.2975197, 27.3567087 ], [ 92.2975129, 27.3569058 ], [ 92.2976562, 27.3572242 ], [ 92.2976938, 27.3573788 ], [ 92.2976699, 27.3576244 ], [ 92.2977245, 27.3576729 ], [ 92.297844, 27.3575668 ], [ 92.2979055, 27.357397 ], [ 92.2978474, 27.3571878 ], [ 92.2978201, 27.3570544 ], [ 92.297885, 27.3568967 ], [ 92.2981103, 27.35673 ], [ 92.29838, 27.35636 ], [ 92.2985165, 27.3562357 ], [ 92.2987794, 27.3558567 ], [ 92.2989535, 27.355414 ], [ 92.2989467, 27.3551987 ], [ 92.2990081, 27.3549865 ], [ 92.2991549, 27.3547257 ], [ 92.299329, 27.354371 ], [ 92.299452, 27.3540859 ], [ 92.3002193, 27.3539486 ], [ 92.3003157, 27.3539313 ], [ 92.3008585, 27.3540374 ], [ 92.3010121, 27.3539404 ], [ 92.3009882, 27.353813 ], [ 92.300879, 27.3537312 ], [ 92.3006775, 27.3536918 ], [ 92.3004249, 27.3536554 ], [ 92.3002098, 27.3535553 ], [ 92.2999094, 27.3535159 ], [ 92.2998207, 27.3534461 ], [ 92.300063, 27.3533188 ], [ 92.3003498, 27.3531945 ], [ 92.3006127, 27.3531641 ], [ 92.3008209, 27.3531672 ], [ 92.3012272, 27.3532824 ], [ 92.3014081, 27.3533249 ], [ 92.3018349, 27.3533643 ], [ 92.3021182, 27.3536978 ], [ 92.3020738, 27.3538403 ], [ 92.301968, 27.3539707 ], [ 92.3019031, 27.3541526 ], [ 92.3019134, 27.3544801 ], [ 92.3015891, 27.35475 ], [ 92.3006844, 27.3551169 ], [ 92.3005507, 27.3553353 ], [ 92.3005137, 27.3553958 ], [ 92.3004659, 27.356166 ], [ 92.3005103, 27.3565511 ], [ 92.3004181, 27.3569119 ], [ 92.3000278, 27.3570985 ], [ 92.2998707, 27.3572107 ], [ 92.2997069, 27.3573532 ], [ 92.2995874, 27.357617 ], [ 92.2995566, 27.3579081 ], [ 92.2994576, 27.3580748 ], [ 92.2993655, 27.3582477 ], [ 92.2992938, 27.3586934 ], [ 92.2993416, 27.3588632 ], [ 92.2995771, 27.359036 ], [ 92.2996215, 27.3591482 ], [ 92.2998673, 27.3594756 ], [ 92.2999663, 27.3595818 ], [ 92.2998639, 27.3598395 ], [ 92.2997751, 27.3600881 ], [ 92.2998537, 27.3603064 ], [ 92.3000189, 27.3605224 ], [ 92.3002119, 27.3606503 ], [ 92.3001784, 27.3610799 ], [ 92.3003045, 27.3613039 ], [ 92.3004203, 27.3614684 ], [ 92.3005515, 27.3614227 ], [ 92.3006724, 27.361361 ], [ 92.3008551, 27.3614684 ], [ 92.3009786, 27.3614341 ], [ 92.3010815, 27.361169 ], [ 92.3011716, 27.3609908 ], [ 92.301398, 27.3609245 ], [ 92.3016578, 27.3608468 ], [ 92.3018817, 27.3607303 ], [ 92.3023165, 27.360856 ], [ 92.3027488, 27.3606892 ], [ 92.3030627, 27.3605612 ], [ 92.3032762, 27.3603967 ], [ 92.3037008, 27.3605406 ], [ 92.3039246, 27.3605749 ], [ 92.3042925, 27.3607554 ], [ 92.3044829, 27.3607897 ], [ 92.3052703, 27.3607303 ], [ 92.3055559, 27.3605749 ], [ 92.3058029, 27.3603053 ], [ 92.3061219, 27.3601225 ], [ 92.3064358, 27.3600242 ], [ 92.3066185, 27.3599122 ], [ 92.3067368, 27.3597683 ], [ 92.3068964, 27.3594278 ], [ 92.3069967, 27.359229 ], [ 92.3072463, 27.359085 ], [ 92.3079024, 27.3592952 ], [ 92.3081803, 27.3593546 ], [ 92.3089856, 27.359117 ], [ 92.3091631, 27.3590507 ], [ 92.3092661, 27.3590576 ], [ 92.3094667, 27.3591855 ], [ 92.3095671, 27.3594049 ], [ 92.3097601, 27.3596083 ], [ 92.3099582, 27.3599305 ], [ 92.3100945, 27.360335 ], [ 92.3104599, 27.3604538 ], [ 92.3105062, 27.3606069 ], [ 92.3104265, 27.3608354 ], [ 92.3105474, 27.3610365 ], [ 92.3107249, 27.3614273 ], [ 92.3110723, 27.3617632 ], [ 92.3114402, 27.3621219 ], [ 92.3120011, 27.3625744 ], [ 92.3120706, 27.3627709 ], [ 92.3122713, 27.3630291 ], [ 92.3123665, 27.3633536 ], [ 92.3124848, 27.3633307 ], [ 92.3126649, 27.3631502 ], [ 92.3130534, 27.3632507 ], [ 92.3132284, 27.3634655 ], [ 92.3134368, 27.3634473 ], [ 92.3139437, 27.3635135 ], [ 92.3140672, 27.3637854 ], [ 92.3143193, 27.3637169 ], [ 92.3145123, 27.363886 ], [ 92.3146641, 27.3637123 ], [ 92.3148674, 27.3637078 ], [ 92.3150165, 27.3636436 ], [ 92.3155312, 27.3634221 ] ] } },
{ "type": "Feature", "properties": { "element": "way", "id": 1169009768, "highway": "tertiary", "ref": null, "ref:old": null, "source": null, "name": null, "name:en": null, "surface": null, "bridge": null, "bridge:structure": null, "layer": null, "name:zh": null, "sidewalk": null, "smoothness": null, "lanes": null, "route": null, "alt_name": null, "service": null, "oneway": null }, "geometry": { "type": "LineString", "coordinates": [ [ 92.3155312, 27.3634221 ], [ 92.3161512, 27.363279 ], [ 92.3164753, 27.363167 ], [ 92.3169565, 27.3631807 ], [ 92.3173013, 27.3630459 ], [ 92.3174762, 27.3629156 ], [ 92.3179908, 27.3629591 ], [ 92.3183073, 27.3630367 ], [ 92.3184771, 27.3631282 ], [ 92.3187756, 27.3630322 ], [ 92.3189943, 27.3630208 ], [ 92.3191512, 27.3627945 ], [ 92.3195526, 27.3625455 ], [ 92.3197584, 27.3625775 ], [ 92.3203656, 27.3622644 ], [ 92.3211967, 27.3618942 ], [ 92.3214926, 27.3615332 ], [ 92.3216701, 27.3613801 ], [ 92.3218502, 27.3608796 ], [ 92.3220689, 27.3604043 ], [ 92.3222773, 27.3601667 ], [ 92.3226041, 27.3597462 ], [ 92.3235767, 27.3590927 ], [ 92.3240372, 27.3584185 ], [ 92.3240012, 27.3582906 ], [ 92.3235792, 27.358142 ], [ 92.3233952, 27.3580633 ], [ 92.3233281, 27.3580157 ], [ 92.3233015, 27.3579655 ], [ 92.3233014, 27.3579089 ], [ 92.3233469, 27.3578525 ], [ 92.3234274, 27.357813 ], [ 92.3237285, 27.3577147 ], [ 92.3237908, 27.357669 ], [ 92.3238134, 27.3576393 ], [ 92.3238203, 27.3575809 ], [ 92.3237789, 27.3575425 ], [ 92.3228022, 27.3573719 ], [ 92.3226581, 27.3572577 ], [ 92.3226321, 27.3571902 ], [ 92.3226633, 27.3571388 ], [ 92.3227635, 27.357114 ], [ 92.3230261, 27.3571137 ], [ 92.3233415, 27.3571569 ], [ 92.3235653, 27.357118 ], [ 92.3237201, 27.3570368 ], [ 92.3237425, 27.3569806 ], [ 92.3237183, 27.3569439 ], [ 92.3236634, 27.3569377 ], [ 92.3235638, 27.3569583 ], [ 92.3233374, 27.3570063 ], [ 92.3230415, 27.3568669 ], [ 92.322635, 27.3567275 ], [ 92.3222928, 27.3566338 ], [ 92.3220664, 27.3566589 ], [ 92.3217526, 27.3567554 ], [ 92.3214411, 27.3566909 ], [ 92.3212636, 27.3566887 ], [ 92.320996, 27.3567801 ], [ 92.3206564, 27.3567618 ], [ 92.320466, 27.3568281 ], [ 92.320412, 27.3571571 ], [ 92.3205818, 27.3573468 ], [ 92.3206023, 27.357525 ], [ 92.3205815, 27.3575869 ], [ 92.3205558, 27.3576105 ], [ 92.3203519, 27.3574266 ], [ 92.3201946, 27.3572136 ], [ 92.3202104, 27.3567421 ], [ 92.3203126, 27.356529 ], [ 92.320568, 27.3564354 ], [ 92.3209031, 27.3563877 ], [ 92.3210818, 27.3562231 ], [ 92.3213677, 27.3561417 ], [ 92.3216246, 27.3557846 ], [ 92.3217564, 27.3555605 ], [ 92.3219596, 27.3554271 ], [ 92.3219763, 27.3553738 ], [ 92.3219552, 27.3553184 ], [ 92.3218837, 27.3553082 ], [ 92.3217698, 27.3553403 ], [ 92.3214682, 27.3555188 ], [ 92.321189, 27.355614 ], [ 92.3209589, 27.3558323 ], [ 92.3207693, 27.3559479 ], [ 92.3205747, 27.3560009 ], [ 92.320271, 27.3559096 ], [ 92.3201792, 27.3558705 ], [ 92.32009, 27.3558719 ], [ 92.3199091, 27.3560128 ], [ 92.3197282, 27.3560604 ], [ 92.3193998, 27.3559632 ], [ 92.3193395, 27.3558541 ], [ 92.3194735, 27.3549911 ], [ 92.3194043, 27.3546677 ], [ 92.3193507, 27.3545606 ], [ 92.3190782, 27.3544475 ], [ 92.3187766, 27.3544356 ], [ 92.3185756, 27.3544039 ], [ 92.3184639, 27.3543344 ], [ 92.3180239, 27.3543324 ], [ 92.3177335, 27.3543681 ], [ 92.3173493, 27.3541698 ], [ 92.3171036, 27.3541678 ], [ 92.3169115, 27.3538722 ], [ 92.3163263, 27.353642 ], [ 92.3163017, 27.3535131 ], [ 92.3164424, 27.3532433 ], [ 92.3163509, 27.3528921 ], [ 92.3162101, 27.3526917 ], [ 92.3159649, 27.3525052 ], [ 92.3155941, 27.3523564 ], [ 92.3152814, 27.3520628 ], [ 92.3152457, 27.3516383 ], [ 92.3153149, 27.3515232 ], [ 92.3151786, 27.3512355 ], [ 92.3151161, 27.3509578 ], [ 92.31479, 27.3506463 ], [ 92.3147989, 27.3503923 ], [ 92.3148909, 27.3500089 ], [ 92.3147101, 27.3496851 ], [ 92.313978, 27.3494982 ], [ 92.3135068, 27.3493402 ], [ 92.3131071, 27.349215 ], [ 92.3130519, 27.3490774 ], [ 92.3129791, 27.3488963 ], [ 92.3129462, 27.3485708 ], [ 92.3127755, 27.3481695 ], [ 92.3124071, 27.3478457 ], [ 92.3119766, 27.3477544 ], [ 92.3118195, 27.3475115 ], [ 92.3114453, 27.3473238 ], [ 92.3111311, 27.3472067 ], [ 92.3108325, 27.3471395 ], [ 92.3104001, 27.3468501 ], [ 92.3101092, 27.3465211 ], [ 92.3098009, 27.3460716 ], [ 92.3097408, 27.3458614 ], [ 92.3096264, 27.3456082 ], [ 92.3095682, 27.3453878 ], [ 92.3097253, 27.3452258 ], [ 92.3099037, 27.3451346 ], [ 92.3102391, 27.3452431 ], [ 92.3106541, 27.3453137 ], [ 92.3112145, 27.3455014 ], [ 92.3116159, 27.3455996 ], [ 92.3119359, 27.3460767 ], [ 92.3122791, 27.346621 ], [ 92.3125331, 27.3468398 ], [ 92.3131149, 27.347074 ], [ 92.3133574, 27.3470969 ], [ 92.3134077, 27.3471016 ], [ 92.3135822, 27.3471309 ], [ 92.3138227, 27.3472394 ], [ 92.3141, 27.3471912 ], [ 92.3141795, 27.3471498 ], [ 92.3144083, 27.3473014 ], [ 92.3146875, 27.3471481 ], [ 92.3151141, 27.3468863 ], [ 92.3152906, 27.3466503 ] ] } },
{ "type": "Feature", "properties": { "element": "way", "id": 1169009769, "highway": "unclassified", "ref": null, "ref:old": null, "source": null, "name": null, "name:en": null, "surface": null, "bridge": null, "bridge:structure": null, "layer": null, "name:zh": null, "sidewalk": null, "smoothness": null, "lanes": null, "route": null, "alt_name": null, "service": null, "oneway": null }, "geometry": { "type": "LineString", "coordinates": [ [ 92.3133574, 27.3470969 ], [ 92.3135337, 27.3472601 ], [ 92.3139507, 27.3474667 ], [ 92.3142377, 27.3474099 ], [ 92.314451, 27.3475632 ], [ 92.3146972, 27.3475201 ], [ 92.3149765, 27.3474271 ], [ 92.3151859, 27.3473169 ], [ 92.3152712, 27.3473531 ], [ 92.3152053, 27.3474375 ], [ 92.3145945, 27.3478078 ], [ 92.3144083, 27.3478198 ], [ 92.3137955, 27.3478198 ], [ 92.3136404, 27.3477647 ], [ 92.313365, 27.3476631 ], [ 92.3131731, 27.3475236 ], [ 92.312855, 27.3473961 ], [ 92.3126437, 27.3473789 ], [ 92.312314, 27.3473789 ], [ 92.312058, 27.3472842 ], [ 92.3118641, 27.3471739 ], [ 92.3117536, 27.346969 ], [ 92.3115888, 27.3467623 ], [ 92.3113561, 27.3463661 ], [ 92.3112688, 27.3462318 ], [ 92.3109607, 27.3461336 ], [ 92.3108987, 27.3461278 ], [ 92.3108575, 27.3461414 ], [ 92.3108599, 27.3461874 ], [ 92.3108946, 27.3462335 ], [ 92.3111195, 27.3464281 ], [ 92.3113813, 27.346733 ], [ 92.3115481, 27.3470413 ], [ 92.3117071, 27.3472859 ], [ 92.3118777, 27.3474495 ], [ 92.3120406, 27.3475356 ], [ 92.3121279, 27.3476373 ], [ 92.3124575, 27.3476993 ], [ 92.3127135, 27.3478543 ], [ 92.3130664, 27.3483297 ], [ 92.3131537, 27.3488033 ], [ 92.3130897, 27.3490255 ], [ 92.3130519, 27.3490774 ] ] } },
{ "type": "Feature", "properties": { "element": "way", "id": 1169009770, "highway": "tertiary", "ref": null, "ref:old": null, "source": null, "name": null, "name:en": null, "surface": null, "bridge": null, "bridge:structure": null, "layer": null, "name:zh": null, "sidewalk": null, "smoothness": null, "lanes": null, "route": null, "alt_name": null, "service": null, "oneway": null }, "geometry": { "type": "LineString", "coordinates": [ [ 92.3152906, 27.3466503 ], [ 92.3153798, 27.3466193 ], [ 92.3156978, 27.3466538 ], [ 92.3160081, 27.3466365 ], [ 92.3161768, 27.3465711 ], [ 92.3163436, 27.346497 ], [ 92.3168749, 27.3464815 ], [ 92.3171813, 27.3467743 ], [ 92.3174314, 27.3469483 ], [ 92.3177979, 27.3470499 ], [ 92.3180442, 27.3470465 ], [ 92.3184475, 27.3468398 ], [ 92.3187636, 27.346776 ], [ 92.319134, 27.3466141 ], [ 92.319388, 27.3464505 ], [ 92.3199698, 27.3463351 ], [ 92.3204662, 27.3463058 ], [ 92.3208792, 27.3461921 ], [ 92.3209277, 27.3460991 ], [ 92.3207958, 27.3460647 ], [ 92.3205496, 27.3460905 ], [ 92.3202781, 27.3460785 ], [ 92.3200202, 27.3459183 ], [ 92.3197409, 27.3457839 ], [ 92.3195218, 27.3457908 ], [ 92.319326, 27.3458287 ], [ 92.3190351, 27.3459906 ], [ 92.3187694, 27.3461508 ], [ 92.3183738, 27.3462369 ], [ 92.3181761, 27.3462869 ], [ 92.3179531, 27.3463747 ], [ 92.3178503, 27.3463764 ], [ 92.3178309, 27.3462972 ], [ 92.3178871, 27.3462231 ], [ 92.3179763, 27.3461267 ], [ 92.3181392, 27.3458459 ], [ 92.3183564, 27.3457133 ], [ 92.3185891, 27.3455324 ], [ 92.3186764, 27.3453912 ], [ 92.3189459, 27.3453102 ], [ 92.3194384, 27.3451897 ], [ 92.3196673, 27.3451277 ], [ 92.3200008, 27.3451673 ], [ 92.3201637, 27.3451104 ], [ 92.3203111, 27.3450536 ], [ 92.3205593, 27.3450174 ], [ 92.3209258, 27.3447212 ], [ 92.3209975, 27.3447194 ], [ 92.3210809, 27.3447367 ], [ 92.3212729, 27.3448245 ], [ 92.3213795, 27.344797 ], [ 92.3214571, 27.3446936 ], [ 92.3214765, 27.3445765 ], [ 92.3215444, 27.3444662 ], [ 92.3217014, 27.344263 ], [ 92.3218372, 27.3441217 ], [ 92.321875, 27.3441107 ], [ 92.3221222, 27.3440391 ], [ 92.3223685, 27.3439943 ], [ 92.3224848, 27.343965 ], [ 92.3225837, 27.3438582 ], [ 92.3229192, 27.3436601 ], [ 92.3230314, 27.3435678 ], [ 92.3230511, 27.3435516 ], [ 92.3230918, 27.3433432 ], [ 92.3231868, 27.3432588 ], [ 92.3234079, 27.3432071 ], [ 92.3235902, 27.3431141 ], [ 92.3237957, 27.3429642 ], [ 92.3240497, 27.3428609 ], [ 92.3242669, 27.3427713 ], [ 92.3244647, 27.3427627 ], [ 92.3245597, 27.342773 ], [ 92.3246179, 27.3427317 ], [ 92.3246063, 27.3426439 ], [ 92.3242339, 27.3426507 ], [ 92.3240362, 27.3426921 ], [ 92.3237569, 27.3426886 ], [ 92.3233187, 27.3429074 ], [ 92.3229968, 27.3429453 ], [ 92.3227699, 27.3428988 ], [ 92.3223782, 27.3430366 ], [ 92.3221513, 27.3430676 ], [ 92.3218973, 27.3431348 ], [ 92.321651, 27.3431038 ], [ 92.321525, 27.3431847 ], [ 92.3214513, 27.3433484 ], [ 92.3214009, 27.3434224 ], [ 92.3213039, 27.3434345 ], [ 92.3212554, 27.3433329 ], [ 92.321141, 27.343071 ], [ 92.3210266, 27.3428988 ], [ 92.3212923, 27.3426973 ], [ 92.3216239, 27.3425629 ], [ 92.3218973, 27.3424957 ], [ 92.3221998, 27.3424682 ], [ 92.322353, 27.3424234 ], [ 92.3224461, 27.3422029 ], [ 92.3225546, 27.3420961 ], [ 92.3228765, 27.342084 ], [ 92.3230666, 27.3421547 ], [ 92.3231694, 27.3421822 ], [ 92.3234738, 27.3420703 ], [ 92.3237782, 27.3419445 ], [ 92.3240323, 27.3416672 ], [ 92.3244298, 27.3414433 ], [ 92.324711, 27.3412624 ], [ 92.3250891, 27.341128 ], [ 92.3253082, 27.3410247 ], [ 92.3255661, 27.3408748 ], [ 92.3259133, 27.3405958 ], [ 92.3264426, 27.3402496 ], [ 92.3266618, 27.3401273 ], [ 92.3268033, 27.3401393 ], [ 92.3271582, 27.3404201 ], [ 92.3274762, 27.3405166 ], [ 92.3276604, 27.3406664 ], [ 92.328184, 27.3406233 ], [ 92.3283333, 27.3405613 ], [ 92.3283585, 27.3404235 ], [ 92.3283314, 27.3401893 ], [ 92.3283585, 27.3400635 ], [ 92.3284826, 27.3400084 ], [ 92.3287134, 27.3399326 ], [ 92.328917, 27.3396983 ], [ 92.3291245, 27.3393573 ], [ 92.3291148, 27.3392281 ], [ 92.3293106, 27.3389921 ], [ 92.3294134, 27.3386063 ], [ 92.3294871, 27.338279 ], [ 92.3295569, 27.338117 ], [ 92.3299021, 27.337981 ], [ 92.3300145, 27.3379792 ], [ 92.3304178, 27.3382756 ], [ 92.3306956, 27.3383847 ], [ 92.3310559, 27.3387227 ], [ 92.3312865, 27.3388468 ] ] } },
{ "type": "Feature", "properties": { "element": "way", "id": 1169009771, "highway": "tertiary", "ref": null, "ref:old": null, "source": null, "name": null, "name:en": null, "surface": null, "bridge": null, "bridge:structure": null, "layer": null, "name:zh": null, "sidewalk": null, "smoothness": null, "lanes": null, "route": null, "alt_name": null, "service": null, "oneway": null }, "geometry": { "type": "LineString", "coordinates": [ [ 92.3299021, 27.337981 ], [ 92.3298859, 27.3379077 ], [ 92.3297983, 27.3379152 ], [ 92.3296367, 27.3379765 ], [ 92.3294246, 27.3380812 ], [ 92.3291754, 27.338464 ], [ 92.3288101, 27.3390696 ], [ 92.3285172, 27.3392057 ], [ 92.328231, 27.3396349 ], [ 92.328061, 27.339774 ], [ 92.3278943, 27.3400327 ], [ 92.3277529, 27.3400686 ], [ 92.3276351, 27.3399729 ], [ 92.3273725, 27.3396678 ], [ 92.327295, 27.339602 ], [ 92.327189, 27.3393089 ], [ 92.3270913, 27.3391474 ], [ 92.3268304, 27.3391788 ], [ 92.326657, 27.3391698 ], [ 92.3264297, 27.339276 ], [ 92.3261217, 27.3391967 ], [ 92.3260038, 27.3390771 ], [ 92.3258355, 27.3390113 ], [ 92.3256183, 27.3390442 ], [ 92.325322, 27.3391309 ], [ 92.3250779, 27.3392087 ], [ 92.3250022, 27.339125 ], [ 92.3250291, 27.3389949 ], [ 92.3251756, 27.3388528 ], [ 92.3253389, 27.3387705 ], [ 92.3256065, 27.3387601 ], [ 92.3256452, 27.3386674 ], [ 92.3255594, 27.3385687 ], [ 92.3253439, 27.3385492 ], [ 92.3250156, 27.3385582 ], [ 92.3246369, 27.3386674 ], [ 92.3242311, 27.3388618 ], [ 92.3238759, 27.338941 ], [ 92.323647, 27.3390263 ], [ 92.3232598, 27.3390427 ], [ 92.322876, 27.3389993 ], [ 92.3224181, 27.3390412 ], [ 92.322046, 27.3390263 ], [ 92.3214164, 27.3390786 ], [ 92.3211488, 27.3391414 ], [ 92.3209013, 27.3392506 ], [ 92.3206774, 27.3391923 ], [ 92.3204888, 27.3391863 ], [ 92.3203609, 27.3391878 ], [ 92.3203154, 27.339125 ], [ 92.3203929, 27.3390741 ], [ 92.3205797, 27.3390651 ], [ 92.3208491, 27.3390577 ], [ 92.3208609, 27.3389829 ], [ 92.3206504, 27.3389321 ], [ 92.3203744, 27.3389694 ], [ 92.320137, 27.3389934 ], [ 92.319902, 27.3391567 ], [ 92.3198681, 27.3391565 ], [ 92.3198469, 27.339141 ], [ 92.3198318, 27.3391267 ], [ 92.3198355, 27.3390944 ], [ 92.3199181, 27.3389874 ], [ 92.3202027, 27.3388334 ], [ 92.3204653, 27.3387646 ], [ 92.3207228, 27.3387676 ], [ 92.3212144, 27.3386674 ], [ 92.3215949, 27.3384864 ], [ 92.3220241, 27.3383369 ], [ 92.3221841, 27.3382157 ], [ 92.3223726, 27.3381559 ], [ 92.3226487, 27.3380557 ], [ 92.3230409, 27.3377985 ], [ 92.3233053, 27.3376221 ], [ 92.3235477, 27.3375099 ], [ 92.3236655, 27.3373589 ], [ 92.3243002, 27.3370762 ], [ 92.3246251, 27.3370044 ], [ 92.3251907, 27.3369865 ], [ 92.3254836, 27.3371136 ], [ 92.3258372, 27.3371869 ], [ 92.3262176, 27.3372542 ], [ 92.3270829, 27.3370568 ], [ 92.3271891, 27.336968 ], [ 92.3272079, 27.3369424 ], [ 92.3272093, 27.3369144 ], [ 92.3271979, 27.3368894 ], [ 92.327177, 27.3368781 ], [ 92.3267799, 27.3368205 ], [ 92.3264449, 27.3367323 ], [ 92.3263658, 27.3366171 ], [ 92.3263961, 27.3365094 ], [ 92.3264971, 27.3364287 ], [ 92.3267934, 27.3363898 ], [ 92.3269802, 27.3362791 ], [ 92.3270577, 27.3361042 ], [ 92.3270711, 27.3359292 ] ] } },
{ "type": "Feature", "properties": { "element": "way", "id": 1169009772, "highway": "tertiary", "ref": null, "ref:old": null, "source": null, "name": null, "name:en": null, "surface": null, "bridge": null, "bridge:structure": null, "layer": null, "name:zh": null, "sidewalk": null, "smoothness": null, "lanes": null, "route": null, "alt_name": null, "service": null, "oneway": null }, "geometry": { "type": "LineString", "coordinates": [ [ 92.3270981, 27.3355793 ], [ 92.3276469, 27.3354477 ], [ 92.3276498, 27.3354001 ] ] } },
{ "type": "Feature", "properties": { "element": "way", "id": 1169009773, "highway": "tertiary", "ref": null, "ref:old": null, "source": null, "name": null, "name:en": null, "surface": null, "bridge": "yes", "bridge:structure": null, "layer": "1", "name:zh": null, "sidewalk": null, "smoothness": null, "lanes": null, "route": null, "alt_name": null, "service": null, "oneway": null }, "geometry": { "type": "LineString", "coordinates": [ [ 92.3270711, 27.3359292 ], [ 92.3270981, 27.3355793 ] ] } },
{ "type": "Feature", "properties": { "element": "way", "id": 1169009775, "highway": "tertiary", "ref": null, "ref:old": null, "source": null, "name": null, "name:en": null, "surface": null, "bridge": null, "bridge:structure": null, "layer": null, "name:zh": null, "sidewalk": null, "smoothness": null, "lanes": null, "route": null, "alt_name": null, "service": null, "oneway": null }, "geometry": { "type": "LineString", "coordinates": [ [ 92.3312865, 27.3388468 ], [ 92.331534, 27.3392625 ], [ 92.3318378, 27.3394414 ], [ 92.3320836, 27.3398265 ], [ 92.3321792, 27.340148 ], [ 92.3324933, 27.3402996 ], [ 92.3326742, 27.340333 ], [ 92.3330702, 27.3406393 ], [ 92.3333911, 27.3407272 ], [ 92.3336881, 27.3407727 ], [ 92.3340018, 27.3409138 ], [ 92.3342128, 27.3410166 ], [ 92.3344495, 27.3411538 ], [ 92.3346399, 27.3411423 ], [ 92.3349872, 27.3411332 ], [ 92.3351648, 27.3412703 ], [ 92.3353449, 27.3415469 ], [ 92.335507, 27.3417526 ], [ 92.3360164, 27.341748 ], [ 92.3362711, 27.3416246 ], [ 92.3364358, 27.3416749 ], [ 92.336549, 27.3419857 ], [ 92.3366828, 27.3423125 ], [ 92.3368166, 27.3425456 ], [ 92.3370163, 27.3426873 ], [ 92.3370535, 27.3427072 ], [ 92.3370816, 27.3427239 ], [ 92.3370888, 27.3427426 ], [ 92.3370841, 27.3427601 ], [ 92.3370655, 27.3427895 ], [ 92.3370536, 27.3428023 ], [ 92.3370387, 27.3428124 ], [ 92.3370044, 27.3428199 ], [ 92.3369746, 27.3428175 ], [ 92.3367651, 27.3427216 ], [ 92.3363097, 27.3423377 ], [ 92.3361476, 27.3423491 ], [ 92.3361193, 27.3424359 ], [ 92.3363226, 27.3425822 ], [ 92.3367188, 27.3430873 ], [ 92.336953, 27.343117 ], [ 92.3371717, 27.3431079 ], [ 92.3373827, 27.3431719 ], [ 92.3375833, 27.3433958 ], [ 92.3374933, 27.343501 ], [ 92.337272, 27.3434187 ], [ 92.3371485, 27.343405 ], [ 92.3367034, 27.3435078 ], [ 92.3364281, 27.3434918 ], [ 92.3362325, 27.3432861 ], [ 92.3360293, 27.3430827 ], [ 92.3359315, 27.342973 ], [ 92.3357437, 27.3429273 ], [ 92.3356331, 27.3430165 ], [ 92.3354324, 27.3430736 ], [ 92.3349744, 27.3429616 ], [ 92.3347377, 27.3428748 ], [ 92.3346039, 27.3427445 ], [ 92.3344598, 27.3427331 ], [ 92.3344135, 27.3428702 ], [ 92.3344984, 27.3429525 ], [ 92.3347325, 27.3430165 ], [ 92.3350284, 27.3431559 ], [ 92.3353063, 27.3433547 ], [ 92.3355919, 27.3434736 ], [ 92.3358389, 27.3437318 ], [ 92.3360962, 27.3437684 ], [ 92.336338, 27.3439215 ], [ 92.3365542, 27.3440472 ], [ 92.3367368, 27.3442232 ], [ 92.3370893, 27.3442986 ], [ 92.3372823, 27.3443489 ], [ 92.337465, 27.3443329 ], [ 92.3376811, 27.3443672 ], [ 92.3378381, 27.3444906 ], [ 92.3378175, 27.3448997 ], [ 92.3378458, 27.3450619 ], [ 92.3376605, 27.3452653 ], [ 92.3375602, 27.3455145 ], [ 92.3374933, 27.3458733 ], [ 92.337555, 27.3460447 ], [ 92.3377068, 27.3463349 ], [ 92.3377506, 27.34652 ], [ 92.3376528, 27.3467897 ], [ 92.3374804, 27.3471257 ], [ 92.3374007, 27.3472559 ], [ 92.3375062, 27.3473474 ], [ 92.3376322, 27.3474479 ], [ 92.337658, 27.3478273 ], [ 92.3378226, 27.3479987 ], [ 92.3378715, 27.3482798 ], [ 92.3379976, 27.3483346 ], [ 92.3381623, 27.3481038 ], [ 92.3383372, 27.3479073 ], [ 92.3385482, 27.3477267 ], [ 92.3386897, 27.3475485 ], [ 92.3389753, 27.3473839 ], [ 92.3391117, 27.3473931 ], [ 92.3393175, 27.3475348 ], [ 92.3395156, 27.3476605 ], [ 92.3399376, 27.3477701 ], [ 92.3401614, 27.3477999 ], [ 92.3403493, 27.3476924 ], [ 92.3404856, 27.3476079 ], [ 92.3406477, 27.3476125 ], [ 92.3408304, 27.3477039 ], [ 92.341098, 27.3476696 ], [ 92.3415791, 27.3476262 ], [ 92.3418056, 27.3476285 ], [ 92.3420577, 27.3476879 ], [ 92.3426726, 27.3475942 ], [ 92.3431409, 27.3476033 ], [ 92.3436195, 27.3477793 ], [ 92.3440307, 27.347998 ], [ 92.3441675, 27.3484649 ], [ 92.3448313, 27.3485243 ], [ 92.345279, 27.3485198 ], [ 92.3454488, 27.348634 ], [ 92.3454771, 27.3487711 ], [ 92.3456804, 27.348954 ], [ 92.3458219, 27.3490134 ], [ 92.3462928, 27.3491002 ], [ 92.3465887, 27.3492259 ], [ 92.3469257, 27.3492488 ], [ 92.3474223, 27.3498041 ], [ 92.3476513, 27.3499435 ], [ 92.3478906, 27.3499138 ], [ 92.3481865, 27.3497378 ], [ 92.3483384, 27.3497896 ], [ 92.348392, 27.3498444 ], [ 92.3485047, 27.3499325 ], [ 92.3487917, 27.3500111 ], [ 92.3491725, 27.350054 ], [ 92.3492852, 27.3501279 ], [ 92.3495507, 27.3502565 ], [ 92.3497036, 27.3503351 ], [ 92.3498458, 27.3502946 ], [ 92.3499799, 27.3502208 ], [ 92.3500818, 27.3500993 ], [ 92.3503259, 27.3500707 ], [ 92.3505914, 27.3501303 ], [ 92.3509911, 27.3503113 ], [ 92.3512593, 27.3505162 ], [ 92.3514765, 27.3506186 ], [ 92.3517528, 27.3507997 ], [ 92.3519406, 27.3509593 ], [ 92.3522329, 27.3511547 ], [ 92.3523912, 27.3513476 ], [ 92.3525977, 27.3512738 ], [ 92.3527345, 27.3510975 ], [ 92.3529169, 27.3510379 ], [ 92.3531798, 27.3509736 ], [ 92.3531261, 27.3508807 ], [ 92.3527533, 27.3507425 ], [ 92.3524985, 27.3505805 ], [ 92.3523509, 27.3504352 ], [ 92.3522839, 27.350278 ], [ 92.3522383, 27.3501088 ], [ 92.3521712, 27.3499873 ], [ 92.3520023, 27.3498444 ], [ 92.3518091, 27.3496085 ], [ 92.3516911, 27.3494251 ], [ 92.3515087, 27.3491392 ], [ 92.3514175, 27.3489819 ], [ 92.3511761, 27.3487294 ], [ 92.3510581, 27.348465 ], [ 92.350865, 27.3482958 ], [ 92.350629, 27.3481505 ], [ 92.35046, 27.3479384 ], [ 92.3504922, 27.347705 ], [ 92.3504144, 27.3473476 ], [ 92.3503554, 27.3471308 ], [ 92.350283, 27.3469974 ], [ 92.3501515, 27.3467615 ], [ 92.3502347, 27.3466329 ], [ 92.3503929, 27.3463136 ], [ 92.3505029, 27.3461778 ], [ 92.35057, 27.3459825 ], [ 92.3506424, 27.3457442 ], [ 92.3507336, 27.3454107 ], [ 92.3508114, 27.3452439 ], [ 92.3508891, 27.3449366 ], [ 92.3510179, 27.3449223 ], [ 92.3510206, 27.345089 ], [ 92.3509642, 27.3453868 ], [ 92.3509642, 27.3455631 ], [ 92.3510554, 27.3458228 ], [ 92.3511144, 27.3460968 ], [ 92.3511896, 27.3463589 ], [ 92.3512083, 27.3464923 ], [ 92.3511708, 27.346864 ], [ 92.3511922, 27.3469998 ], [ 92.3512968, 27.3470998 ], [ 92.3514336, 27.347207 ], [ 92.3514819, 27.3473619 ], [ 92.3515999, 27.3472332 ], [ 92.3515543, 27.3469831 ], [ 92.3515221, 27.3467425 ], [ 92.3515061, 27.3464971 ], [ 92.3515087, 27.3464399 ], [ 92.3514792, 27.3463089 ], [ 92.3515087, 27.3461063 ], [ 92.3515731, 27.3457013 ], [ 92.3515329, 27.3456013 ], [ 92.3515329, 27.3454345 ], [ 92.351608, 27.3452177 ], [ 92.3519245, 27.3449008 ], [ 92.3519915, 27.3448317 ], [ 92.3521149, 27.3446435 ], [ 92.3522678, 27.3443695 ], [ 92.3524314, 27.3441265 ], [ 92.3523939, 27.3440288 ], [ 92.3523322, 27.3437977 ], [ 92.3523805, 27.3436857 ], [ 92.3524609, 27.3433617 ], [ 92.3524582, 27.3432712 ], [ 92.3523509, 27.3431687 ], [ 92.3521391, 27.3429853 ], [ 92.3520559, 27.3428256 ], [ 92.3522624, 27.3425016 ], [ 92.3522973, 27.3424016 ], [ 92.352367, 27.3422372 ], [ 92.3526084, 27.3420656 ], [ 92.3528123, 27.3420966 ], [ 92.3530027, 27.3421681 ], [ 92.3532951, 27.3422634 ], [ 92.3536545, 27.3423158 ], [ 92.3538396, 27.3423658 ], [ 92.354089, 27.3423658 ], [ 92.3544592, 27.3423134 ], [ 92.3547086, 27.3423658 ], [ 92.3551002, 27.3424254 ], [ 92.3553094, 27.3425374 ], [ 92.355516, 27.3426779 ], [ 92.3557895, 27.3427708 ], [ 92.3560765, 27.3427565 ], [ 92.3564225, 27.3427542 ], [ 92.3567578, 27.3426374 ], [ 92.3568785, 27.3426231 ], [ 92.3571601, 27.3425588 ], [ 92.3573264, 27.3424635 ], [ 92.3576644, 27.3421728 ], [ 92.3579353, 27.3419489 ], [ 92.3582089, 27.3418893 ], [ 92.3585495, 27.3417368 ], [ 92.3588365, 27.3417368 ], [ 92.3590806, 27.341937 ], [ 92.3592657, 27.3419632 ], [ 92.3594776, 27.3419822 ], [ 92.3594937, 27.3421681 ], [ 92.3596197, 27.3424111 ], [ 92.3598987, 27.3425111 ], [ 92.3601669, 27.3424826 ], [ 92.3603708, 27.3425231 ], [ 92.3605907, 27.342778 ], [ 92.3608401, 27.3429757 ], [ 92.361044, 27.3430925 ], [ 92.3611969, 27.3431497 ], [ 92.3614222, 27.3431306 ], [ 92.3617494, 27.3429734 ], [ 92.3621383, 27.3429352 ], [ 92.3624951, 27.3431068 ], [ 92.3626962, 27.3432021 ], [ 92.3629081, 27.3432616 ], [ 92.363171, 27.3432855 ], [ 92.3634177, 27.3432855 ], [ 92.3637879, 27.3432426 ], [ 92.364158, 27.3431568 ], [ 92.3646006, 27.3432354 ], [ 92.3648339, 27.3434022 ], [ 92.3651692, 27.3435595 ], [ 92.3655125, 27.3436143 ], [ 92.3657486, 27.3438072 ], [ 92.3659363, 27.3437929 ], [ 92.3660758, 27.3437596 ], [ 92.3664674, 27.3436762 ], [ 92.366733, 27.3436738 ], [ 92.3669234, 27.3435523 ], [ 92.366918, 27.3433975 ], [ 92.3670387, 27.3432188 ], [ 92.3672909, 27.3430925 ], [ 92.3674813, 27.34299 ], [ 92.3675644, 27.3428947 ], [ 92.3675832, 27.3428137 ], [ 92.3676288, 27.3426398 ], [ 92.367779, 27.3423515 ], [ 92.368117, 27.3421133 ], [ 92.3682886, 27.3418464 ], [ 92.3682886, 27.3417344 ], [ 92.3682216, 27.3414652 ], [ 92.3682001, 27.3412222 ], [ 92.3683771, 27.3409625 ], [ 92.3684415, 27.3408553 ], [ 92.3686346, 27.3406837 ], [ 92.368817, 27.3407671 ], [ 92.3690557, 27.3408862 ], [ 92.3694044, 27.3410173 ], [ 92.3696646, 27.341196 ], [ 92.3698658, 27.3412532 ], [ 92.370134, 27.3412937 ], [ 92.3704156, 27.3413318 ], [ 92.3706624, 27.34152 ], [ 92.3708931, 27.341601 ], [ 92.3711666, 27.3416677 ], [ 92.3716441, 27.3416796 ], [ 92.3720035, 27.341632 ], [ 92.3728242, 27.3415986 ], [ 92.3731005, 27.3416534 ], [ 92.3733392, 27.3417797 ], [ 92.373645, 27.3418917 ], [ 92.3739535, 27.3420608 ], [ 92.3740607, 27.3421633 ], [ 92.3741654, 27.3422634 ], [ 92.3744363, 27.3422419 ], [ 92.3747098, 27.3424135 ], [ 92.3749405, 27.3424325 ], [ 92.3752087, 27.3423753 ], [ 92.3754474, 27.3421681 ], [ 92.375544, 27.3420656 ], [ 92.3756754, 27.3419322 ], [ 92.3759919, 27.3417821 ], [ 92.3762763, 27.3416463 ], [ 92.3768315, 27.3413794 ], [ 92.3772606, 27.3412341 ], [ 92.377274, 27.3412746 ], [ 92.3771104, 27.3413747 ], [ 92.3769012, 27.3415367 ], [ 92.3767188, 27.3416987 ], [ 92.376515, 27.3418845 ], [ 92.3763701, 27.3420585 ], [ 92.3762199, 27.342261 ], [ 92.3764506, 27.3422181 ], [ 92.3765472, 27.3421347 ], [ 92.3766839, 27.342018 ], [ 92.376861, 27.3418393 ], [ 92.377156, 27.3416773 ], [ 92.3776334, 27.3414724 ], [ 92.3778293, 27.3413866 ], [ 92.377966, 27.3412079 ], [ 92.3780116, 27.3410459 ], [ 92.3782235, 27.3409553 ], [ 92.378591, 27.3409029 ], [ 92.3788056, 27.3409315 ], [ 92.3792481, 27.3409863 ], [ 92.3798141, 27.3411531 ], [ 92.3801869, 27.3411221 ], [ 92.3804873, 27.3410792 ], [ 92.3806912, 27.3410983 ], [ 92.3809245, 27.3410316 ], [ 92.3811793, 27.3411412 ], [ 92.3813805, 27.3413461 ], [ 92.3815843, 27.3415962 ], [ 92.3817614, 27.341763 ], [ 92.3823246, 27.3421347 ], [ 92.3824856, 27.3421228 ], [ 92.3828021, 27.3420251 ], [ 92.3831159, 27.3419655 ], [ 92.3833626, 27.3419822 ], [ 92.3835316, 27.3420894 ], [ 92.3836818, 27.3422395 ], [ 92.3837516, 27.3423015 ], [ 92.3838615, 27.3423086 ], [ 92.3839983, 27.3422848 ], [ 92.3843819, 27.3422705 ], [ 92.3846501, 27.3422967 ], [ 92.3847011, 27.3423015 ], [ 92.3848405, 27.3422705 ], [ 92.3850417, 27.3422062 ], [ 92.3853341, 27.3421728 ], [ 92.3854816, 27.3421919 ], [ 92.3857149, 27.3421871 ], [ 92.3859027, 27.3421871 ], [ 92.3860529, 27.3421776 ], [ 92.3861065, 27.3421538 ], [ 92.3863345, 27.3420275 ], [ 92.3865169, 27.342068 ], [ 92.3866215, 27.3421276 ], [ 92.3867744, 27.3421323 ], [ 92.3869327, 27.3420894 ], [ 92.3870882, 27.342068 ], [ 92.3874745, 27.341875 ], [ 92.3876139, 27.3417344 ], [ 92.3876944, 27.3416677 ], [ 92.3878768, 27.341601 ], [ 92.3880216, 27.3415772 ], [ 92.3881155, 27.3416201 ], [ 92.3881879, 27.3416677 ], [ 92.3882818, 27.3416749 ], [ 92.3884401, 27.3415772 ], [ 92.3885527, 27.3414342 ], [ 92.3887002, 27.3412841 ], [ 92.3890114, 27.3407433 ], [ 92.3892903, 27.3403335 ] ] } },
{ "type": "Feature", "properties": { "element": "way", "id": 1169009776, "highway": "tertiary", "ref": null, "ref:old": null, "source": null, "name": null, "name:en": null, "surface": null, "bridge": null, "bridge:structure": null, "layer": null, "name:zh": null, "sidewalk": null, "smoothness": null, "lanes": null, "route": null, "alt_name": null, "service": null, "oneway": null }, "geometry": { "type": "LineString", "coordinates": [ [ 92.3454771, 27.3487711 ], [ 92.3452687, 27.3486912 ], [ 92.3450758, 27.3487163 ], [ 92.3447541, 27.3488054 ], [ 92.3445843, 27.3488306 ], [ 92.3443991, 27.348826 ], [ 92.3441495, 27.3489105 ], [ 92.3439179, 27.348858 ], [ 92.3437456, 27.3486957 ], [ 92.3436272, 27.34849 ], [ 92.343478, 27.3483826 ], [ 92.3431846, 27.3483415 ], [ 92.3426135, 27.3482729 ], [ 92.3423767, 27.3482615 ], [ 92.3421375, 27.3483552 ], [ 92.3417618, 27.3484672 ], [ 92.3415302, 27.3485335 ], [ 92.3413862, 27.3485655 ], [ 92.3413553, 27.3486546 ], [ 92.3414299, 27.3487003 ], [ 92.341646, 27.3486363 ], [ 92.3420165, 27.3485403 ], [ 92.3423227, 27.3484969 ], [ 92.3427087, 27.3485243 ], [ 92.3430869, 27.3486432 ], [ 92.3433725, 27.3488306 ], [ 92.34355, 27.3491711 ], [ 92.3437764, 27.3493653 ], [ 92.3442833, 27.3496579 ], [ 92.3446795, 27.3499527 ], [ 92.3450912, 27.3499641 ], [ 92.3456109, 27.3500212 ], [ 92.3459068, 27.3499504 ] ] } },
{ "type": "Feature", "properties": { "element": "way", "id": 1169796063, "highway": "tertiary", "ref": null, "ref:old": null, "source": null, "name": null, "name:en": null, "surface": null, "bridge": null, "bridge:structure": null, "layer": null, "name:zh": null, "sidewalk": null, "smoothness": null, "lanes": null, "route": null, "alt_name": null, "service": null, "oneway": null }, "geometry": { "type": "LineString", "coordinates": [ [ 92.4939948, 27.2192927 ], [ 92.4939801, 27.219448 ], [ 92.494016, 27.2196643 ], [ 92.4941277, 27.2198168 ], [ 92.4940639, 27.2200969 ], [ 92.4939323, 27.2204621 ], [ 92.4938366, 27.2207209 ], [ 92.4935256, 27.220923 ], [ 92.4934504, 27.2212242 ], [ 92.4933643, 27.2212868 ], [ 92.4932521, 27.2213309 ], [ 92.4930773, 27.2215165 ], [ 92.4929156, 27.221723 ], [ 92.4925295, 27.222064 ], [ 92.492446, 27.2221823 ], [ 92.4923756, 27.2223238 ], [ 92.4922321, 27.2223586 ], [ 92.4920729, 27.2225234 ], [ 92.4919581, 27.2227994 ], [ 92.4919086, 27.2230337 ], [ 92.4918877, 27.22334 ], [ 92.4918173, 27.2235464 ], [ 92.4918042, 27.2236856 ], [ 92.4918303, 27.2237529 ], [ 92.4919373, 27.2238016 ], [ 92.4920964, 27.223964 ], [ 92.4923051, 27.2240823 ], [ 92.4925504, 27.2243166 ], [ 92.4926025, 27.2244465 ], [ 92.4925869, 27.2247528 ], [ 92.4925217, 27.2250567 ], [ 92.4925451, 27.2252399 ], [ 92.4925843, 27.2255577 ], [ 92.4926599, 27.2258941 ], [ 92.492673, 27.2261771 ], [ 92.4926808, 27.2264022 ], [ 92.4927225, 27.2267756 ], [ 92.4927382, 27.2269821 ], [ 92.4926521, 27.2271584 ], [ 92.4925373, 27.2274182 ], [ 92.4925243, 27.2276061 ], [ 92.4925608, 27.2278103 ], [ 92.492446, 27.2281838 ], [ 92.4923416, 27.2284041 ], [ 92.4922973, 27.2285781 ], [ 92.4923834, 27.2288031 ], [ 92.4924303, 27.228991 ], [ 92.4924225, 27.2291441 ], [ 92.4924095, 27.2292764 ], [ 92.4924773, 27.2292717 ], [ 92.492566, 27.2291511 ], [ 92.4926391, 27.2288635 ], [ 92.4927225, 27.228664 ], [ 92.4927747, 27.2284065 ], [ 92.4928086, 27.2281281 ], [ 92.4928243, 27.2277337 ], [ 92.4928452, 27.2275621 ], [ 92.4929182, 27.2274368 ], [ 92.4931113, 27.2271723 ], [ 92.4931191, 27.2269983 ], [ 92.4931139, 27.2269009 ], [ 92.4931608, 27.2268128 ], [ 92.4932521, 27.2266921 ], [ 92.4932521, 27.2266202 ], [ 92.493213, 27.2264787 ], [ 92.4931582, 27.226321 ], [ 92.4931713, 27.2261771 ], [ 92.4931765, 27.2260635 ], [ 92.4931713, 27.2259335 ], [ 92.4932443, 27.2257596 ], [ 92.4932574, 27.2255717 ], [ 92.493166, 27.2253977 ], [ 92.4930747, 27.2252422 ], [ 92.49308, 27.2250288 ], [ 92.4931634, 27.2248107 ], [ 92.4932704, 27.2245788 ], [ 92.4933095, 27.2244929 ], [ 92.4934478, 27.2243723 ], [ 92.4934582, 27.2242841 ], [ 92.4933721, 27.2242053 ], [ 92.493273, 27.2241542 ], [ 92.4931817, 27.2240568 ], [ 92.4931139, 27.2239385 ], [ 92.4930747, 27.2237784 ], [ 92.49302, 27.2235975 ], [ 92.4930539, 27.2234606 ], [ 92.4931217, 27.2234281 ], [ 92.4931974, 27.2234536 ], [ 92.49326, 27.223616 ], [ 92.4934165, 27.2238967 ], [ 92.4936148, 27.2240452 ], [ 92.4938783, 27.2241728 ], [ 92.4942305, 27.2243213 ] ] } },
{ "type": "Feature", "properties": { "element": "way", "id": 1169796065, "highway": "tertiary", "ref": null, "ref:old": null, "source": null, "name": null, "name:en": null, "surface": null, "bridge": null, "bridge:structure": null, "layer": null, "name:zh": null, "sidewalk": null, "smoothness": null, "lanes": null, "route": null, "alt_name": null, "service": null, "oneway": null }, "geometry": { "type": "LineString", "coordinates": [ [ 92.4924773, 27.2292717 ], [ 92.4924164, 27.2295516 ], [ 92.492134, 27.2298001 ], [ 92.4919567, 27.2300165 ], [ 92.4918154, 27.2300994 ], [ 92.4916742, 27.2301849 ], [ 92.4915299, 27.2304628 ], [ 92.4915329, 27.2305777 ], [ 92.4916321, 27.2307781 ], [ 92.4916682, 27.2309945 ], [ 92.491575, 27.2313632 ], [ 92.4914969, 27.2315797 ], [ 92.4914187, 27.2319324 ], [ 92.4912444, 27.2322637 ], [ 92.4911513, 27.2324748 ], [ 92.4910882, 27.2328382 ], [ 92.4911032, 27.2330172 ], [ 92.4912685, 27.2332818 ], [ 92.4912845, 27.2333984 ], [ 92.4912985, 27.2335009 ], [ 92.4913045, 27.2336692 ], [ 92.4913977, 27.2339123 ], [ 92.4913556, 27.2342196 ], [ 92.4913376, 27.2343773 ], [ 92.4911934, 27.2346819 ] ] } },
{ "type": "Feature", "properties": { "element": "way", "id": 1169796067, "highway": "tertiary", "ref": null, "ref:old": null, "source": null, "name": null, "name:en": null, "surface": null, "bridge": null, "bridge:structure": null, "layer": null, "name:zh": null, "sidewalk": null, "smoothness": null, "lanes": null, "route": null, "alt_name": null, "service": null, "oneway": null }, "geometry": { "type": "LineString", "coordinates": [ [ 92.4942305, 27.2243213 ], [ 92.494344, 27.22434 ], [ 92.4946498, 27.2242675 ], [ 92.4951798, 27.2241245 ], [ 92.4955557, 27.2240137 ], [ 92.4957709, 27.2239754 ], [ 92.4959181, 27.2240359 ], [ 92.4959543, 27.2241426 ], [ 92.4959657, 27.2243359 ], [ 92.4958864, 27.2244789 ], [ 92.4957686, 27.2246018 ], [ 92.4954946, 27.2248032 ], [ 92.4953292, 27.2250126 ], [ 92.4952681, 27.225065 ], [ 92.495105, 27.2251476 ], [ 92.4950393, 27.2252241 ], [ 92.4949442, 27.2253228 ], [ 92.4948672, 27.225349 ], [ 92.4947109, 27.2253792 ], [ 92.4945297, 27.2254456 ], [ 92.494301, 27.2255725 ], [ 92.4940836, 27.2257699 ], [ 92.4940654, 27.2258907 ], [ 92.4941357, 27.2260196 ], [ 92.4941968, 27.2261445 ], [ 92.4942534, 27.2262734 ], [ 92.4942444, 27.2263539 ], [ 92.4941878, 27.2264909 ], [ 92.4941606, 27.2265412 ], [ 92.4941878, 27.2266016 ], [ 92.4942444, 27.2266157 ], [ 92.4943033, 27.2266036 ], [ 92.4943418, 27.2265553 ], [ 92.4943916, 27.2263882 ], [ 92.4944097, 27.2262331 ], [ 92.4944392, 27.2261465 ], [ 92.4945569, 27.2260418 ], [ 92.4946996, 27.2259693 ], [ 92.4948627, 27.2259169 ], [ 92.4951933, 27.2258847 ], [ 92.495293, 27.2258585 ], [ 92.4954062, 27.2257598 ], [ 92.4955535, 27.2256813 ], [ 92.495678, 27.225645 ], [ 92.4958683, 27.2256249 ], [ 92.496011, 27.225639 ], [ 92.4961763, 27.2255947 ], [ 92.4962692, 27.2256068 ], [ 92.4962782, 27.2256551 ], [ 92.4962465, 27.2257014 ], [ 92.4961831, 27.2257316 ], [ 92.4960336, 27.2257578 ], [ 92.4957097, 27.2258263 ], [ 92.4956395, 27.2258525 ], [ 92.495592, 27.2258968 ], [ 92.4955444, 27.2259834 ], [ 92.4954855, 27.2260599 ], [ 92.4952839, 27.2261445 ], [ 92.4951095, 27.2262593 ], [ 92.4948559, 27.2264506 ], [ 92.494763, 27.2265614 ], [ 92.4947721, 27.2267144 ], [ 92.4947902, 27.2268433 ], [ 92.4947834, 27.2269259 ], [ 92.494677, 27.227089 ], [ 92.494643, 27.2271635 ], [ 92.4946543, 27.2272884 ], [ 92.4946634, 27.2274193 ], [ 92.4946113, 27.2275643 ], [ 92.4945909, 27.2277616 ], [ 92.4945909, 27.2278221 ], [ 92.4946158, 27.2279268 ], [ 92.4946951, 27.2280657 ], [ 92.4947245, 27.2281966 ], [ 92.4947223, 27.2283014 ], [ 92.4946792, 27.2284504 ], [ 92.4945433, 27.2285612 ], [ 92.4944301, 27.2286538 ], [ 92.494378, 27.2287464 ], [ 92.4943236, 27.2290203 ], [ 92.4942965, 27.2291553 ], [ 92.4942987, 27.2293949 ], [ 92.4942987, 27.2294594 ], [ 92.4941606, 27.2296487 ], [ 92.4941402, 27.2297453 ], [ 92.4941764, 27.2298178 ], [ 92.4942557, 27.2299044 ], [ 92.4942512, 27.2300837 ], [ 92.4942398, 27.2302508 ], [ 92.4942648, 27.2304623 ], [ 92.4942851, 27.2306274 ], [ 92.4942421, 27.230718 ], [ 92.4941583, 27.2308328 ], [ 92.4940926, 27.2309254 ], [ 92.4941017, 27.2310382 ], [ 92.494104, 27.2312034 ], [ 92.4940813, 27.231304 ], [ 92.4940269, 27.2314591 ], [ 92.4939703, 27.2316061 ], [ 92.4939862, 27.2318055 ], [ 92.4939862, 27.2319344 ], [ 92.4940179, 27.232019 ], [ 92.4940994, 27.2321499 ], [ 92.4941538, 27.2322505 ], [ 92.4941402, 27.2324177 ], [ 92.4940881, 27.2325365 ], [ 92.4938548, 27.2327721 ], [ 92.4937688, 27.2328527 ], [ 92.4936714, 27.2330279 ], [ 92.4936374, 27.233195 ], [ 92.4936397, 27.2333783 ], [ 92.4936895, 27.2335917 ], [ 92.4937688, 27.233636 ], [ 92.4939386, 27.2336542 ], [ 92.4941674, 27.2337025 ], [ 92.4944029, 27.2337549 ], [ 92.4945501, 27.233773 ], [ 92.4947653, 27.2339079 ], [ 92.494874, 27.2339623 ], [ 92.4950937, 27.2340086 ], [ 92.4952183, 27.2340771 ], [ 92.4954515, 27.2342341 ], [ 92.4957913, 27.2342684 ], [ 92.4959453, 27.2342845 ], [ 92.4961876, 27.2343368 ], [ 92.4962624, 27.2343952 ], [ 92.4962805, 27.2345805 ], [ 92.496208, 27.2348141 ], [ 92.4961401, 27.2350678 ], [ 92.4961265, 27.2352934 ], [ 92.496396, 27.2356941 ], [ 92.4965953, 27.2357847 ], [ 92.4968014, 27.2358009 ], [ 92.4970596, 27.235976 ], [ 92.4971774, 27.2360626 ], [ 92.4972521, 27.2361815 ], [ 92.4971547, 27.2362842 ], [ 92.4970551, 27.2363244 ], [ 92.4969735, 27.2363687 ], [ 92.4969124, 27.2364593 ], [ 92.4968082, 27.2365218 ], [ 92.4966927, 27.2365218 ], [ 92.4965817, 27.2364835 ], [ 92.4964096, 27.2364996 ], [ 92.4962307, 27.2365459 ], [ 92.4959883, 27.2366124 ], [ 92.4957935, 27.236707 ], [ 92.4955331, 27.2367151 ], [ 92.4952001, 27.2367413 ], [ 92.495071, 27.2367977 ], [ 92.4950348, 27.236846 ], [ 92.4950212, 27.2369648 ], [ 92.4949827, 27.2370333 ], [ 92.4948808, 27.2370413 ], [ 92.4947291, 27.2370151 ], [ 92.4946294, 27.2369849 ], [ 92.4943893, 27.2370896 ], [ 92.4942489, 27.2371178 ], [ 92.4940994, 27.2371158 ], [ 92.4939975, 27.2371742 ], [ 92.4938684, 27.2373011 ], [ 92.4937189, 27.2374139 ], [ 92.4935151, 27.2374783 ], [ 92.4933588, 27.2375548 ], [ 92.4932682, 27.2376555 ], [ 92.4932886, 27.23773 ], [ 92.4933701, 27.2377642 ], [ 92.4935241, 27.2377481 ], [ 92.4936917, 27.2377139 ], [ 92.493848, 27.2376414 ], [ 92.4939635, 27.2375709 ], [ 92.4940519, 27.2375508 ], [ 92.4943531, 27.2375387 ], [ 92.4944935, 27.2375307 ], [ 92.4946679, 27.2375407 ], [ 92.49484, 27.2374662 ], [ 92.4949737, 27.2374421 ], [ 92.4952228, 27.2375166 ], [ 92.4954085, 27.2375387 ], [ 92.4955625, 27.2375669 ], [ 92.4956305, 27.2375448 ], [ 92.4956531, 27.2374843 ], [ 92.4956214, 27.2374038 ], [ 92.4956169, 27.2373071 ], [ 92.4956441, 27.2372507 ], [ 92.4957324, 27.2372246 ], [ 92.4958683, 27.2372608 ], [ 92.4961061, 27.2373615 ], [ 92.4963122, 27.237428 ], [ 92.4964413, 27.237438 ], [ 92.4965704, 27.237432 ], [ 92.4966564, 27.2374098 ], [ 92.4967538, 27.2373937 ], [ 92.496858, 27.2374159 ], [ 92.4968671, 27.2374743 ], [ 92.496815, 27.2375266 ], [ 92.4967017, 27.2375588 ], [ 92.4965341, 27.2375931 ], [ 92.4963462, 27.2376193 ], [ 92.4961514, 27.2375891 ], [ 92.4960449, 27.2375709 ], [ 92.4959566, 27.237575 ], [ 92.4959181, 27.2376011 ], [ 92.4959023, 27.2376817 ], [ 92.4959113, 27.2377864 ], [ 92.4959023, 27.2378891 ], [ 92.4958502, 27.2379515 ], [ 92.4957392, 27.2379596 ], [ 92.4955625, 27.2379253 ], [ 92.4953768, 27.2378831 ], [ 92.4952092, 27.2378448 ], [ 92.4950982, 27.2378287 ], [ 92.4950099, 27.237869 ], [ 92.4949125, 27.2379837 ], [ 92.4947902, 27.2381046 ], [ 92.4947472, 27.2381549 ], [ 92.4947879, 27.2382254 ], [ 92.4948785, 27.2382334 ], [ 92.4949737, 27.2381851 ], [ 92.4950937, 27.2380965 ], [ 92.4951775, 27.2380723 ], [ 92.4952862, 27.2380864 ], [ 92.4953927, 27.2381569 ], [ 92.4954266, 27.2382576 ], [ 92.4954108, 27.2383301 ], [ 92.4953021, 27.2383925 ], [ 92.4951141, 27.2384046 ], [ 92.4949737, 27.2384429 ], [ 92.4948355, 27.2385033 ], [ 92.4947268, 27.2385798 ], [ 92.4945547, 27.2388053 ], [ 92.4944029, 27.2389765 ], [ 92.4942738, 27.2390349 ], [ 92.4941425, 27.2390611 ], [ 92.4939477, 27.2390852 ], [ 92.4938797, 27.2391356 ], [ 92.4939092, 27.2392081 ], [ 92.494002, 27.2392423 ], [ 92.4947223, 27.2390349 ], [ 92.4950099, 27.2389221 ], [ 92.4951571, 27.2389 ], [ 92.4952341, 27.2389644 ], [ 92.4951707, 27.2390329 ], [ 92.4949646, 27.2391436 ], [ 92.4942919, 27.2394054 ], [ 92.4941221, 27.2394699 ], [ 92.4939635, 27.2395041 ], [ 92.4939296, 27.2395967 ], [ 92.493993, 27.2398625 ], [ 92.4940111, 27.24008 ], [ 92.4939046, 27.2402733 ], [ 92.4938729, 27.240372 ], [ 92.4940156, 27.2407687 ], [ 92.4940179, 27.2410264 ], [ 92.4938548, 27.2413486 ], [ 92.4937937, 27.2414936 ], [ 92.4938367, 27.2416245 ], [ 92.4940632, 27.241697 ], [ 92.4943644, 27.2418057 ], [ 92.4943825, 27.2418983 ], [ 92.4942308, 27.2420594 ], [ 92.494104, 27.2422588 ], [ 92.4942285, 27.2424279 ], [ 92.4941628, 27.2425669 ], [ 92.4941266, 27.2426857 ], [ 92.4943418, 27.2430179 ], [ 92.4943961, 27.2431669 ], [ 92.494335, 27.2433421 ], [ 92.4942829, 27.2435576 ], [ 92.4941538, 27.243773 ], [ 92.4941492, 27.2438777 ], [ 92.4941651, 27.2440328 ], [ 92.4940926, 27.2442281 ], [ 92.494079, 27.2443388 ], [ 92.4940677, 27.2445261 ], [ 92.4939839, 27.2447033 ], [ 92.4938571, 27.2448503 ], [ 92.4938322, 27.2449772 ], [ 92.4936193, 27.2451866 ], [ 92.4935445, 27.2453034 ], [ 92.4935151, 27.2454363 ], [ 92.493506, 27.2455994 ], [ 92.4934041, 27.2459054 ], [ 92.4933905, 27.2460182 ], [ 92.4933815, 27.2461289 ], [ 92.4933316, 27.2462437 ], [ 92.4932478, 27.2463685 ], [ 92.4931097, 27.2465417 ], [ 92.4928696, 27.2469142 ], [ 92.4928515, 27.2470391 ], [ 92.49289, 27.2471397 ], [ 92.4929511, 27.247186 ], [ 92.4930417, 27.2471619 ], [ 92.493087, 27.2470733 ], [ 92.4930349, 27.2469243 ], [ 92.4931097, 27.2467733 ], [ 92.4932614, 27.2465558 ], [ 92.4935355, 27.2463484 ], [ 92.493728, 27.2461652 ], [ 92.4937937, 27.2459638 ], [ 92.4939454, 27.245688 ], [ 92.4940043, 27.2455007 ], [ 92.4940677, 27.245402 ], [ 92.49419, 27.2453557 ], [ 92.4944142, 27.2452309 ], [ 92.4945071, 27.2451262 ], [ 92.494575, 27.2449611 ], [ 92.4947494, 27.2447899 ], [ 92.4947993, 27.244657 ], [ 92.4948378, 27.2444456 ], [ 92.4949102, 27.2440731 ], [ 92.4949284, 27.2438415 ], [ 92.4949691, 27.2435314 ], [ 92.4951481, 27.2432132 ], [ 92.4952545, 27.2430461 ], [ 92.495447, 27.2429112 ], [ 92.4955104, 27.2426937 ], [ 92.4955376, 27.2425649 ], [ 92.4957618, 27.2424239 ], [ 92.4959679, 27.242295 ], [ 92.4961174, 27.2421601 ], [ 92.4963326, 27.2419668 ], [ 92.4964798, 27.241842 ], [ 92.4966814, 27.2417131 ], [ 92.496926, 27.2415842 ], [ 92.4970754, 27.2415157 ], [ 92.4972453, 27.2414996 ], [ 92.4974333, 27.2415379 ], [ 92.4974491, 27.2416285 ], [ 92.4973767, 27.2416849 ], [ 92.4971751, 27.2417433 ], [ 92.4969781, 27.2418218 ], [ 92.4965568, 27.2420876 ], [ 92.4964503, 27.2422024 ], [ 92.4963145, 27.2423635 ], [ 92.4960155, 27.242589 ], [ 92.4958139, 27.242736 ], [ 92.4957143, 27.2428629 ], [ 92.4956712, 27.2430179 ], [ 92.4955263, 27.2433945 ], [ 92.49537, 27.243628 ], [ 92.4953813, 27.2437408 ], [ 92.4953089, 27.2438979 ], [ 92.4952613, 27.2439885 ], [ 92.4952885, 27.2444194 ], [ 92.4953451, 27.2445362 ], [ 92.4953542, 27.2446006 ], [ 92.4952726, 27.2447718 ], [ 92.4952771, 27.2450718 ], [ 92.4952613, 27.2452268 ], [ 92.4951956, 27.2455188 ], [ 92.495173, 27.2457081 ], [ 92.4950665, 27.2459376 ], [ 92.4950552, 27.2460544 ], [ 92.4951616, 27.2461511 ], [ 92.4952907, 27.2461611 ], [ 92.4955557, 27.2461269 ], [ 92.4959996, 27.2460282 ], [ 92.4962941, 27.2459558 ], [ 92.4964209, 27.2458893 ], [ 92.496405, 27.2458349 ], [ 92.4963439, 27.2457725 ], [ 92.4962307, 27.2457967 ], [ 92.4960019, 27.2458672 ], [ 92.4957505, 27.2458813 ], [ 92.4956305, 27.2458329 ], [ 92.4955648, 27.2457544 ], [ 92.4955761, 27.2456437 ], [ 92.4956033, 27.2454987 ], [ 92.4956191, 27.2451423 ], [ 92.4957618, 27.244802 ], [ 92.4958252, 27.2446651 ], [ 92.4958252, 27.2444798 ], [ 92.4958094, 27.24422 ], [ 92.4958887, 27.244059 ], [ 92.4959928, 27.243912 ], [ 92.4959906, 27.2438415 ], [ 92.4960313, 27.2437589 ], [ 92.4961423, 27.243618 ], [ 92.4962442, 27.2434448 ], [ 92.4963394, 27.2432112 ], [ 92.4964685, 27.2430824 ], [ 92.4966859, 27.243028 ], [ 92.497003, 27.2429495 ], [ 92.4973903, 27.2428125 ], [ 92.4977798, 27.2427078 ], [ 92.4984276, 27.2426132 ], [ 92.4986405, 27.2425085 ], [ 92.498953, 27.2425367 ], [ 92.4992701, 27.2424702 ], [ 92.4995056, 27.242446 ], [ 92.4995872, 27.2423796 ], [ 92.499594, 27.2422789 ], [ 92.4994966, 27.2421581 ], [ 92.4995079, 27.2420333 ], [ 92.4995668, 27.2418701 ], [ 92.4995283, 27.2417191 ], [ 92.4995192, 27.2416184 ], [ 92.4995962, 27.2415621 ], [ 92.4997842, 27.2415661 ], [ 92.4999699, 27.2415822 ], [ 92.5001239, 27.2415258 ], [ 92.5003346, 27.2414191 ], [ 92.5005226, 27.2412157 ], [ 92.5006403, 27.2411291 ], [ 92.5009778, 27.2410083 ], [ 92.5014285, 27.2408452 ], [ 92.5019041, 27.240672 ], [ 92.501963, 27.2405935 ], [ 92.5019472, 27.2404727 ], [ 92.5018724, 27.2403941 ], [ 92.5018113, 27.2403337 ], [ 92.501843, 27.2402451 ], [ 92.5019698, 27.2401162 ], [ 92.502074, 27.239939 ], [ 92.5021057, 27.2396692 ], [ 92.5021306, 27.2395484 ], [ 92.5022121, 27.2394819 ], [ 92.502339, 27.2394497 ], [ 92.5025338, 27.2394457 ], [ 92.5026923, 27.2393631 ], [ 92.5027421, 27.2392463 ], [ 92.5027738, 27.239047 ], [ 92.5028123, 27.2388295 ], [ 92.502878, 27.2386382 ], [ 92.5028463, 27.2384348 ], [ 92.5028622, 27.2382858 ], [ 92.5029641, 27.2380764 ], [ 92.503066, 27.237881 ], [ 92.5031566, 27.2378226 ], [ 92.5033446, 27.2377904 ], [ 92.5034827, 27.2377199 ], [ 92.5036503, 27.2376132 ], [ 92.5037205, 27.2374763 ], [ 92.5037613, 27.2373112 ], [ 92.5037341, 27.2371722 ], [ 92.503707, 27.2370292 ], [ 92.5036481, 27.2368037 ], [ 92.5036322, 27.236699 ], [ 92.5036481, 27.2366124 ], [ 92.503707, 27.2365298 ], [ 92.503793, 27.2365137 ], [ 92.5039448, 27.2366043 ], [ 92.504015, 27.2367292 ], [ 92.504024, 27.2368722 ], [ 92.5040218, 27.2370695 ], [ 92.5039742, 27.2372669 ], [ 92.5039765, 27.2373917 ], [ 92.5040195, 27.2374984 ], [ 92.5041124, 27.2376132 ], [ 92.5043026, 27.2378085 ], [ 92.5044657, 27.2379797 ], [ 92.5045019, 27.2380945 ], [ 92.5044657, 27.2381831 ], [ 92.5043728, 27.2382455 ], [ 92.504246, 27.2383462 ], [ 92.5041939, 27.2384368 ], [ 92.5041894, 27.2385295 ], [ 92.5042166, 27.2387087 ], [ 92.5041509, 27.2391114 ], [ 92.5042007, 27.2392302 ], [ 92.5042732, 27.2394014 ], [ 92.504212, 27.2395766 ], [ 92.5041758, 27.2397598 ], [ 92.5041803, 27.2399088 ], [ 92.5042166, 27.2400035 ], [ 92.5043162, 27.2401444 ], [ 92.5043841, 27.2402673 ], [ 92.5043751, 27.2403378 ], [ 92.5043139, 27.2402733 ], [ 92.5041758, 27.2400417 ], [ 92.5040286, 27.2399068 ], [ 92.5040308, 27.2397659 ], [ 92.5040716, 27.2395423 ], [ 92.5040218, 27.2394336 ], [ 92.503947, 27.239347 ], [ 92.5038066, 27.2393168 ], [ 92.503707, 27.2393611 ], [ 92.5036685, 27.2395001 ], [ 92.5036503, 27.23979 ], [ 92.5036798, 27.239927 ], [ 92.5038428, 27.2402955 ], [ 92.5038995, 27.2404586 ], [ 92.5038746, 27.2406096 ], [ 92.5039153, 27.2407485 ], [ 92.504024, 27.2408512 ], [ 92.5041826, 27.2410103 ], [ 92.5042415, 27.2410707 ], [ 92.5042392, 27.2411714 ], [ 92.5042256, 27.241252 ], [ 92.5042437, 27.2413224 ], [ 92.5044362, 27.241407 ], [ 92.5048009, 27.2415137 ], [ 92.5048484, 27.2415963 ], [ 92.5049843, 27.2417775 ], [ 92.5051791, 27.2419426 ], [ 92.505281, 27.2423796 ], [ 92.5053535, 27.2424763 ], [ 92.5055324, 27.2424984 ], [ 92.5055936, 27.2425669 ], [ 92.5056389, 27.2426796 ], [ 92.5056932, 27.2427179 ], [ 92.5059243, 27.2426434 ], [ 92.5060919, 27.2426615 ], [ 92.5062323, 27.2428206 ], [ 92.5063818, 27.2430662 ], [ 92.5066218, 27.2433502 ], [ 92.5068166, 27.2434811 ], [ 92.5068008, 27.2435596 ], [ 92.5067351, 27.2436905 ], [ 92.5066558, 27.2438354 ], [ 92.5064678, 27.2439321 ], [ 92.5062323, 27.2440006 ], [ 92.5061824, 27.2441274 ], [ 92.5062708, 27.2442764 ], [ 92.5062345, 27.2443972 ], [ 92.5060216, 27.2445785 ], [ 92.5058608, 27.2446993 ], [ 92.5055891, 27.2448805 ], [ 92.5052992, 27.2449711 ], [ 92.5050613, 27.2450134 ], [ 92.5049209, 27.245106 ], [ 92.5048575, 27.2452772 ], [ 92.5047261, 27.2455108 ], [ 92.5044679, 27.2459618 ] ] } },
{ "type": "Feature", "properties": { "element": "way", "id": 1169798406, "highway": "tertiary", "ref": null, "ref:old": null, "source": null, "name": null, "name:en": null, "surface": null, "bridge": null, "bridge:structure": null, "layer": null, "name:zh": null, "sidewalk": null, "smoothness": null, "lanes": null, "route": null, "alt_name": null, "service": null, "oneway": null }, "geometry": { "type": "LineString", "coordinates": [ [ 92.5044679, 27.2459618 ], [ 92.5043339, 27.2460148 ], [ 92.5041643, 27.2460148 ], [ 92.5039843, 27.2460825 ], [ 92.5037212, 27.2460425 ], [ 92.5036174, 27.246184 ], [ 92.5036243, 27.2462671 ], [ 92.5038216, 27.2464425 ], [ 92.503877, 27.2466826 ], [ 92.5036727, 27.2467503 ], [ 92.5035135, 27.2469503 ], [ 92.5034408, 27.2470826 ], [ 92.5033854, 27.2472088 ], [ 92.5031016, 27.2473442 ], [ 92.5030427, 27.2475073 ], [ 92.5031466, 27.248009 ], [ 92.5030393, 27.2482859 ], [ 92.5030877, 27.2486521 ], [ 92.5031466, 27.2488091 ], [ 92.5032608, 27.2488091 ], [ 92.5033439, 27.2486737 ], [ 92.5034062, 27.2485013 ], [ 92.5035412, 27.2483844 ], [ 92.504035, 27.2483816 ], [ 92.5041193, 27.2485013 ], [ 92.5042312, 27.2488146 ], [ 92.5040674, 27.2490861 ], [ 92.5041435, 27.2492922 ], [ 92.5042445, 27.2493557 ], [ 92.5046247, 27.2492399 ], [ 92.5047396, 27.2493453 ], [ 92.5048462, 27.2496892 ], [ 92.5050158, 27.2498862 ], [ 92.5052557, 27.2501251 ], [ 92.5052166, 27.2504493 ], [ 92.5052928, 27.2505786 ], [ 92.5054831, 27.2506648 ], [ 92.5055526, 27.2508837 ], [ 92.505497, 27.2511233 ], [ 92.5056389, 27.2512679 ], [ 92.5058051, 27.2518218 ], [ 92.5063278, 27.2518957 ], [ 92.506667, 27.2519849 ], [ 92.506884, 27.2521876 ], [ 92.5070443, 27.2521357 ], [ 92.5074043, 27.2517757 ], [ 92.5075497, 27.2516157 ], [ 92.5076501, 27.2513787 ], [ 92.5082732, 27.2513756 ], [ 92.5085778, 27.2517726 ], [ 92.5086366, 27.2519142 ], [ 92.5089101, 27.2523019 ], [ 92.5088478, 27.2525081 ], [ 92.5088132, 27.2526404 ], [ 92.5089516, 27.2526927 ], [ 92.5091939, 27.2524712 ], [ 92.5092355, 27.2521357 ], [ 92.5092701, 27.2519295 ], [ 92.5094189, 27.2518465 ], [ 92.5095712, 27.2518988 ], [ 92.5095816, 27.2520249 ], [ 92.5095816, 27.252145 ], [ 92.5096924, 27.2522834 ], [ 92.509817, 27.2526958 ], [ 92.5098828, 27.2529235 ], [ 92.5100247, 27.2530835 ], [ 92.510492, 27.2533297 ], [ 92.5108762, 27.2531205 ], [ 92.5108659, 27.2529943 ], [ 92.5104609, 27.2528189 ], [ 92.5104747, 27.2526958 ], [ 92.5105993, 27.2525912 ], [ 92.5105716, 27.2524004 ], [ 92.510672, 27.252265 ], [ 92.5110009, 27.2521419 ], [ 92.5110701, 27.2520249 ], [ 92.5108174, 27.2518434 ], [ 92.5108693, 27.2515818 ], [ 92.5109593, 27.251351 ], [ 92.5110805, 27.2512464 ], [ 92.5109939, 27.2510587 ], [ 92.510942, 27.2508217 ], [ 92.5110493, 27.2507263 ], [ 92.511212, 27.2506217 ], [ 92.5112293, 27.2502955 ], [ 92.5114232, 27.2498092 ], [ 92.5115789, 27.2496554 ], [ 92.5121951, 27.2496 ], [ 92.512704, 27.2495046 ], [ 92.5129601, 27.2493661 ], [ 92.5131609, 27.2493815 ], [ 92.5133824, 27.2494984 ], [ 92.5135243, 27.24948 ], [ 92.5137078, 27.2493015 ], [ 92.513964, 27.2493446 ], [ 92.5144243, 27.2494738 ], [ 92.5151167, 27.2493415 ], [ 92.5153763, 27.2490861 ], [ 92.515622, 27.2489445 ], [ 92.5159267, 27.2489168 ], [ 92.516153, 27.2489312 ], [ 92.5162832, 27.2488029 ], [ 92.5162728, 27.2486244 ], [ 92.5164411, 27.248413 ], [ 92.5166051, 27.2480213 ], [ 92.5166571, 27.2476581 ], [ 92.5167159, 27.2475381 ], [ 92.5171105, 27.2475473 ], [ 92.5174255, 27.2474673 ], [ 92.517699, 27.2473042 ], [ 92.5179621, 27.2468241 ], [ 92.518059, 27.2466456 ], [ 92.5181628, 27.2465072 ], [ 92.5181421, 27.2461379 ], [ 92.5181594, 27.2459378 ], [ 92.5182355, 27.2457162 ], [ 92.5182701, 27.245507 ], [ 92.5183982, 27.24539 ], [ 92.5188309, 27.24523 ], [ 92.5189798, 27.2450761 ], [ 92.5190178, 27.2449192 ], [ 92.5189867, 27.2447407 ], [ 92.5189001, 27.2444298 ], [ 92.5189278, 27.2443406 ], [ 92.5191701, 27.2441529 ], [ 92.5194125, 27.2437374 ], [ 92.519634, 27.2433742 ], [ 92.5197932, 27.2431711 ], [ 92.5199628, 27.2430295 ], [ 92.5201117, 27.2429526 ], [ 92.5202571, 27.2430142 ], [ 92.5206032, 27.243482 ], [ 92.5206136, 27.2437866 ], [ 92.520651, 27.24395 ], [ 92.5206179, 27.2441824 ], [ 92.5206222, 27.2444207 ], [ 92.5207231, 27.2445645 ], [ 92.5209936, 27.2446259 ], [ 92.5211739, 27.2446927 ], [ 92.5212911, 27.2448797 ], [ 92.5215465, 27.2449626 ] ] } },
{ "type": "Feature", "properties": { "element": "way", "id": 1169798407, "highway": "tertiary", "ref": null, "ref:old": null, "source": null, "name": null, "name:en": null, "surface": null, "bridge": null, "bridge:structure": null, "layer": null, "name:zh": null, "sidewalk": null, "smoothness": null, "lanes": null, "route": null, "alt_name": null, "service": null, "oneway": null }, "geometry": { "type": "LineString", "coordinates": [ [ 92.5206136, 27.2437866 ], [ 92.5204917, 27.2440515 ], [ 92.5204046, 27.2443053 ], [ 92.5203354, 27.2444683 ], [ 92.5203535, 27.2447809 ], [ 92.5204827, 27.2448744 ], [ 92.5207321, 27.2448664 ], [ 92.5209996, 27.2451282 ], [ 92.5214594, 27.2453179 ], [ 92.5216096, 27.245569 ], [ 92.5216877, 27.2458603 ], [ 92.5219943, 27.2460793 ], [ 92.5220333, 27.2463625 ], [ 92.5219071, 27.2465576 ], [ 92.5216457, 27.2468274 ] ] } },
{ "type": "Feature", "properties": { "element": "way", "id": 1169798408, "highway": "tertiary", "ref": null, "ref:old": null, "source": null, "name": null, "name:en": null, "surface": null, "bridge": null, "bridge:structure": null, "layer": null, "name:zh": null, "sidewalk": null, "smoothness": null, "lanes": null, "route": null, "alt_name": null, "service": null, "oneway": null }, "geometry": { "type": "LineString", "coordinates": [ [ 92.5215465, 27.2449626 ], [ 92.5217569, 27.2451122 ], [ 92.5219101, 27.2452885 ], [ 92.5223549, 27.2456118 ], [ 92.5229198, 27.2456545 ], [ 92.5229769, 27.2457454 ], [ 92.5229138, 27.2460366 ], [ 92.5227305, 27.2462851 ], [ 92.5226614, 27.2465522 ], [ 92.5227606, 27.2467286 ], [ 92.5229499, 27.2468675 ], [ 92.5231903, 27.2471373 ], [ 92.5234037, 27.2475167 ], [ 92.523584, 27.2475862 ], [ 92.5241249, 27.2474419 ], [ 92.5243082, 27.2473965 ], [ 92.5245787, 27.2475381 ], [ 92.5247079, 27.2475087 ], [ 92.5246238, 27.2473858 ], [ 92.5242511, 27.2472335 ], [ 92.5238605, 27.2471801 ], [ 92.5237433, 27.2470839 ], [ 92.5236471, 27.2466831 ], [ 92.5237372, 27.2463919 ], [ 92.5238364, 27.2459458 ], [ 92.5238514, 27.2458309 ], [ 92.5241339, 27.245537 ], [ 92.5243533, 27.2452565 ], [ 92.5244945, 27.2448236 ], [ 92.5244975, 27.2446099 ], [ 92.5245336, 27.2445217 ], [ 92.524753, 27.2445858 ], [ 92.5248551, 27.2447568 ], [ 92.524792, 27.2448771 ], [ 92.5246899, 27.2450507 ], [ 92.524792, 27.2453446 ], [ 92.524771, 27.2455423 ], [ 92.5246388, 27.2457374 ], [ 92.524759, 27.2460713 ], [ 92.5248401, 27.2461087 ], [ 92.5249062, 27.2460045 ], [ 92.5248912, 27.2458015 ], [ 92.5249994, 27.2457855 ], [ 92.5250925, 27.2459003 ], [ 92.5251256, 27.2461461 ], [ 92.525351, 27.246253 ], [ 92.5254291, 27.2461862 ], [ 92.525381, 27.2460927 ], [ 92.5252999, 27.2459404 ], [ 92.5252699, 27.2457053 ], [ 92.5252518, 27.245537 ], [ 92.525342, 27.2454916 ], [ 92.5255163, 27.2455423 ], [ 92.5256725, 27.245724 ], [ 92.5257717, 27.2457774 ], [ 92.5260091, 27.245716 ], [ 92.5262826, 27.2456946 ], [ 92.5266222, 27.2457454 ], [ 92.5272532, 27.2449652 ], [ 92.5274005, 27.2449038 ], [ 92.5275748, 27.2449839 ], [ 92.5279294, 27.2453713 ], [ 92.5280165, 27.2453446 ], [ 92.5279865, 27.2451389 ], [ 92.5278062, 27.244845 ], [ 92.52771, 27.2447168 ], [ 92.5275237, 27.2446152 ], [ 92.5272562, 27.2446152 ], [ 92.5270188, 27.244674 ], [ 92.5268265, 27.2448316 ], [ 92.5266041, 27.2447969 ], [ 92.5266071, 27.2447168 ], [ 92.5268235, 27.2446152 ], [ 92.5269106, 27.2444603 ], [ 92.527136, 27.2443561 ], [ 92.5272592, 27.2442305 ], [ 92.527686, 27.2441717 ], [ 92.5284793, 27.2444469 ], [ 92.5286476, 27.244471 ], [ 92.5286897, 27.2444122 ], [ 92.528317, 27.2442118 ], [ 92.5283321, 27.2440969 ] ] } },
{ "type": "Feature", "properties": { "element": "way", "id": 1169798409, "highway": "residential", "ref": null, "ref:old": null, "source": null, "name": null, "name:en": null, "surface": null, "bridge": null, "bridge:structure": null, "layer": null, "name:zh": null, "sidewalk": null, "smoothness": null, "lanes": null, "route": null, "alt_name": null, "service": null, "oneway": null }, "geometry": { "type": "LineString", "coordinates": [ [ 92.5283321, 27.2440969 ], [ 92.5283841, 27.244035 ], [ 92.5283721, 27.2438961 ], [ 92.5281407, 27.2437198 ], [ 92.5278312, 27.243669 ], [ 92.5275968, 27.2436984 ], [ 92.5273203, 27.2436022 ], [ 92.5271701, 27.2437224 ] ] } },
{ "type": "Feature", "properties": { "element": "way", "id": 1169798410, "highway": "path", "ref": null, "ref:old": null, "source": null, "name": null, "name:en": null, "surface": null, "bridge": null, "bridge:structure": null, "layer": null, "name:zh": null, "sidewalk": null, "smoothness": null, "lanes": null, "route": null, "alt_name": null, "service": null, "oneway": null }, "geometry": { "type": "LineString", "coordinates": [ [ 92.5283841, 27.244035 ], [ 92.5284989, 27.2439145 ], [ 92.5286235, 27.243842 ], [ 92.5288024, 27.2437615 ], [ 92.52885, 27.2437273 ], [ 92.5289043, 27.2435783 ], [ 92.5289247, 27.243546 ], [ 92.5290946, 27.24354 ], [ 92.5291444, 27.243395 ] ] } },
{ "type": "Feature", "properties": { "element": "way", "id": 1169798411, "highway": "path", "ref": null, "ref:old": null, "source": null, "name": null, "name:en": null, "surface": null, "bridge": null, "bridge:structure": null, "layer": null, "name:zh": null, "sidewalk": null, "smoothness": null, "lanes": null, "route": null, "alt_name": null, "service": null, "oneway": null }, "geometry": { "type": "LineString", "coordinates": [ [ 92.5288024, 27.2437615 ], [ 92.5288953, 27.2438924 ], [ 92.5288454, 27.2439508 ], [ 92.5287752, 27.2440374 ], [ 92.528739, 27.2441139 ], [ 92.5287616, 27.2442246 ] ] } },
{ "type": "Feature", "properties": { "element": "way", "id": 1169798412, "highway": "unclassified", "ref": null, "ref:old": null, "source": null, "name": null, "name:en": null, "surface": null, "bridge": null, "bridge:structure": null, "layer": null, "name:zh": null, "sidewalk": null, "smoothness": null, "lanes": null, "route": null, "alt_name": null, "service": null, "oneway": null }, "geometry": { "type": "LineString", "coordinates": [ [ 92.5283321, 27.2440969 ], [ 92.5284944, 27.244128 ], [ 92.5286393, 27.2441924 ], [ 92.5287616, 27.2442246 ], [ 92.5288681, 27.2442951 ], [ 92.5289474, 27.2444079 ], [ 92.5290742, 27.2443656 ], [ 92.5290221, 27.2441662 ], [ 92.5290244, 27.2439689 ], [ 92.5290946, 27.2438763 ], [ 92.5291557, 27.2440212 ], [ 92.5292282, 27.2441501 ], [ 92.5293822, 27.2441642 ], [ 92.5296155, 27.2442186 ], [ 92.52962, 27.2441622 ], [ 92.5294569, 27.2440515 ], [ 92.5295272, 27.2439165 ], [ 92.5297151, 27.2438521 ], [ 92.5298714, 27.2438642 ], [ 92.5300685, 27.2438944 ], [ 92.5303425, 27.2437816 ], [ 92.5302791, 27.2437273 ], [ 92.5300956, 27.2437393 ], [ 92.5300549, 27.2436085 ], [ 92.5299779, 27.243103 ], [ 92.5298986, 27.2429057 ], [ 92.5297944, 27.2428372 ], [ 92.5297378, 27.2427366 ], [ 92.529611, 27.242654 ], [ 92.5296064, 27.2424869 ], [ 92.529466, 27.2423137 ], [ 92.5294252, 27.2421204 ], [ 92.5294977, 27.2419714 ], [ 92.5294388, 27.2417358 ], [ 92.5294298, 27.2415062 ], [ 92.5294705, 27.2414458 ], [ 92.5297038, 27.2415465 ], [ 92.5297899, 27.2416854 ], [ 92.5301794, 27.2419553 ], [ 92.530304, 27.241917 ], [ 92.5303312, 27.2418002 ], [ 92.5300345, 27.2414861 ], [ 92.53003, 27.2413914 ], [ 92.5302927, 27.2413995 ], [ 92.5309178, 27.2418707 ], [ 92.5310424, 27.2418848 ], [ 92.5311361, 27.2417022 ], [ 92.5310409, 27.2414277 ], [ 92.5309534, 27.2412584 ], [ 92.5325255, 27.2409542 ], [ 92.5332819, 27.2405973 ], [ 92.5338686, 27.241096 ], [ 92.5341516, 27.2408535 ], [ 92.5345761, 27.2400506 ], [ 92.5353557, 27.2397829 ], [ 92.5357057, 27.2396594 ], [ 92.5359835, 27.2393391 ], [ 92.5365316, 27.2390029 ], [ 92.5367251, 27.2386907 ], [ 92.5369463, 27.2384917 ], [ 92.5380398, 27.2382263 ], [ 92.538171, 27.2380525 ], [ 92.5374789, 27.2374714 ], [ 92.5371034, 27.2372615 ], [ 92.536599, 27.2369796 ], [ 92.5365913, 27.2367485 ], [ 92.5367636, 27.2366273 ], [ 92.5367611, 27.2364831 ], [ 92.5364755, 27.2364603 ], [ 92.5362027, 27.2365289 ], [ 92.535876, 27.2364946 ], [ 92.5356418, 27.2364237 ], [ 92.5353845, 27.2364008 ], [ 92.5351092, 27.2363024 ], [ 92.5337662, 27.2359982 ], [ 92.5331847, 27.2359181 ] ] } },
{ "type": "Feature", "properties": { "element": "way", "id": 1169798413, "highway": "unclassified", "ref": null, "ref:old": null, "source": null, "name": null, "name:en": null, "surface": null, "bridge": null, "bridge:structure": null, "layer": null, "name:zh": null, "sidewalk": null, "smoothness": null, "lanes": null, "route": null, "alt_name": null, "service": null, "oneway": null }, "geometry": { "type": "LineString", "coordinates": [ [ 92.5371034, 27.2372615 ], [ 92.5373234, 27.2368184 ], [ 92.5373208, 27.2365393 ], [ 92.5376913, 27.2364753 ], [ 92.537856, 27.2361276 ], [ 92.5381904, 27.2359125 ], [ 92.5382702, 27.2356128 ], [ 92.538476, 27.235256 ], [ 92.538669, 27.2349769 ], [ 92.5391296, 27.2346589 ], [ 92.5392479, 27.2343752 ], [ 92.5392428, 27.2341739 ], [ 92.5389417, 27.2340846 ], [ 92.5390369, 27.2338856 ], [ 92.5392248, 27.2337598 ], [ 92.5393045, 27.2335974 ], [ 92.5391399, 27.2334098 ], [ 92.5393972, 27.2330186 ], [ 92.5395695, 27.23268 ], [ 92.5394306, 27.232497 ], [ 92.5395335, 27.2322911 ], [ 92.5399761, 27.2320188 ], [ 92.5401382, 27.2318244 ], [ 92.5402668, 27.231575 ], [ 92.540519, 27.2313965 ], [ 92.54082, 27.2309733 ], [ 92.5410104, 27.2308406 ], [ 92.5411828, 27.2304402 ], [ 92.5415533, 27.2302778 ], [ 92.5418415, 27.2300582 ], [ 92.542212, 27.2297928 ], [ 92.5422763, 27.2295915 ], [ 92.5424667, 27.2296029 ], [ 92.542724, 27.2294725 ] ] } },
{ "type": "Feature", "properties": { "element": "way", "id": 1170044273, "highway": "tertiary", "ref": null, "ref:old": null, "source": null, "name": null, "name:en": null, "surface": null, "bridge": null, "bridge:structure": null, "layer": null, "name:zh": null, "sidewalk": null, "smoothness": null, "lanes": null, "route": null, "alt_name": null, "service": null, "oneway": null }, "geometry": { "type": "LineString", "coordinates": [ [ 92.5216457, 27.2468274 ], [ 92.5215128, 27.2470531 ], [ 92.521332, 27.2472455 ], [ 92.5212609, 27.2476486 ], [ 92.5212223, 27.24792 ], [ 92.5212698, 27.2480149 ], [ 92.521412, 27.2480992 ], [ 92.5217025, 27.2481545 ], [ 92.5221678, 27.2482309 ], [ 92.5225205, 27.2484601 ], [ 92.5227042, 27.2486077 ], [ 92.5228672, 27.2489871 ], [ 92.5226746, 27.2494456 ], [ 92.5225916, 27.2496353 ], [ 92.5226005, 27.2501016 ], [ 92.5225412, 27.2503414 ], [ 92.5223782, 27.2506102 ], [ 92.522473, 27.2507498 ], [ 92.5226538, 27.2508974 ], [ 92.5227694, 27.2509158 ], [ 92.5229502, 27.2508974 ], [ 92.5231191, 27.2509711 ], [ 92.523211, 27.2510265 ], [ 92.5233147, 27.2511213 ], [ 92.5233681, 27.2512478 ], [ 92.5233681, 27.2514138 ], [ 92.523294, 27.2515798 ], [ 92.523134, 27.2517537 ], [ 92.5230599, 27.2519987 ], [ 92.5229532, 27.252494 ], [ 92.5227724, 27.2526916 ], [ 92.5225323, 27.2528207 ], [ 92.5223634, 27.2529182 ], [ 92.5222567, 27.2530289 ], [ 92.5222448, 27.2531554 ], [ 92.5223693, 27.2533134 ], [ 92.5224671, 27.2535453 ], [ 92.5225027, 27.2537719 ], [ 92.5223841, 27.2539616 ], [ 92.5222182, 27.2540933 ], [ 92.5221648, 27.2541908 ], [ 92.5221352, 27.2543436 ], [ 92.5221263, 27.2544385 ], [ 92.5221767, 27.2545491 ], [ 92.5222063, 27.2546466 ], [ 92.5221589, 27.2547731 ], [ 92.5220166, 27.2548995 ], [ 92.5219485, 27.2550234 ], [ 92.5219751, 27.2551024 ], [ 92.5221174, 27.2551683 ], [ 92.5222863, 27.2551999 ], [ 92.5225886, 27.2551367 ], [ 92.5229235, 27.2550787 ], [ 92.5230569, 27.255163 ], [ 92.5231102, 27.2552447 ], [ 92.523211, 27.2554028 ], [ 92.5234333, 27.2554634 ], [ 92.5235904, 27.2555371 ], [ 92.5236734, 27.2556294 ], [ 92.5237445, 27.2559429 ], [ 92.5238275, 27.2560878 ], [ 92.5239016, 27.2561379 ], [ 92.524032, 27.2560957 ], [ 92.5242572, 27.2559455 ], [ 92.5243936, 27.2557216 ], [ 92.524518, 27.2555451 ], [ 92.5246751, 27.2555082 ], [ 92.5248915, 27.2555108 ], [ 92.5250337, 27.255603 ], [ 92.5250722, 27.2557453 ], [ 92.525096, 27.2558507 ], [ 92.525173, 27.2558928 ], [ 92.5253627, 27.2558823 ], [ 92.5254931, 27.2559086 ], [ 92.5257628, 27.2561642 ], [ 92.5258043, 27.2563012 ], [ 92.5257243, 27.2564751 ], [ 92.5256857, 27.2566068 ], [ 92.5257687, 27.256757 ], [ 92.5259673, 27.2569177 ], [ 92.526157, 27.257276 ], [ 92.526074, 27.2574051 ], [ 92.5259969, 27.2574525 ], [ 92.5260118, 27.2575764 ], [ 92.5261244, 27.2576607 ], [ 92.5262659, 27.2577169 ], [ 92.5263298, 27.2578437 ], [ 92.52634, 27.25809 ], [ 92.5261807, 27.2582429 ], [ 92.5259851, 27.258322 ], [ 92.5258013, 27.2583378 ], [ 92.5253627, 27.2584511 ], [ 92.5251878, 27.2586777 ], [ 92.52501, 27.2587725 ], [ 92.5247937, 27.2589332 ], [ 92.5242513, 27.2591229 ], [ 92.5234837, 27.2596287 ], [ 92.5228643, 27.2597736 ], [ 92.5224807, 27.259903 ], [ 92.522293, 27.2599992 ], [ 92.522233, 27.2600898 ], [ 92.5223367, 27.2602084 ], [ 92.5225442, 27.2602769 ], [ 92.5229917, 27.2602584 ], [ 92.5231577, 27.2603243 ], [ 92.5233414, 27.2605192 ], [ 92.5236968, 27.261203 ], [ 92.5237741, 27.2612727 ], [ 92.5239075, 27.2612595 ], [ 92.524109, 27.26117 ], [ 92.5243995, 27.2611673 ], [ 92.524687, 27.2612885 ], [ 92.5252738, 27.2615915 ], [ 92.5255346, 27.2616337 ], [ 92.5256739, 27.2617085 ], [ 92.5257933, 27.2618566 ], [ 92.5258738, 27.2620282 ], [ 92.5258819, 27.2622666 ], [ 92.5258399, 27.2625241 ], [ 92.5257332, 27.262864 ], [ 92.5257391, 27.2629746 ], [ 92.5258784, 27.2630326 ], [ 92.5260829, 27.263001 ], [ 92.5262133, 27.2629904 ], [ 92.5262755, 27.263001 ], [ 92.5263822, 27.2631406 ], [ 92.5263733, 27.2633514 ], [ 92.5262459, 27.2635279 ], [ 92.5257035, 27.2638124 ], [ 92.525176, 27.2641944 ], [ 92.5247699, 27.264442 ], [ 92.5241891, 27.2646897 ], [ 92.5235607, 27.2651797 ], [ 92.5230238, 27.2654116 ], [ 92.5225496, 27.2658437 ], [ 92.5224548, 27.266007 ], [ 92.5224962, 27.2661862 ], [ 92.5222384, 27.266584 ], [ 92.522105, 27.2668737 ], [ 92.5220487, 27.2673058 ], [ 92.5218561, 27.2676325 ], [ 92.5217197, 27.267967 ], [ 92.5217197, 27.2680987 ], [ 92.5217257, 27.2682173 ], [ 92.5216427, 27.2683859 ], [ 92.5214412, 27.2685729 ], [ 92.5213789, 27.26881 ], [ 92.5211742, 27.2690311 ], [ 92.5211596, 27.2690895 ], [ 92.5212052, 27.269128 ], [ 92.5213019, 27.2691235 ], [ 92.5214975, 27.2689918 ], [ 92.5215656, 27.268839 ], [ 92.5216219, 27.2686388 ], [ 92.5217168, 27.2685334 ], [ 92.5219598, 27.2683148 ], [ 92.5221198, 27.2680223 ], [ 92.5222206, 27.2678748 ], [ 92.5223777, 27.2675877 ], [ 92.5225792, 27.2672162 ], [ 92.5227274, 27.2670134 ], [ 92.5230001, 27.2667894 ], [ 92.5231868, 27.2665576 ], [ 92.523335, 27.2664838 ], [ 92.5234239, 27.2662705 ], [ 92.5237825, 27.266094 ], [ 92.5241382, 27.2659464 ], [ 92.5253296, 27.2656514 ], [ 92.5259401, 27.2653431 ], [ 92.5261179, 27.2651087 ], [ 92.526201, 27.26503 ], [ 92.5262578, 27.265001 ], [ 92.526311, 27.2650063 ], [ 92.5263299, 27.2650516 ], [ 92.5262943, 27.2651579 ], [ 92.5261387, 27.2653747 ], [ 92.5258364, 27.2656777 ], [ 92.5255341, 27.2657884 ], [ 92.5253118, 27.2658305 ], [ 92.5250895, 27.2660228 ], [ 92.5246776, 27.2661361 ], [ 92.5244464, 27.2662705 ], [ 92.5243397, 27.2664654 ], [ 92.524153, 27.2666156 ], [ 92.5237677, 27.2667025 ], [ 92.5236699, 27.266771 ], [ 92.5233883, 27.2670845 ], [ 92.5233172, 27.2675007 ], [ 92.5232342, 27.2678959 ], [ 92.5231008, 27.2681936 ], [ 92.523003, 27.2683306 ], [ 92.522923, 27.2684623 ], [ 92.5227956, 27.268673 ], [ 92.522683, 27.2688232 ], [ 92.5226059, 27.2690577 ], [ 92.5226118, 27.2691867 ], [ 92.5226652, 27.2692526 ], [ 92.5227482, 27.2692184 ], [ 92.5228015, 27.2690287 ], [ 92.5228578, 27.2688153 ], [ 92.5230623, 27.2685466 ], [ 92.5233765, 27.2681646 ], [ 92.5236165, 27.2679907 ], [ 92.5237143, 27.2676535 ], [ 92.5238507, 27.2673374 ], [ 92.5239781, 27.2671108 ], [ 92.5241767, 27.2671135 ], [ 92.5244671, 27.2671899 ], [ 92.524645, 27.2671372 ], [ 92.5248317, 27.2670002 ], [ 92.5250954, 27.2667921 ], [ 92.525294, 27.2666208 ], [ 92.5253856, 27.2665606 ], [ 92.5254677, 27.2665443 ], [ 92.5255224, 27.2665964 ], [ 92.5255221, 27.2666684 ], [ 92.5253533, 27.2669238 ], [ 92.5252792, 27.2670239 ], [ 92.5251903, 27.267232 ], [ 92.5251043, 27.2673374 ], [ 92.5247902, 27.267535 ], [ 92.5244731, 27.2676509 ], [ 92.5242686, 27.2679064 ], [ 92.5241945, 27.2681198 ], [ 92.5240522, 27.2683754 ], [ 92.5239633, 27.2686572 ], [ 92.523827, 27.2688548 ], [ 92.5237795, 27.2689813 ], [ 92.5237381, 27.2693738 ], [ 92.5235454, 27.2696688 ], [ 92.5231275, 27.2699349 ], [ 92.5228193, 27.2701035 ], [ 92.5226978, 27.2703248 ], [ 92.5226474, 27.2706304 ], [ 92.522677, 27.2708648 ], [ 92.5224636, 27.2711757 ], [ 92.5222858, 27.2714365 ], [ 92.5223718, 27.2717499 ], [ 92.5225526, 27.2721267 ], [ 92.522351, 27.272506 ], [ 92.5224103, 27.2727378 ], [ 92.5224251, 27.2731145 ], [ 92.5222325, 27.2735518 ], [ 92.5221436, 27.27381 ], [ 92.5222236, 27.2740233 ], [ 92.5222414, 27.2743895 ], [ 92.5225259, 27.2746266 ], [ 92.5229734, 27.2749743 ], [ 92.5231601, 27.2751034 ], [ 92.5232164, 27.2754326 ], [ 92.5232609, 27.2755538 ], [ 92.5234654, 27.2756882 ], [ 92.5234923, 27.2757836 ] ] } },
{ "type": "Feature", "properties": { "element": "way", "id": 1170044274, "highway": "unclassified", "ref": null, "ref:old": null, "source": null, "name": null, "name:en": null, "surface": null, "bridge": null, "bridge:structure": null, "layer": null, "name:zh": null, "sidewalk": null, "smoothness": null, "lanes": null, "route": null, "alt_name": null, "service": null, "oneway": null }, "geometry": { "type": "LineString", "coordinates": [ [ 92.5218174, 27.279685 ], [ 92.5221257, 27.2795908 ], [ 92.5224779, 27.2795004 ], [ 92.5227112, 27.2794127 ], [ 92.5228301, 27.2794099 ], [ 92.5233675, 27.2800823 ], [ 92.5238058, 27.280138 ], [ 92.5239467, 27.2799664 ], [ 92.5243432, 27.2795305 ], [ 92.5246719, 27.2794424 ], [ 92.5250685, 27.2797577 ], [ 92.5253607, 27.2798133 ], [ 92.5255903, 27.2797809 ], [ 92.526352, 27.2800638 ], [ 92.5268947, 27.2802678 ], [ 92.5271712, 27.2805832 ], [ 92.5275496, 27.2805979 ], [ 92.528252, 27.2806638 ], [ 92.5287381, 27.2806954 ], [ 92.52915, 27.2807455 ], [ 92.5294701, 27.2808587 ], [ 92.5295768, 27.2807455 ], [ 92.5292182, 27.2804979 ], [ 92.5287588, 27.2802107 ], [ 92.5284743, 27.2799789 ], [ 92.5279675, 27.2798736 ], [ 92.5275496, 27.279302 ], [ 92.5274103, 27.2790201 ], [ 92.5271258, 27.2787435 ], [ 92.5268857, 27.2783168 ], [ 92.5267849, 27.2781061 ], [ 92.5268976, 27.2778716 ], [ 92.5264975, 27.277516 ], [ 92.5262515, 27.2772025 ], [ 92.5261833, 27.2767047 ], [ 92.5258988, 27.2764571 ], [ 92.5256232, 27.2761884 ], [ 92.5255728, 27.2760014 ], [ 92.5256024, 27.2757274 ], [ 92.5253031, 27.2752822 ], [ 92.5250838, 27.2749503 ], [ 92.5248644, 27.2748212 ], [ 92.5246007, 27.2747264 ], [ 92.5244377, 27.2746368 ], [ 92.5243636, 27.2746395 ], [ 92.5244377, 27.2747448 ], [ 92.5247696, 27.2749345 ], [ 92.5249504, 27.2750715 ], [ 92.5251015, 27.2754166 ], [ 92.5251845, 27.2757774 ], [ 92.5251104, 27.2763596 ], [ 92.5252616, 27.2766757 ], [ 92.5253327, 27.2770656 ], [ 92.5253031, 27.2773527 ], [ 92.5250541, 27.2773 ], [ 92.5245029, 27.2768627 ], [ 92.5241483, 27.2762311 ] ] } },
{ "type": "Feature", "properties": { "element": "way", "id": 1170044275, "highway": "tertiary", "ref": null, "ref:old": null, "source": null, "name": null, "name:en": null, "surface": null, "bridge": null, "bridge:structure": null, "layer": null, "name:zh": null, "sidewalk": null, "smoothness": null, "lanes": null, "route": null, "alt_name": null, "service": null, "oneway": null }, "geometry": { "type": "LineString", "coordinates": [ [ 92.5218174, 27.279685 ], [ 92.5221813, 27.280157 ], [ 92.5223739, 27.2807181 ], [ 92.5228718, 27.2811474 ], [ 92.5232897, 27.2814187 ], [ 92.5236068, 27.2817006 ], [ 92.524001, 27.2818955 ], [ 92.5239299, 27.2821089 ], [ 92.5236187, 27.2823775 ], [ 92.5233964, 27.282986 ], [ 92.5231771, 27.2829913 ], [ 92.5230615, 27.2831756 ], [ 92.5230618, 27.2834526 ], [ 92.5231131, 27.2835342 ], [ 92.5232586, 27.2835311 ], [ 92.5235201, 27.2834345 ], [ 92.5238439, 27.283231 ], [ 92.5240622, 27.2831812 ], [ 92.524251, 27.2830531 ], [ 92.5243288, 27.2830257 ], [ 92.5243989, 27.2830415 ], [ 92.5244361, 27.2830901 ], [ 92.5244244, 27.2831543 ], [ 92.5242766, 27.2832494 ], [ 92.5239328, 27.2835707 ], [ 92.5233401, 27.2839843 ], [ 92.5231208, 27.2843557 ], [ 92.5228214, 27.2845032 ], [ 92.522777, 27.2846454 ], [ 92.5225339, 27.2848509 ], [ 92.5223226, 27.2851178 ], [ 92.522228, 27.2851978 ], [ 92.5221308, 27.2852117 ], [ 92.5220543, 27.285183 ], [ 92.5220262, 27.2851187 ], [ 92.5220686, 27.2849562 ], [ 92.5220064, 27.2841792 ], [ 92.522039, 27.2839421 ], [ 92.5219619, 27.2838262 ], [ 92.5219081, 27.2838005 ], [ 92.5218609, 27.2838083 ], [ 92.5218223, 27.2838469 ], [ 92.5218263, 27.283897 ], [ 92.5218908, 27.2840133 ], [ 92.5218938, 27.2842082 ], [ 92.5218286, 27.2843636 ], [ 92.5218612, 27.2845427 ], [ 92.5216448, 27.284922 ], [ 92.5215203, 27.2851696 ], [ 92.5215233, 27.2853513 ], [ 92.5212299, 27.2856648 ], [ 92.5211262, 27.2858175 ], [ 92.5212714, 27.2859861 ], [ 92.5214818, 27.286268 ], [ 92.5214255, 27.286455 ], [ 92.5212684, 27.2865788 ], [ 92.5211854, 27.2866578 ], [ 92.5211736, 27.286771 ], [ 92.5213781, 27.2868975 ], [ 92.521633, 27.2868948 ], [ 92.5218878, 27.286908 ], [ 92.522036, 27.2869897 ], [ 92.5223443, 27.287203 ], [ 92.5225191, 27.2872056 ], [ 92.5228125, 27.2870186 ], [ 92.5229518, 27.2869581 ], [ 92.5231949, 27.2869238 ], [ 92.5234349, 27.2865287 ], [ 92.5234497, 27.286289 ], [ 92.5236068, 27.286023 ], [ 92.523677, 27.2859327 ], [ 92.5237361, 27.2858922 ], [ 92.5237758, 27.2858939 ], [ 92.5238058, 27.2859387 ], [ 92.5238024, 27.2859888 ], [ 92.5236335, 27.286239 ], [ 92.5235979, 27.2864128 ], [ 92.5236898, 27.2869001 ], [ 92.5235179, 27.2871872 ], [ 92.5231949, 27.2873505 ], [ 92.5231445, 27.2875718 ], [ 92.5232038, 27.2879484 ], [ 92.5230852, 27.2882408 ], [ 92.5229341, 27.288354 ] ] } },
{ "type": "Feature", "properties": { "element": "way", "id": 1170473364, "highway": "tertiary", "ref": null, "ref:old": null, "source": null, "name": null, "name:en": null, "surface": null, "bridge": null, "bridge:structure": null, "layer": null, "name:zh": null, "sidewalk": null, "smoothness": null, "lanes": null, "route": null, "alt_name": null, "service": null, "oneway": null }, "geometry": { "type": "LineString", "coordinates": [ [ 92.5229341, 27.288354 ], [ 92.522642, 27.2883575 ], [ 92.52165, 27.287884 ], [ 92.5210299, 27.2876187 ], [ 92.5201021, 27.287786 ], [ 92.5197485, 27.2878922 ], [ 92.5195234, 27.2877738 ], [ 92.5195005, 27.2875493 ], [ 92.5194453, 27.2872146 ], [ 92.5192754, 27.2868799 ], [ 92.5192019, 27.2866676 ], [ 92.5191284, 27.2865656 ], [ 92.5189998, 27.2865166 ], [ 92.5189327, 27.2865259 ], [ 92.5188874, 27.2865763 ], [ 92.5189034, 27.286639 ], [ 92.5190595, 27.2867533 ], [ 92.5191652, 27.2869492 ], [ 92.5192157, 27.287288 ], [ 92.5191927, 27.2875289 ], [ 92.5189585, 27.2878595 ], [ 92.5188666, 27.2880554 ], [ 92.5188299, 27.2883126 ], [ 92.5189309, 27.2884799 ], [ 92.519156, 27.2886024 ], [ 92.519505, 27.2888514 ], [ 92.5202537, 27.2890228 ], [ 92.5205846, 27.289141 ], [ 92.5206402, 27.2891796 ], [ 92.5206212, 27.2892453 ], [ 92.5204328, 27.2893983 ], [ 92.5201756, 27.2896718 ], [ 92.5198449, 27.2896351 ], [ 92.5196474, 27.2898677 ], [ 92.5194545, 27.2899412 ], [ 92.5190503, 27.2898759 ], [ 92.5187564, 27.2898024 ], [ 92.5184624, 27.2898106 ], [ 92.518242, 27.289929 ], [ 92.5179159, 27.2900065 ], [ 92.5176954, 27.2900228 ], [ 92.5175485, 27.2899453 ], [ 92.5174153, 27.2899126 ], [ 92.5172591, 27.2899698 ], [ 92.5170662, 27.2900882 ], [ 92.5169146, 27.2901453 ], [ 92.5168044, 27.2900514 ], [ 92.5166436, 27.2897534 ], [ 92.5166161, 27.2896473 ], [ 92.516639, 27.289333 ], [ 92.5166758, 27.28908 ], [ 92.5166345, 27.2889044 ], [ 92.5165288, 27.2886799 ], [ 92.5165288, 27.2885697 ], [ 92.5167079, 27.288435 ], [ 92.5168182, 27.2881411 ], [ 92.5168687, 27.2877289 ], [ 92.5168044, 27.287435 ], [ 92.5166758, 27.2872595 ], [ 92.5165931, 27.2871207 ], [ 92.5165977, 27.2869574 ], [ 92.5165679, 27.2869208 ], [ 92.5165196, 27.2868962 ], [ 92.5164565, 27.2869125 ], [ 92.5164215, 27.2869698 ], [ 92.5164324, 27.2871574 ], [ 92.5164645, 27.2873656 ], [ 92.5164507, 27.287684 ], [ 92.5163772, 27.2880105 ], [ 92.5163359, 27.288186 ], [ 92.5162849, 27.2882259 ], [ 92.5162299, 27.2882367 ], [ 92.5161749, 27.2882152 ], [ 92.5161476, 27.2881616 ], [ 92.5161384, 27.2879983 ], [ 92.5160971, 27.2878677 ], [ 92.5160368, 27.2878421 ], [ 92.5159811, 27.2878456 ], [ 92.5159362, 27.2878779 ], [ 92.5159134, 27.2880105 ], [ 92.5158674, 27.2883371 ], [ 92.5158904, 27.2886391 ], [ 92.5157724, 27.2891897 ], [ 92.5157618, 27.2892391 ], [ 92.5156332, 27.2896759 ], [ 92.5155321, 27.2899779 ], [ 92.515206, 27.2902392 ], [ 92.5152015, 27.2904514 ], [ 92.5151739, 27.2906392 ], [ 92.5150407, 27.2908106 ], [ 92.515004, 27.2912147 ], [ 92.5150774, 27.2913412 ], [ 92.5153438, 27.2914923 ], [ 92.5156148, 27.2917739 ], [ 92.5159593, 27.2920433 ], [ 92.5161063, 27.2922678 ], [ 92.5165013, 27.2923168 ], [ 92.5167906, 27.2922229 ], [ 92.5170386, 27.2920351 ], [ 92.5171397, 27.2920188 ], [ 92.5172683, 27.2921045 ], [ 92.5174198, 27.2922433 ], [ 92.5177046, 27.2922841 ], [ 92.5179756, 27.292178 ], [ 92.5182144, 27.2921249 ], [ 92.5185405, 27.2921576 ], [ 92.5186645, 27.2922392 ], [ 92.5186801, 27.292321 ], [ 92.5186532, 27.2923588 ], [ 92.5183568, 27.2923943 ], [ 92.5180169, 27.2924678 ], [ 92.5177505, 27.2925698 ], [ 92.517576, 27.2926964 ], [ 92.5173684, 27.292814 ], [ 92.517339, 27.2928538 ], [ 92.5173363, 27.2928907 ], [ 92.5173698, 27.2929336 ], [ 92.5174382, 27.2929576 ], [ 92.5178378, 27.2929617 ], [ 92.5183844, 27.2929617 ], [ 92.5188712, 27.2929617 ], [ 92.5192846, 27.2930147 ], [ 92.5199184, 27.2933004 ], [ 92.5205247, 27.2933004 ], [ 92.5211034, 27.2933739 ], [ 92.5215305, 27.2935494 ], [ 92.5219485, 27.2937535 ], [ 92.5223573, 27.2939249 ], [ 92.5228855, 27.2941168 ], [ 92.523184, 27.2944637 ], [ 92.5234825, 27.294631 ], [ 92.5241531, 27.2946759 ], [ 92.5245022, 27.2946637 ], [ 92.524741, 27.2946474 ], [ 92.5248145, 27.2948963 ], [ 92.5251406, 27.2950596 ], [ 92.5253565, 27.2951004 ], [ 92.5258755, 27.2954351 ], [ 92.5262429, 27.2955453 ], [ 92.5266838, 27.2955984 ], [ 92.5270375, 27.2957126 ], [ 92.5273177, 27.2959535 ], [ 92.5275841, 27.2962596 ], [ 92.5278872, 27.2965453 ], [ 92.5280709, 27.2965575 ], [ 92.5283603, 27.2964963 ], [ 92.5285072, 27.2964963 ], [ 92.5287786, 27.2966007 ], [ 92.5288016, 27.2966228 ], [ 92.5288001, 27.2966544 ], [ 92.5287644, 27.2967208 ], [ 92.5285072, 27.2968187 ], [ 92.5284728, 27.2969106 ], [ 92.5284927, 27.2969419 ], [ 92.5288655, 27.2970718 ], [ 92.5293064, 27.2971942 ], [ 92.5296325, 27.2973289 ], [ 92.5299999, 27.2974024 ], [ 92.5305878, 27.2975044 ], [ 92.5310793, 27.2977167 ], [ 92.5311114, 27.2978105 ], [ 92.531534, 27.2979779 ], [ 92.5318509, 27.2983126 ], [ 92.532076, 27.2986554 ], [ 92.532177, 27.2989737 ], [ 92.5322689, 27.2991901 ], [ 92.5324985, 27.2992758 ], [ 92.5327144, 27.2992513 ], [ 92.5328384, 27.2992145 ] ] } },
{ "type": "Feature", "properties": { "element": "way", "id": 1170473365, "highway": "tertiary", "ref": null, "ref:old": null, "source": null, "name": null, "name:en": null, "surface": null, "bridge": null, "bridge:structure": null, "layer": null, "name:zh": null, "sidewalk": null, "smoothness": null, "lanes": null, "route": null, "alt_name": null, "service": null, "oneway": null }, "geometry": { "type": "LineString", "coordinates": [ [ 92.5234923, 27.2757836 ], [ 92.523284, 27.2759179 ], [ 92.5226631, 27.2761265 ], [ 92.5201002, 27.27922 ], [ 92.5198469, 27.2794702 ], [ 92.5198275, 27.2795341 ], [ 92.5198697, 27.2795715 ], [ 92.5199354, 27.2795846 ], [ 92.5200829, 27.2795512 ], [ 92.5203986, 27.2794238 ], [ 92.5206334, 27.2795212 ], [ 92.5214735, 27.2797902 ], [ 92.5218174, 27.279685 ] ] } },
{ "type": "Feature", "properties": { "element": "way", "id": 1170473366, "highway": "tertiary", "ref": null, "ref:old": null, "source": null, "name": null, "name:en": null, "surface": null, "bridge": null, "bridge:structure": null, "layer": null, "name:zh": null, "sidewalk": null, "smoothness": null, "lanes": null, "route": null, "alt_name": null, "service": null, "oneway": null }, "geometry": { "type": "LineString", "coordinates": [ [ 92.5157724, 27.2891897 ], [ 92.5157057, 27.2889993 ], [ 92.5157057, 27.2888399 ], [ 92.5156738, 27.2886769 ], [ 92.5155582, 27.2885918 ], [ 92.5154266, 27.2885493 ], [ 92.5153764, 27.2885857 ], [ 92.5153708, 27.2886308 ], [ 92.5155236, 27.2888362 ], [ 92.515502, 27.288877 ], [ 92.5153269, 27.2889178 ], [ 92.515213, 27.2889043 ], [ 92.515155, 27.2889463 ], [ 92.5151554, 27.2890489 ], [ 92.5152312, 27.2892084 ], [ 92.5152272, 27.2893041 ], [ 92.5151594, 27.2894104 ], [ 92.5150757, 27.2894246 ], [ 92.5148723, 27.2892084 ], [ 92.5146331, 27.2891553 ], [ 92.5145055, 27.2894281 ], [ 92.5141945, 27.2896903 ], [ 92.5138117, 27.290112 ], [ 92.5135366, 27.2902856 ], [ 92.5131817, 27.2903459 ], [ 92.513086, 27.2904026 ], [ 92.5130262, 27.29064 ], [ 92.5132016, 27.2909341 ], [ 92.513078, 27.2911892 ] ] } },
{ "type": "Feature", "properties": { "element": "way", "id": 1170473368, "highway": "unclassified", "ref": null, "ref:old": null, "source": null, "name": null, "name:en": null, "surface": null, "bridge": null, "bridge:structure": null, "layer": null, "name:zh": null, "sidewalk": null, "smoothness": null, "lanes": null, "route": null, "alt_name": null, "service": null, "oneway": null }, "geometry": { "type": "LineString", "coordinates": [ [ 92.5328384, 27.2992145 ], [ 92.5333428, 27.2994546 ], [ 92.5335291, 27.2995881 ], [ 92.5334991, 27.2996575 ], [ 92.5332887, 27.2996575 ], [ 92.5331595, 27.2996468 ], [ 92.5330783, 27.2997189 ], [ 92.5331204, 27.2998231 ], [ 92.5333127, 27.2998872 ], [ 92.5336012, 27.2999085 ], [ 92.5337846, 27.2999112 ], [ 92.5341241, 27.3001275 ], [ 92.5343615, 27.3003919 ], [ 92.5344337, 27.3006135 ], [ 92.5344427, 27.3006643 ], [ 92.5350497, 27.3011342 ], [ 92.5354013, 27.3013532 ], [ 92.5355786, 27.3014947 ], [ 92.5355996, 27.3016496 ], [ 92.5357289, 27.301954 ], [ 92.535828, 27.3024133 ], [ 92.53581, 27.3026563 ], [ 92.5358971, 27.3030195 ], [ 92.5360504, 27.30338 ], [ 92.536369, 27.3036791 ], [ 92.5371353, 27.3039461 ], [ 92.5374989, 27.3043413 ], [ 92.5376251, 27.3043226 ], [ 92.5379406, 27.3039942 ], [ 92.538175, 27.3038099 ], [ 92.5384395, 27.3037859 ], [ 92.5386889, 27.30389 ], [ 92.5384395, 27.3039595 ], [ 92.5380999, 27.3041277 ], [ 92.5378895, 27.3044828 ], [ 92.5378294, 27.305073 ], [ 92.5378745, 27.3051611 ], [ 92.5380037, 27.3051077 ], [ 92.5385447, 27.3043547 ] ] } },
{ "type": "Feature", "properties": { "element": "way", "id": 1170528260, "highway": "secondary", "ref": null, "ref:old": null, "source": null, "name": null, "name:en": null, "surface": null, "bridge": null, "bridge:structure": null, "layer": null, "name:zh": null, "sidewalk": null, "smoothness": null, "lanes": null, "route": null, "alt_name": null, "service": null, "oneway": null }, "geometry": { "type": "LineString", "coordinates": [ [ 92.4368995, 27.3255032 ], [ 92.4369844, 27.3253366 ], [ 92.4370531, 27.3251627 ], [ 92.4370637, 27.3249653 ], [ 92.4371113, 27.3247867 ], [ 92.43715, 27.3247344 ], [ 92.4372224, 27.3246363 ], [ 92.4373283, 27.3244624 ], [ 92.4375399, 27.3243355 ], [ 92.4376721, 27.3242462 ], [ 92.4378203, 27.3242509 ], [ 92.4379102, 27.3244295 ], [ 92.437979, 27.3244201 ], [ 92.437979, 27.324171 ], [ 92.4380078, 27.3239362 ], [ 92.4380563, 27.3238163 ], [ 92.4382086, 27.3237979 ], [ 92.4383228, 27.3238686 ], [ 92.4383747, 27.324007 ], [ 92.4383367, 27.3244898 ], [ 92.4384544, 27.3247112 ], [ 92.4385201, 27.3247604 ], [ 92.438669, 27.3247328 ], [ 92.439209, 27.3244775 ], [ 92.4395863, 27.3243545 ], [ 92.4401436, 27.3242622 ], [ 92.4412236, 27.3240593 ], [ 92.4413794, 27.323927 ], [ 92.4415282, 27.3238501 ], [ 92.4417428, 27.3237702 ], [ 92.4421271, 27.3237271 ], [ 92.4422344, 27.3236994 ], [ 92.4422967, 27.323598 ], [ 92.4424144, 27.3235026 ], [ 92.4427052, 27.3232996 ], [ 92.4431552, 27.3231859 ], [ 92.4433698, 27.3232351 ], [ 92.4435879, 27.3230659 ], [ 92.4437921, 27.3229183 ], [ 92.4439132, 27.3228353 ], [ 92.444069, 27.3227861 ], [ 92.4441452, 27.3225277 ], [ 92.4441971, 27.3224293 ], [ 92.4443113, 27.322294 ], [ 92.4442906, 27.3221618 ], [ 92.4443044, 27.3220264 ], [ 92.4443771, 27.321968 ], [ 92.4446194, 27.3219157 ], [ 92.4447856, 27.3217035 ], [ 92.4452806, 27.3214882 ], [ 92.4454017, 27.321439 ], [ 92.4454917, 27.3213868 ], [ 92.4457513, 27.3215313 ], [ 92.4458067, 27.3216943 ], [ 92.4460283, 27.3218788 ], [ 92.4461113, 27.3220049 ], [ 92.4463848, 27.3222202 ], [ 92.4465267, 27.3224293 ], [ 92.447039, 27.3225462 ], [ 92.447721, 27.3225185 ], [ 92.4481433, 27.3222971 ], [ 92.4487802, 27.3220787 ], [ 92.4493063, 27.3218942 ], [ 92.4495244, 27.3218265 ], [ 92.4501856, 27.3219096 ], [ 92.4505248, 27.3221833 ], [ 92.4508364, 27.3221679 ], [ 92.4510614, 27.3223248 ], [ 92.4515633, 27.3225185 ], [ 92.4520202, 27.3225277 ], [ 92.452266, 27.3224047 ], [ 92.4525118, 27.3221925 ], [ 92.4527437, 27.3221679 ], [ 92.4532594, 27.322254 ], [ 92.4536471, 27.3222079 ], [ 92.4539483, 27.3222356 ], [ 92.4542045, 27.3222017 ], [ 92.4545541, 27.322211 ], [ 92.4548552, 27.3219742 ], [ 92.4552395, 27.3219004 ], [ 92.4557206, 27.3217097 ], [ 92.4560356, 27.3215498 ], [ 92.4563887, 27.3213898 ], [ 92.4564025, 27.321233 ], [ 92.4562814, 27.3211223 ], [ 92.4560875, 27.3210146 ], [ 92.4559214, 27.320987 ], [ 92.4555856, 27.3210608 ], [ 92.4553052, 27.3211161 ], [ 92.4551287, 27.3209593 ], [ 92.4549972, 27.3206917 ], [ 92.4548102, 27.3203657 ] ] } },
{ "type": "Feature", "properties": { "element": "way", "id": 1170528262, "highway": "secondary", "ref": null, "ref:old": null, "source": null, "name": null, "name:en": null, "surface": null, "bridge": null, "bridge:structure": null, "layer": null, "name:zh": null, "sidewalk": null, "smoothness": null, "lanes": null, "route": null, "alt_name": null, "service": null, "oneway": null }, "geometry": { "type": "LineString", "coordinates": [ [ 92.4373322, 27.3254728 ], [ 92.4372469, 27.3252913 ], [ 92.4371712, 27.3250929 ], [ 92.4371911, 27.324937 ], [ 92.43715, 27.3247344 ] ] } },
{ "type": "Feature", "properties": { "element": "way", "id": 1170528263, "highway": "unclassified", "ref": null, "ref:old": null, "source": null, "name": null, "name:en": null, "surface": null, "bridge": null, "bridge:structure": null, "layer": null, "name:zh": null, "sidewalk": null, "smoothness": null, "lanes": null, "route": null, "alt_name": null, "service": null, "oneway": null }, "geometry": { "type": "LineString", "coordinates": [ [ 92.4396034, 27.3274096 ], [ 92.4390771, 27.3273246 ], [ 92.4388578, 27.3269845 ], [ 92.4387302, 27.3268145 ], [ 92.4385946, 27.3265276 ], [ 92.4384511, 27.3261521 ], [ 92.4383514, 27.3257447 ], [ 92.4381481, 27.3256703 ], [ 92.4379367, 27.3251992 ], [ 92.437853, 27.3248308 ], [ 92.4379102, 27.3244295 ] ] } },
{ "type": "Feature", "properties": { "element": "way", "id": 1170528264, "highway": "unclassified", "ref": null, "ref:old": null, "source": null, "name": null, "name:en": null, "surface": null, "bridge": null, "bridge:structure": null, "layer": null, "name:zh": null, "sidewalk": null, "smoothness": null, "lanes": null, "route": null, "alt_name": null, "service": null, "oneway": null }, "geometry": { "type": "LineString", "coordinates": [ [ 92.4383514, 27.3257447 ], [ 92.4386026, 27.3256314 ], [ 92.4389204, 27.3254254 ], [ 92.4390851, 27.3254046 ], [ 92.4396951, 27.3254861 ], [ 92.4400939, 27.3255074 ], [ 92.4404169, 27.3255145 ], [ 92.4406162, 27.3255711 ], [ 92.4411545, 27.3254967 ], [ 92.441302, 27.325518 ], [ 92.4416449, 27.3253728 ], [ 92.4418443, 27.3252736 ], [ 92.441932, 27.325185 ], [ 92.4421992, 27.3251319 ], [ 92.4423866, 27.3251425 ], [ 92.4426258, 27.3250717 ], [ 92.4429687, 27.3251319 ], [ 92.443188, 27.3250752 ], [ 92.4434005, 27.3250066 ], [ 92.4434951, 27.324976 ], [ 92.4437423, 27.3248591 ] ] } },
{ "type": "Feature", "properties": { "element": "way", "id": 1170528269, "highway": "track", "ref": null, "ref:old": null, "source": null, "name": null, "name:en": null, "surface": null, "bridge": null, "bridge:structure": null, "layer": null, "name:zh": null, "sidewalk": null, "smoothness": null, "lanes": null, "route": null, "alt_name": null, "service": null, "oneway": null }, "geometry": { "type": "LineString", "coordinates": [ [ 92.472589, 27.3409929 ], [ 92.4730705, 27.3409515 ], [ 92.4733895, 27.3408488 ], [ 92.4735888, 27.3406008 ], [ 92.4736965, 27.3405796 ], [ 92.4742188, 27.3406292 ], [ 92.4745219, 27.3405158 ], [ 92.4747332, 27.3404414 ], [ 92.4749206, 27.3403883 ], [ 92.4752236, 27.3405052 ], [ 92.4756503, 27.3407956 ], [ 92.4756758, 27.3408066 ], [ 92.4761288, 27.3410011 ], [ 92.4762125, 27.3410011 ], [ 92.4763481, 27.3405583 ], [ 92.4765793, 27.3402254 ], [ 92.476691, 27.3398712 ], [ 92.4767588, 27.3394639 ] ] } },
{ "type": "Feature", "properties": { "element": "way", "id": 1170528270, "highway": "track", "ref": null, "ref:old": null, "source": null, "name": null, "name:en": null, "surface": null, "bridge": null, "bridge:structure": null, "layer": null, "name:zh": null, "sidewalk": null, "smoothness": null, "lanes": null, "route": null, "alt_name": null, "service": null, "oneway": null }, "geometry": { "type": "LineString", "coordinates": [ [ 92.4756758, 27.3408066 ], [ 92.4758257, 27.3410684 ], [ 92.4761088, 27.341334 ], [ 92.4769462, 27.3416882 ], [ 92.4773409, 27.3415607 ], [ 92.4777077, 27.3412136 ], [ 92.4782341, 27.3411534 ], [ 92.478561, 27.3411605 ], [ 92.4788242, 27.3409763 ], [ 92.479195, 27.3408169 ], [ 92.4796496, 27.3406965 ], [ 92.4799805, 27.3404769 ], [ 92.4802756, 27.3403989 ], [ 92.4803872, 27.3403352 ], [ 92.4806065, 27.3403529 ], [ 92.480786, 27.3403919 ], [ 92.4811368, 27.3405831 ], [ 92.4814837, 27.3405654 ], [ 92.4817908, 27.3407425 ], [ 92.4821616, 27.3408275 ], [ 92.4824726, 27.3408417 ], [ 92.4831823, 27.3411073 ], [ 92.48392, 27.3412915 ], [ 92.4843626, 27.341419 ], [ 92.4845699, 27.3413978 ], [ 92.4844702, 27.341079 ], [ 92.4843546, 27.3407815 ], [ 92.4846337, 27.3405867 ], [ 92.4848809, 27.3405512 ], [ 92.4852278, 27.3405371 ], [ 92.4855668, 27.3406752 ], [ 92.4861888, 27.3408559 ], [ 92.4871099, 27.340955 ], [ 92.4872853, 27.3411038 ], [ 92.4877279, 27.3412348 ], [ 92.4878395, 27.3414544 ], [ 92.4882502, 27.3416067 ], [ 92.4886171, 27.3414828 ], [ 92.4887008, 27.3415288 ], [ 92.4888204, 27.3414792 ], [ 92.4891274, 27.341674 ], [ 92.4894903, 27.3417803 ], [ 92.4903396, 27.3421238 ], [ 92.4904632, 27.342092 ], [ 92.490519, 27.3419468 ], [ 92.4909815, 27.3420176 ], [ 92.4911889, 27.3420955 ], [ 92.4914281, 27.3424887 ], [ 92.4918548, 27.3426693 ], [ 92.4922216, 27.3426445 ], [ 92.4925207, 27.3426976 ], [ 92.4925964, 27.3430022 ], [ 92.493027, 27.3428074 ], [ 92.4931108, 27.3426693 ], [ 92.4931467, 27.3426764 ], [ 92.4932862, 27.3424674 ], [ 92.4934338, 27.3425312 ] ] } },
{ "type": "Feature", "properties": { "element": "way", "id": 1171063880, "highway": "tertiary", "ref": null, "ref:old": null, "source": null, "name": null, "name:en": null, "surface": null, "bridge": null, "bridge:structure": null, "layer": null, "name:zh": null, "sidewalk": null, "smoothness": null, "lanes": null, "route": null, "alt_name": null, "service": null, "oneway": null }, "geometry": { "type": "LineString", "coordinates": [ [ 92.3970339, 27.3136167 ], [ 92.3967174, 27.313764 ], [ 92.3961755, 27.3137803 ], [ 92.3954544, 27.3137191 ], [ 92.3949502, 27.3138168 ], [ 92.3947938, 27.3138269 ], [ 92.3947425, 27.3138905 ], [ 92.3947837, 27.3139497 ], [ 92.3949308, 27.3139573 ], [ 92.39556, 27.3140293 ], [ 92.3959091, 27.3141068 ], [ 92.3959458, 27.3141639 ], [ 92.3959208, 27.3142148 ], [ 92.3958264, 27.3142333 ], [ 92.3954636, 27.3142619 ], [ 92.3950135, 27.3144169 ], [ 92.3947425, 27.3143557 ], [ 92.3943107, 27.3143272 ], [ 92.3938337, 27.314251 ], [ 92.3937779, 27.3142904 ], [ 92.3937947, 27.3143454 ], [ 92.3944899, 27.3146047 ], [ 92.3946965, 27.3149597 ], [ 92.3948938, 27.3149908 ], [ 92.3949039, 27.3150715 ], [ 92.3948049, 27.3151208 ], [ 92.394669, 27.3151107 ], [ 92.3944853, 27.3150454 ], [ 92.3943475, 27.3148781 ], [ 92.3940673, 27.3147842 ], [ 92.3939479, 27.3147393 ], [ 92.3934397, 27.3147215 ], [ 92.3931074, 27.3144455 ], [ 92.3927905, 27.3142415 ], [ 92.3923541, 27.3141803 ], [ 92.3918857, 27.3139762 ], [ 92.3913575, 27.3140456 ], [ 92.3907558, 27.3140129 ], [ 92.3905629, 27.3141721 ], [ 92.3904973, 27.3141803 ], [ 92.3904481, 27.3141517 ], [ 92.3904572, 27.3140129 ], [ 92.3904251, 27.3139191 ], [ 92.3902597, 27.3137354 ], [ 92.390223, 27.3135151 ], [ 92.3902368, 27.3132702 ], [ 92.3900714, 27.3130294 ], [ 92.3900531, 27.3127887 ], [ 92.3901495, 27.3124663 ], [ 92.3901863, 27.3123724 ], [ 92.3901734, 27.3123134 ], [ 92.390122, 27.3122949 ], [ 92.3900677, 27.312326 ], [ 92.3899842, 27.31245 ], [ 92.3898234, 27.3127479 ], [ 92.3896397, 27.313005 ], [ 92.3895111, 27.3133029 ], [ 92.3892906, 27.3135151 ], [ 92.3891437, 27.3137191 ], [ 92.3889094, 27.3138211 ], [ 92.3888084, 27.3139395 ], [ 92.3888359, 27.3140374 ], [ 92.3889324, 27.3141231 ], [ 92.3889701, 27.3142008 ], [ 92.3889294, 27.314273 ], [ 92.3888543, 27.3142986 ], [ 92.3886844, 27.3142782 ], [ 92.3885006, 27.3143068 ], [ 92.3882894, 27.3144006 ], [ 92.3882067, 27.3145557 ], [ 92.3882526, 27.3146863 ], [ 92.38817, 27.3149515 ], [ 92.3882159, 27.3151025 ], [ 92.3880046, 27.3152617 ], [ 92.3874994, 27.3154616 ], [ 92.3873932, 27.315491 ], [ 92.387086, 27.3155759 ] ] } },
{ "type": "Feature", "properties": { "element": "way", "id": 1171063882, "highway": "tertiary", "ref": null, "ref:old": null, "source": null, "name": null, "name:en": null, "surface": null, "bridge": null, "bridge:structure": null, "layer": null, "name:zh": null, "sidewalk": null, "smoothness": null, "lanes": null, "route": null, "alt_name": null, "service": null, "oneway": null }, "geometry": { "type": "LineString", "coordinates": [ [ 92.3873932, 27.315491 ], [ 92.3873281, 27.314707 ], [ 92.3873175, 27.3146318 ], [ 92.3874075, 27.3143122 ], [ 92.3877725, 27.3140301 ], [ 92.3878995, 27.3131511 ], [ 92.3879789, 27.3130148 ], [ 92.3886508, 27.3123002 ], [ 92.38883, 27.3121127 ], [ 92.3888201, 27.3120652 ], [ 92.3887963, 27.3120521 ], [ 92.3882593, 27.3120464 ], [ 92.3879736, 27.3121216 ], [ 92.3878947, 27.3121238 ], [ 92.3878572, 27.3120746 ], [ 92.3880424, 27.3119477 ], [ 92.3880187, 27.3119034 ], [ 92.3879577, 27.311896 ], [ 92.3877672, 27.3119101 ], [ 92.3873228, 27.3120041 ], [ 92.386561, 27.3121451 ], [ 92.3853971, 27.3125447 ], [ 92.3851854, 27.3126951 ], [ 92.3849527, 27.3127515 ], [ 92.384704, 27.3128925 ], [ 92.3843866, 27.3130853 ], [ 92.3838946, 27.3131699 ], [ 92.3835454, 27.3135412 ], [ 92.3830112, 27.3137491 ], [ 92.3828788, 27.3137622 ], [ 92.3827637, 27.3137097 ], [ 92.3825243, 27.3134002 ], [ 92.382191, 27.3132545 ], [ 92.3811329, 27.3130618 ], [ 92.380461, 27.3131558 ], [ 92.3800642, 27.3131605 ], [ 92.3794981, 27.3131746 ], [ 92.3790008, 27.312869 ], [ 92.3788421, 27.3126998 ], [ 92.3785881, 27.3125541 ], [ 92.3784188, 27.3125071 ], [ 92.3780538, 27.3124601 ], [ 92.3780055, 27.3124182 ], [ 92.3779003, 27.3121639 ], [ 92.377731, 27.3120605 ], [ 92.3772544, 27.3119586 ], [ 92.3769546, 27.3118655 ], [ 92.3768772, 27.3118883 ], [ 92.3766701, 27.3122413 ], [ 92.3766401, 27.3122597 ], [ 92.3765988, 27.3122466 ], [ 92.3765663, 27.3121797 ], [ 92.3764983, 27.3119195 ], [ 92.3763677, 27.3117223 ], [ 92.3762919, 27.311712 ], [ 92.3762449, 27.3117485 ], [ 92.3762867, 27.3119101 ], [ 92.3762232, 27.3120746 ], [ 92.3762603, 27.3122109 ], [ 92.3761923, 27.3124416 ], [ 92.3761841, 27.3124912 ], [ 92.3763244, 27.3126042 ], [ 92.376329, 27.3126669 ], [ 92.3762127, 27.3130101 ], [ 92.3763983, 27.3133104 ], [ 92.376383, 27.3133776 ], [ 92.3763165, 27.3133831 ], [ 92.376242, 27.3133415 ], [ 92.3761068, 27.3130947 ], [ 92.3760434, 27.3128502 ], [ 92.3758582, 27.3127045 ], [ 92.3758106, 27.3125588 ], [ 92.3757733, 27.3125311 ], [ 92.3757049, 27.3125442 ], [ 92.3756892, 27.3125859 ], [ 92.3758211, 27.3128831 ], [ 92.3757841, 27.3131229 ], [ 92.3758476, 27.3133344 ], [ 92.3758444, 27.3135147 ], [ 92.3760774, 27.3136983 ], [ 92.3760804, 27.3137481 ], [ 92.3760384, 27.3137864 ], [ 92.3759852, 27.3137904 ], [ 92.3757947, 27.3137199 ], [ 92.3756571, 27.3135459 ], [ 92.3756466, 27.3134096 ], [ 92.3755355, 27.3133579 ], [ 92.3753291, 27.3133814 ], [ 92.3751716, 27.3133337 ], [ 92.3750858, 27.3131652 ], [ 92.3749799, 27.3131041 ], [ 92.3747951, 27.3129883 ], [ 92.3747473, 27.3129773 ], [ 92.3746943, 27.3130101 ], [ 92.3747154, 27.3131041 ], [ 92.3748688, 27.3132545 ], [ 92.37489, 27.3135882 ], [ 92.3750381, 27.3137669 ], [ 92.3752551, 27.3138797 ], [ 92.375365, 27.3140653 ], [ 92.3753697, 27.3141147 ], [ 92.3753159, 27.3141599 ], [ 92.3752695, 27.3141582 ], [ 92.3751281, 27.3140019 ], [ 92.3748107, 27.3139972 ], [ 92.374525, 27.3138515 ], [ 92.3741705, 27.3136494 ], [ 92.373943, 27.3134472 ], [ 92.373779, 27.3134237 ], [ 92.3737147, 27.313426 ], [ 92.3736638, 27.3134999 ], [ 92.3736573, 27.3136117 ], [ 92.3738266, 27.3137434 ], [ 92.3738901, 27.3140348 ], [ 92.3746255, 27.314707 ], [ 92.3749905, 27.3146929 ], [ 92.3754085, 27.3148527 ], [ 92.3754332, 27.3149467 ], [ 92.3754192, 27.3151191 ], [ 92.3755725, 27.3154497 ], [ 92.3754773, 27.3156518 ], [ 92.3752233, 27.3157129 ], [ 92.374853, 27.3160655 ], [ 92.3744721, 27.3165403 ], [ 92.3743715, 27.3169304 ], [ 92.3743874, 27.3173723 ], [ 92.3743186, 27.3176167 ], [ 92.3741705, 27.3178094 ], [ 92.3742446, 27.318082 ], [ 92.3741708, 27.3182881 ], [ 92.3740083, 27.3183529 ] ] } },
{ "type": "Feature", "properties": { "element": "way", "id": 1171063883, "highway": "tertiary", "ref": null, "ref:old": null, "source": null, "name": null, "name:en": null, "surface": null, "bridge": null, "bridge:structure": null, "layer": null, "name:zh": null, "sidewalk": null, "smoothness": null, "lanes": null, "route": null, "alt_name": null, "service": null, "oneway": null }, "geometry": { "type": "LineString", "coordinates": [ [ 92.3742022, 27.317322 ], [ 92.3740455, 27.3175488 ], [ 92.3738326, 27.3178567 ], [ 92.3738191, 27.3180277 ], [ 92.3738621, 27.3181263 ], [ 92.3738577, 27.3181705 ], [ 92.373816, 27.3181931 ], [ 92.3737624, 27.3181806 ], [ 92.3737149, 27.3180358 ], [ 92.3736401, 27.3179009 ], [ 92.3736356, 27.3177319 ], [ 92.3737919, 27.3174784 ], [ 92.3737805, 27.3172429 ], [ 92.3737398, 27.3170699 ], [ 92.3736628, 27.3168566 ], [ 92.3736175, 27.3166654 ], [ 92.3735586, 27.3166473 ], [ 92.3735224, 27.3166735 ], [ 92.3735473, 27.3168465 ], [ 92.3735971, 27.317086 ], [ 92.3735654, 27.3172771 ], [ 92.3734544, 27.3174321 ], [ 92.3733497, 27.3175224 ], [ 92.3733117, 27.3175357 ], [ 92.3732777, 27.3175226 ], [ 92.3732749, 27.3174857 ], [ 92.3733457, 27.317424 ], [ 92.3734295, 27.3171987 ], [ 92.373391, 27.3170679 ], [ 92.3733027, 27.3169753 ], [ 92.373246, 27.3168666 ], [ 92.3732257, 27.3166755 ], [ 92.3732687, 27.3164642 ] ] } },
{ "type": "Feature", "properties": { "element": "way", "id": 1171063893, "highway": "service", "ref": null, "ref:old": null, "source": null, "name": null, "name:en": null, "surface": null, "bridge": null, "bridge:structure": null, "layer": null, "name:zh": null, "sidewalk": null, "smoothness": null, "lanes": null, "route": null, "alt_name": null, "service": null, "oneway": null }, "geometry": { "type": "LineString", "coordinates": [ [ 92.3044884, 27.2113556 ], [ 92.3041381, 27.2114448 ], [ 92.3036361, 27.2114141 ], [ 92.3032069, 27.2114233 ], [ 92.3027396, 27.211214 ], [ 92.3023415, 27.21106 ], [ 92.3017115, 27.2110385 ], [ 92.3014311, 27.2108692 ], [ 92.301355, 27.2105859 ], [ 92.3009084, 27.2106968 ], [ 92.3007492, 27.2106845 ], [ 92.3008081, 27.210589 ], [ 92.3010227, 27.2103858 ], [ 92.3014311, 27.2102196 ], [ 92.3017081, 27.2103643 ], [ 92.3024142, 27.2101642 ], [ 92.3030131, 27.2101642 ], [ 92.30365, 27.2100257 ], [ 92.3040481, 27.2097609 ], [ 92.3040654, 27.2096562 ], [ 92.3038473, 27.2097209 ], [ 92.3032935, 27.2099118 ], [ 92.3028711, 27.2098379 ], [ 92.3026738, 27.209804 ], [ 92.3026565, 27.209647 ], [ 92.3030477, 27.2095824 ], [ 92.3034631, 27.2094654 ], [ 92.3041692, 27.2088805 ], [ 92.3047542, 27.2086065 ], [ 92.3054396, 27.2081077 ], [ 92.3057754, 27.2077629 ], [ 92.3059139, 27.2075628 ], [ 92.3064746, 27.2073227 ] ] } },
{ "type": "Feature", "properties": { "element": "way", "id": 1171489816, "highway": "unclassified", "ref": null, "ref:old": null, "source": null, "name": null, "name:en": null, "surface": null, "bridge": null, "bridge:structure": null, "layer": null, "name:zh": null, "sidewalk": null, "smoothness": null, "lanes": null, "route": null, "alt_name": null, "service": null, "oneway": null }, "geometry": { "type": "LineString", "coordinates": [ [ 92.3650446, 27.3281412 ], [ 92.3645889, 27.3285461 ], [ 92.3647535, 27.3286003 ], [ 92.3661464, 27.328389 ], [ 92.3661679, 27.328389 ], [ 92.366179, 27.3283953 ], [ 92.3661788, 27.3284067 ], [ 92.3661616, 27.3284167 ], [ 92.3657285, 27.3285353 ], [ 92.3647839, 27.3288168 ], [ 92.3647778, 27.3288818 ], [ 92.3657468, 27.3287681 ], [ 92.3663318, 27.3287735 ], [ 92.3665148, 27.328806 ], [ 92.3665383, 27.3288134 ], [ 92.3665548, 27.3288217 ], [ 92.3665557, 27.3288356 ], [ 92.3665405, 27.3288475 ], [ 92.3657895, 27.329028 ], [ 92.3650338, 27.3291633 ], [ 92.3650886, 27.3292987 ], [ 92.3660088, 27.3291579 ], [ 92.366344, 27.3292445 ], [ 92.3665634, 27.3293311 ], [ 92.3669717, 27.3291525 ], [ 92.3671363, 27.3291687 ], [ 92.3677274, 27.3292445 ], [ 92.368026, 27.329212 ], [ 92.3682698, 27.3292662 ], [ 92.3685745, 27.3294827 ], [ 92.3687756, 27.3295531 ], [ 92.3690681, 27.3295856 ], [ 92.369452, 27.3297805 ], [ 92.3698116, 27.3297101 ], [ 92.3701224, 27.3297372 ], [ 92.3698755, 27.3298291 ], [ 92.3696989, 27.3299213 ], [ 92.3693458, 27.3300105 ], [ 92.3689997, 27.3300105 ], [ 92.3686916, 27.3300167 ], [ 92.368297, 27.3299798 ], [ 92.3677881, 27.3299859 ], [ 92.3676531, 27.3300474 ], [ 92.3676393, 27.3301028 ], [ 92.3679958, 27.3301274 ], [ 92.3682451, 27.3302258 ], [ 92.3684631, 27.3303057 ], [ 92.3686639, 27.3303549 ], [ 92.3686951, 27.3305794 ], [ 92.3688439, 27.3307301 ], [ 92.3689754, 27.3307701 ], [ 92.3693112, 27.3307855 ], [ 92.3696747, 27.3307824 ], [ 92.3700935, 27.3307055 ], [ 92.3701558, 27.3306871 ], [ 92.3701974, 27.330724 ], [ 92.3699135, 27.3308439 ], [ 92.3694081, 27.3310407 ], [ 92.3691554, 27.3311483 ], [ 92.3688301, 27.3312314 ], [ 92.3688093, 27.3312713 ], [ 92.3691797, 27.3312775 ], [ 92.3697578, 27.3312006 ], [ 92.3702112, 27.3311268 ], [ 92.3705747, 27.331013 ], [ 92.3707962, 27.3309423 ], [ 92.3712843, 27.3306532 ], [ 92.3714366, 27.3306563 ], [ 92.371717, 27.3305917 ], [ 92.3719801, 27.3305733 ], [ 92.3721878, 27.3304564 ], [ 92.3722985, 27.3303795 ], [ 92.3723747, 27.3303642 ], [ 92.3721912, 27.3307178 ], [ 92.3720043, 27.3308623 ], [ 92.3719129, 27.3309232 ], [ 92.3717828, 27.33101 ], [ 92.3714931, 27.3311283 ], [ 92.3711355, 27.3312744 ], [ 92.3707028, 27.3314005 ], [ 92.3703224, 27.3315947 ], [ 92.3702556, 27.331611 ], [ 92.3702333, 27.3315963 ], [ 92.3702318, 27.3315707 ], [ 92.3702716, 27.3315377 ], [ 92.3707097, 27.3313021 ], [ 92.3708897, 27.3312652 ], [ 92.3710732, 27.3311729 ], [ 92.3712912, 27.3310838 ], [ 92.3714931, 27.3311283 ] ] } },
{ "type": "Feature", "properties": { "element": "way", "id": 1171489817, "highway": "track", "ref": null, "ref:old": null, "source": null, "name": null, "name:en": null, "surface": null, "bridge": null, "bridge:structure": null, "layer": null, "name:zh": null, "sidewalk": null, "smoothness": null, "lanes": null, "route": null, "alt_name": null, "service": null, "oneway": null }, "geometry": { "type": "LineString", "coordinates": [ [ 92.3719129, 27.3309232 ], [ 92.372358, 27.330777 ], [ 92.3728039, 27.3305848 ], [ 92.3728218, 27.3305771 ], [ 92.3732095, 27.3303864 ], [ 92.3734795, 27.3302419 ], [ 92.3735053, 27.3302164 ], [ 92.3737184, 27.3300051 ], [ 92.3739191, 27.3297376 ], [ 92.3741303, 27.3295284 ], [ 92.3742757, 27.329593 ], [ 92.3743553, 27.329676 ], [ 92.3744868, 27.3295869 ], [ 92.3745803, 27.3293409 ], [ 92.3747984, 27.3292424 ], [ 92.3750095, 27.3290918 ], [ 92.375103, 27.3290149 ] ] } },
{ "type": "Feature", "properties": { "element": "way", "id": 1171489818, "highway": "track", "ref": null, "ref:old": null, "source": null, "name": null, "name:en": null, "surface": null, "bridge": null, "bridge:structure": null, "layer": null, "name:zh": null, "sidewalk": null, "smoothness": null, "lanes": null, "route": null, "alt_name": null, "service": null, "oneway": null }, "geometry": { "type": "LineString", "coordinates": [ [ 92.3728973, 27.3316479 ], [ 92.3729187, 27.3317518 ], [ 92.3730468, 27.331801 ], [ 92.3733341, 27.3317272 ], [ 92.3736387, 27.3316595 ], [ 92.373888, 27.3316472 ], [ 92.3739988, 27.3316441 ], [ 92.374338, 27.3314473 ], [ 92.3746634, 27.3312997 ], [ 92.3749853, 27.3309891 ], [ 92.3753176, 27.3307216 ], [ 92.3754145, 27.3305463 ], [ 92.3754665, 27.3303403 ], [ 92.375553, 27.3302357 ], [ 92.3757815, 27.3300789 ], [ 92.3761138, 27.3298421 ], [ 92.3763422, 27.329716 ], [ 92.3764011, 27.3295161 ], [ 92.3766849, 27.329267 ], [ 92.3770172, 27.328895 ], [ 92.3771938, 27.3287473 ], [ 92.3775468, 27.3284982 ], [ 92.3776472, 27.3282522 ], [ 92.3779242, 27.3280124 ], [ 92.3783292, 27.3277356 ], [ 92.3787099, 27.3275173 ], [ 92.3787065, 27.3273573 ], [ 92.3789557, 27.327222 ], [ 92.3791703, 27.3271544 ], [ 92.3792257, 27.3266746 ], [ 92.3795615, 27.3266039 ], [ 92.3796411, 27.3264747 ] ] } },
{ "type": "Feature", "properties": { "element": "way", "id": 1171489819, "highway": "track", "ref": null, "ref:old": null, "source": null, "name": null, "name:en": null, "surface": null, "bridge": null, "bridge:structure": null, "layer": null, "name:zh": null, "sidewalk": null, "smoothness": null, "lanes": null, "route": null, "alt_name": null, "service": null, "oneway": null }, "geometry": { "type": "LineString", "coordinates": [ [ 92.3728039, 27.3305848 ], [ 92.3729118, 27.3307278 ], [ 92.3729118, 27.3307677 ], [ 92.3729118, 27.3308569 ], [ 92.3729118, 27.3309522 ], [ 92.3727872, 27.3311521 ] ] } },
{ "type": "Feature", "properties": { "element": "way", "id": 1171489820, "highway": "track", "ref": null, "ref:old": null, "source": null, "name": null, "name:en": null, "surface": null, "bridge": "yes", "bridge:structure": null, "layer": "1", "name:zh": null, "sidewalk": null, "smoothness": null, "lanes": null, "route": null, "alt_name": null, "service": null, "oneway": null }, "geometry": { "type": "LineString", "coordinates": [ [ 92.3727872, 27.3311521 ], [ 92.3728973, 27.3316479 ] ] } },
{ "type": "Feature", "properties": { "element": "way", "id": 1171489821, "highway": "track", "ref": null, "ref:old": null, "source": null, "name": null, "name:en": null, "surface": null, "bridge": null, "bridge:structure": null, "layer": null, "name:zh": null, "sidewalk": null, "smoothness": null, "lanes": null, "route": null, "alt_name": null, "service": null, "oneway": null }, "geometry": { "type": "LineString", "coordinates": [ [ 92.3729118, 27.3307677 ], [ 92.3733445, 27.3305801 ], [ 92.3735176, 27.3303833 ], [ 92.3735053, 27.3302164 ] ] } },
{ "type": "Feature", "properties": { "element": "way", "id": 1171489822, "highway": "track", "ref": null, "ref:old": null, "source": null, "name": null, "name:en": null, "surface": null, "bridge": null, "bridge:structure": null, "layer": null, "name:zh": null, "sidewalk": null, "smoothness": null, "lanes": null, "route": null, "alt_name": null, "service": null, "oneway": null }, "geometry": { "type": "LineString", "coordinates": [ [ 92.3729118, 27.3308569 ], [ 92.3734414, 27.3306724 ], [ 92.3737772, 27.3306724 ], [ 92.3739538, 27.3305248 ], [ 92.3741303, 27.3303557 ] ] } },
{ "type": "Feature", "properties": { "element": "way", "id": 1171489830, "highway": "track", "ref": null, "ref:old": null, "source": null, "name": null, "name:en": null, "surface": null, "bridge": null, "bridge:structure": null, "layer": null, "name:zh": null, "sidewalk": null, "smoothness": null, "lanes": null, "route": null, "alt_name": null, "service": null, "oneway": null }, "geometry": { "type": "LineString", "coordinates": [ [ 92.3377479, 27.3352237 ], [ 92.3378346, 27.3354282 ], [ 92.3382785, 27.3355248 ], [ 92.338591, 27.3354946 ], [ 92.339001, 27.3355107 ], [ 92.3390349, 27.3355711 ], [ 92.3384415, 27.3358226 ], [ 92.3381063, 27.3358729 ], [ 92.337975, 27.335893 ], [ 92.3381063, 27.3359554 ], [ 92.3384529, 27.3361083 ], [ 92.3386952, 27.3361244 ], [ 92.3390213, 27.3360137 ], [ 92.3392229, 27.3359534 ], [ 92.3395105, 27.3360741 ], [ 92.3396238, 27.3361264 ], [ 92.339771, 27.3361083 ], [ 92.3398254, 27.3361707 ], [ 92.3395445, 27.3363537 ], [ 92.3391912, 27.3366435 ], [ 92.3388469, 27.3368225 ] ] } },
{ "type": "Feature", "properties": { "element": "way", "id": 1171489838, "highway": "unclassified", "ref": null, "ref:old": null, "source": null, "name": null, "name:en": null, "surface": null, "bridge": null, "bridge:structure": null, "layer": null, "name:zh": null, "sidewalk": null, "smoothness": null, "lanes": null, "route": null, "alt_name": null, "service": null, "oneway": null }, "geometry": { "type": "LineString", "coordinates": [ [ 92.3339896, 27.3349789 ], [ 92.333999, 27.3348995 ], [ 92.3338429, 27.3348263 ], [ 92.3338254, 27.3347901 ], [ 92.3338817, 27.3347479 ], [ 92.3339418, 27.3347402 ], [ 92.3340339, 27.3347462 ], [ 92.3341066, 27.3347841 ], [ 92.3342016, 27.3348573 ] ] } },
{ "type": "Feature", "properties": { "element": "way", "id": 1171489843, "highway": "path", "ref": null, "ref:old": null, "source": null, "name": null, "name:en": null, "surface": null, "bridge": null, "bridge:structure": null, "layer": null, "name:zh": null, "sidewalk": null, "smoothness": null, "lanes": null, "route": null, "alt_name": null, "service": null, "oneway": null }, "geometry": { "type": "LineString", "coordinates": [ [ 92.3230314, 27.3435678 ], [ 92.3230544, 27.3436874 ], [ 92.3229847, 27.3437861 ], [ 92.3230306, 27.3438295 ], [ 92.3229669, 27.3438848 ], [ 92.3230366, 27.3440112 ], [ 92.3230158, 27.3440415 ], [ 92.3230736, 27.3441902 ], [ 92.323081, 27.3442349 ], [ 92.3230499, 27.3442455 ], [ 92.3230825, 27.3442797 ], [ 92.322958, 27.3443653 ], [ 92.3229328, 27.34441 ], [ 92.322838, 27.3444969 ], [ 92.322718, 27.3446772 ] ] } },
{ "type": "Feature", "properties": { "element": "way", "id": 1171489849, "highway": "unclassified", "ref": null, "ref:old": null, "source": null, "name": null, "name:en": null, "surface": null, "bridge": null, "bridge:structure": null, "layer": null, "name:zh": null, "sidewalk": null, "smoothness": null, "lanes": null, "route": null, "alt_name": null, "service": null, "oneway": null }, "geometry": { "type": "LineString", "coordinates": [ [ 92.3002193, 27.3539486 ], [ 92.3000307, 27.3537807 ], [ 92.2998631, 27.3537284 ], [ 92.2996321, 27.3535654 ], [ 92.2995437, 27.353487 ], [ 92.2990112, 27.3533678 ], [ 92.298674, 27.353316 ], [ 92.298366, 27.3533683 ], [ 92.2979674, 27.3534048 ], [ 92.297682, 27.3535252 ], [ 92.2973763, 27.3535051 ], [ 92.2971475, 27.3535151 ], [ 92.2969256, 27.3534387 ], [ 92.296848, 27.3534238 ], [ 92.2966221, 27.3533804 ], [ 92.2962212, 27.3533844 ], [ 92.2960445, 27.3533381 ], [ 92.2958565, 27.3531289 ], [ 92.2953402, 27.3528553 ], [ 92.2952541, 27.352799 ], [ 92.2949415, 27.3528755 ], [ 92.2947604, 27.3530203 ] ] } },
{ "type": "Feature", "properties": { "element": "way", "id": 1171489868, "highway": "unclassified", "ref": null, "ref:old": null, "source": null, "name": null, "name:en": null, "surface": null, "bridge": null, "bridge:structure": null, "layer": null, "name:zh": null, "sidewalk": null, "smoothness": null, "lanes": null, "route": null, "alt_name": null, "service": null, "oneway": null }, "geometry": { "type": "LineString", "coordinates": [ [ 92.3013301, 27.3899438 ], [ 92.3015273, 27.3897784 ], [ 92.3017765, 27.3895974 ], [ 92.3019169, 27.3893018 ], [ 92.3020075, 27.3892395 ], [ 92.3023857, 27.3892294 ], [ 92.3026643, 27.3890605 ], [ 92.3026845, 27.3890501 ], [ 92.3028364, 27.388972 ], [ 92.3029723, 27.388972 ], [ 92.3033098, 27.3887769 ], [ 92.303491, 27.3888594 ], [ 92.3036835, 27.3888493 ], [ 92.3040028, 27.3889941 ], [ 92.3043086, 27.3889117 ], [ 92.3048023, 27.389161 ], [ 92.3049971, 27.3894104 ], [ 92.3051511, 27.3897261 ], [ 92.305432, 27.3897784 ], [ 92.3058125, 27.3896799 ], [ 92.3059801, 27.3895934 ], [ 92.3061409, 27.389708 ] ] } },
{ "type": "Feature", "properties": { "element": "way", "id": 1171489869, "highway": "unclassified", "ref": null, "ref:old": null, "source": null, "name": null, "name:en": null, "surface": null, "bridge": null, "bridge:structure": null, "layer": null, "name:zh": null, "sidewalk": null, "smoothness": null, "lanes": null, "route": null, "alt_name": null, "service": null, "oneway": null }, "geometry": { "type": "LineString", "coordinates": [ [ 92.3026845, 27.3890501 ], [ 92.302508, 27.3890162 ], [ 92.3022906, 27.3890786 ], [ 92.3021071, 27.3890263 ], [ 92.3021117, 27.38897 ], [ 92.3024129, 27.3888614 ], [ 92.3023902, 27.3887387 ], [ 92.3021275, 27.3886543 ], [ 92.3019916, 27.3887106 ], [ 92.3017674, 27.388974 ], [ 92.3016157, 27.3890766 ], [ 92.301482, 27.3890866 ], [ 92.3012986, 27.3891731 ], [ 92.3011695, 27.3890203 ], [ 92.3009974, 27.3889841 ], [ 92.300678, 27.3891288 ], [ 92.300481, 27.3892334 ] ] } },
{ "type": "Feature", "properties": { "element": "way", "id": 1173217797, "highway": "track", "ref": null, "ref:old": null, "source": null, "name": null, "name:en": null, "surface": null, "bridge": null, "bridge:structure": null, "layer": null, "name:zh": null, "sidewalk": null, "smoothness": null, "lanes": null, "route": null, "alt_name": null, "service": null, "oneway": null }, "geometry": { "type": "LineString", "coordinates": [ [ 92.5449469, 27.4078589 ], [ 92.5451029, 27.4079404 ], [ 92.5454127, 27.4078119 ], [ 92.5455137, 27.4076505 ], [ 92.5455062, 27.4073277 ], [ 92.5453647, 27.4068999 ], [ 92.5454027, 27.4059825 ], [ 92.5454499, 27.4050828 ], [ 92.5451528, 27.4044116 ], [ 92.545261, 27.4042144 ], [ 92.5452288, 27.4037732 ], [ 92.5454919, 27.4035293 ], [ 92.5456322, 27.4032179 ], [ 92.5457842, 27.403083 ], [ 92.5459654, 27.4027872 ], [ 92.5462723, 27.4025873 ], [ 92.5464097, 27.4023278 ], [ 92.5476169, 27.4028572 ], [ 92.5480495, 27.4030285 ], [ 92.547915, 27.4033503 ], [ 92.5484411, 27.4037603 ], [ 92.548561, 27.4037914 ], [ 92.5486662, 27.4037836 ], [ 92.549055, 27.4038978 ], [ 92.5494875, 27.4040665 ], [ 92.5496074, 27.4042507 ], [ 92.5497038, 27.4043753 ], [ 92.5498091, 27.4043908 ], [ 92.5498441, 27.4044427 ], [ 92.5500458, 27.4044505 ], [ 92.550116, 27.4045206 ], [ 92.55023, 27.4045595 ], [ 92.5503732, 27.404614 ], [ 92.550534, 27.4047827 ], [ 92.5506392, 27.4048891 ], [ 92.5507917, 27.4049827 ], [ 92.5510803, 27.4049221 ], [ 92.5513271, 27.4051079 ], [ 92.5515826, 27.405411 ], [ 92.5518866, 27.4057004 ], [ 92.5522831, 27.4060466 ], [ 92.5525497, 27.4061248 ], [ 92.5527898, 27.4062109 ], [ 92.5530123, 27.4062656 ], [ 92.5531401, 27.4062578 ], [ 92.5532744, 27.4062813 ], [ 92.5535542, 27.4062344 ], [ 92.5535476, 27.4062774 ], [ 92.5535983, 27.4062637 ], [ 92.5536115, 27.4063321 ], [ 92.5537238, 27.4063556 ], [ 92.5538406, 27.4064514 ], [ 92.5539155, 27.4066138 ], [ 92.5539596, 27.4066274 ], [ 92.5539618, 27.406645 ], [ 92.5539904, 27.4066372 ], [ 92.5540234, 27.4066802 ], [ 92.5541843, 27.4067291 ], [ 92.5543164, 27.4067683 ], [ 92.5543605, 27.4068445 ], [ 92.5544772, 27.4069149 ], [ 92.5545367, 27.4070479 ], [ 92.5546226, 27.4071085 ], [ 92.5546094, 27.407177 ], [ 92.5546711, 27.407222 ], [ 92.5548302, 27.4073616 ], [ 92.5549853, 27.4077713 ], [ 92.5552335, 27.4081638 ], [ 92.5562755, 27.4093431 ], [ 92.5567117, 27.4095485 ], [ 92.5570113, 27.4093373 ], [ 92.5568351, 27.40869 ], [ 92.5563879, 27.4081267 ], [ 92.5563813, 27.4079038 ], [ 92.5571303, 27.4070668 ], [ 92.5571941, 27.4070589 ], [ 92.5571919, 27.4071157 ], [ 92.5574827, 27.4069142 ], [ 92.5574937, 27.4069631 ], [ 92.5575642, 27.4068947 ], [ 92.5576435, 27.4068868 ], [ 92.557681, 27.4068399 ], [ 92.5577471, 27.406836 ], [ 92.5579277, 27.4067871 ], [ 92.5583375, 27.4065739 ], [ 92.5586106, 27.406482 ], [ 92.5587384, 27.4064175 ], [ 92.5590094, 27.4062865 ], [ 92.5591614, 27.4061104 ], [ 92.5594235, 27.4056978 ], [ 92.5595865, 27.4056509 ], [ 92.5596614, 27.4053145 ], [ 92.5598531, 27.4052089 ], [ 92.5601813, 27.4052715 ], [ 92.560525, 27.4052812 ], [ 92.5608136, 27.4052323 ], [ 92.5611578, 27.405152 ], [ 92.5612409, 27.4051326 ], [ 92.5614766, 27.4049507 ], [ 92.561785, 27.4048842 ], [ 92.5619437, 27.4048979 ], [ 92.5621199, 27.4047727 ], [ 92.5627015, 27.4045967 ], [ 92.5630394, 27.4042403 ], [ 92.5633205, 27.4042134 ], [ 92.5635814, 27.4041328 ], [ 92.5637437, 27.4035225 ], [ 92.5627996, 27.402622 ], [ 92.5624196, 27.4017449 ], [ 92.5627791, 27.4013972 ], [ 92.5634572, 27.4016411 ], [ 92.5641763, 27.4013401 ], [ 92.5651526, 27.4017034 ], [ 92.5663247, 27.4012389 ], [ 92.5672454, 27.4013297 ], [ 92.568359, 27.4011922 ], [ 92.5683649, 27.4012597 ], [ 92.5684906, 27.4013038 ], [ 92.5687682, 27.4013064 ], [ 92.5689699, 27.4013116 ], [ 92.569318, 27.4017105 ], [ 92.5697524, 27.4024578 ], [ 92.5704426, 27.4027807 ], [ 92.5709712, 27.4031124 ], [ 92.5719004, 27.4030945 ], [ 92.5723718, 27.4030048 ], [ 92.5726816, 27.4031334 ], [ 92.5733684, 27.4031902 ], [ 92.5737489, 27.4033516 ], [ 92.5741899, 27.4036296 ], [ 92.5743852, 27.4037551 ], [ 92.5744848, 27.4038612 ], [ 92.5746343, 27.4039467 ], [ 92.5751191, 27.4039909 ], [ 92.5752668, 27.4039246 ], [ 92.5754212, 27.4039364 ], [ 92.5756703, 27.4039128 ], [ 92.5759924, 27.4038937 ], [ 92.5763178, 27.4039099 ], [ 92.5766266, 27.4040057 ], [ 92.5767793, 27.4040735 ], [ 92.5769885, 27.4041324 ], [ 92.5771197, 27.4042268 ], [ 92.5774966, 27.4043019 ], [ 92.5776443, 27.4042828 ], [ 92.5778784, 27.4043388 ], [ 92.5780428, 27.4043432 ], [ 92.5781873, 27.4043977 ], [ 92.5785758, 27.4045186 ], [ 92.5788414, 27.4046026 ], [ 92.579019, 27.4046822 ], [ 92.5790772, 27.40475 ], [ 92.5791818, 27.4047766 ], [ 92.5792498, 27.4048738 ], [ 92.5793793, 27.404809 ], [ 92.5797944, 27.4049151 ], [ 92.5800833, 27.4048665 ], [ 92.5803323, 27.4048208 ], [ 92.580505, 27.4047928 ], [ 92.5809001, 27.4048444 ], [ 92.581199, 27.4048886 ], [ 92.5813235, 27.4049269 ], [ 92.5817203, 27.4049859 ], [ 92.5822732, 27.4051259 ] ] } },
{ "type": "Feature", "properties": { "element": "way", "id": 1174934624, "highway": "tertiary", "ref": null, "ref:old": null, "source": null, "name": null, "name:en": null, "surface": null, "bridge": null, "bridge:structure": null, "layer": null, "name:zh": null, "sidewalk": null, "smoothness": null, "lanes": null, "route": null, "alt_name": null, "service": null, "oneway": null }, "geometry": { "type": "LineString", "coordinates": [ [ 92.5096145, 27.4035235 ], [ 92.5096219, 27.4035192 ], [ 92.5098753, 27.4034232 ], [ 92.5101379, 27.4034342 ], [ 92.5103109, 27.4034095 ], [ 92.510416, 27.4032915 ], [ 92.5104685, 27.403116 ], [ 92.5104809, 27.4030008 ], [ 92.5105828, 27.4028225 ], [ 92.5107188, 27.402721 ], [ 92.5108454, 27.4025427 ], [ 92.5110339, 27.4023946 ], [ 92.5112131, 27.4022163 ], [ 92.5114232, 27.4020188 ], [ 92.5115869, 27.4017884 ], [ 92.511692, 27.4016513 ], [ 92.5118681, 27.4015662 ], [ 92.5119422, 27.4014236 ], [ 92.5119453, 27.4012069 ], [ 92.5120226, 27.4009929 ], [ 92.5121616, 27.4008092 ], [ 92.512279, 27.4007132 ], [ 92.5124737, 27.4006309 ], [ 92.5127054, 27.4006034 ], [ 92.5128753, 27.4005486 ], [ 92.5129618, 27.4004306 ], [ 92.5130174, 27.4003483 ], [ 92.5131163, 27.4003566 ], [ 92.5131873, 27.4004361 ], [ 92.513107, 27.4006473 ], [ 92.5129587, 27.4007433 ], [ 92.5127394, 27.4008558 ], [ 92.5125663, 27.4008366 ], [ 92.5124088, 27.400886 ], [ 92.512313, 27.4010149 ], [ 92.5122697, 27.4011932 ], [ 92.5122388, 27.401377 ], [ 92.5122728, 27.4015799 ], [ 92.5122234, 27.4017966 ], [ 92.5120813, 27.4019448 ], [ 92.5119608, 27.4021422 ], [ 92.5118434, 27.4024001 ], [ 92.5117414, 27.4026031 ], [ 92.5116549, 27.4027375 ], [ 92.5115808, 27.4028115 ], [ 92.5114757, 27.4029843 ], [ 92.511312, 27.4031626 ], [ 92.51121, 27.4034314 ], [ 92.5111297, 27.4037469 ], [ 92.5110679, 27.4040184 ], [ 92.5110308, 27.4042186 ], [ 92.5109443, 27.4043832 ], [ 92.5109227, 27.4045341 ], [ 92.5108856, 27.4046849 ], [ 92.5108763, 27.4048495 ], [ 92.5108053, 27.4050278 ], [ 92.510782, 27.4050603 ] ] } },
{ "type": "Feature", "properties": { "element": "way", "id": 1174934625, "highway": "tertiary", "ref": null, "ref:old": null, "source": null, "name": null, "name:en": null, "surface": null, "bridge": "yes", "bridge:structure": null, "layer": "1", "name:zh": null, "sidewalk": null, "smoothness": null, "lanes": null, "route": null, "alt_name": null, "service": null, "oneway": null }, "geometry": { "type": "LineString", "coordinates": [ [ 92.510782, 27.4050603 ], [ 92.5107438, 27.4051137 ] ] } },
{ "type": "Feature", "properties": { "element": "way", "id": 1175244870, "highway": "residential", "ref": null, "ref:old": null, "source": null, "name": null, "name:en": null, "surface": null, "bridge": null, "bridge:structure": null, "layer": null, "name:zh": null, "sidewalk": null, "smoothness": null, "lanes": null, "route": null, "alt_name": null, "service": null, "oneway": null }, "geometry": { "type": "LineString", "coordinates": [ [ 92.5457491, 27.3725072 ], [ 92.5456152, 27.3727621 ], [ 92.5454457, 27.3729386 ], [ 92.5451914, 27.3730346 ], [ 92.5450277, 27.3729801 ], [ 92.5449751, 27.372949 ], [ 92.5448114, 27.3729568 ], [ 92.5447004, 27.3728919 ], [ 92.5445747, 27.3728166 ] ] } },
{ "type": "Feature", "properties": { "element": "way", "id": 1175244871, "highway": "service", "ref": null, "ref:old": null, "source": null, "name": null, "name:en": null, "surface": null, "bridge": null, "bridge:structure": null, "layer": null, "name:zh": null, "sidewalk": null, "smoothness": null, "lanes": null, "route": null, "alt_name": null, "service": null, "oneway": null }, "geometry": { "type": "LineString", "coordinates": [ [ 92.5460758, 27.3712088 ], [ 92.5457088, 27.3714798 ], [ 92.5453756, 27.3717809 ] ] } },
{ "type": "Feature", "properties": { "element": "way", "id": 1175244872, "highway": "residential", "ref": null, "ref:old": null, "source": null, "name": null, "name:en": null, "surface": null, "bridge": null, "bridge:structure": null, "layer": null, "name:zh": null, "sidewalk": null, "smoothness": null, "lanes": null, "route": null, "alt_name": null, "service": null, "oneway": null }, "geometry": { "type": "LineString", "coordinates": [ [ 92.5457258, 27.3738365 ], [ 92.5457259, 27.3740821 ], [ 92.5457055, 27.3744065 ], [ 92.5454745, 27.3746246 ], [ 92.5455827, 27.3747777 ], [ 92.5457171, 27.374814 ], [ 92.5458633, 27.3748789 ], [ 92.5460182, 27.3748556 ], [ 92.5463193, 27.3748348 ], [ 92.5464729, 27.3747865 ] ] } },
{ "type": "Feature", "properties": { "element": "way", "id": 1175244873, "highway": "residential", "ref": null, "ref:old": null, "source": null, "name": null, "name:en": null, "surface": null, "bridge": null, "bridge:structure": null, "layer": null, "name:zh": null, "sidewalk": null, "smoothness": null, "lanes": null, "route": null, "alt_name": null, "service": null, "oneway": null }, "geometry": { "type": "LineString", "coordinates": [ [ 92.5459714, 27.3747024 ], [ 92.5461351, 27.3746921 ], [ 92.5463076, 27.3747128 ], [ 92.5464729, 27.3747865 ], [ 92.546597, 27.3747985 ], [ 92.5469506, 27.3748218 ], [ 92.5471026, 27.3748608 ], [ 92.5474621, 27.3749957 ], [ 92.5475878, 27.3750632 ], [ 92.5479444, 27.3753877 ], [ 92.54819, 27.3754681 ], [ 92.5483507, 27.3755201 ], [ 92.5485086, 27.3754266 ], [ 92.5486683, 27.3752074 ] ] } },
{ "type": "Feature", "properties": { "element": "way", "id": 1175244874, "highway": "residential", "ref": null, "ref:old": null, "source": null, "name": null, "name:en": null, "surface": null, "bridge": null, "bridge:structure": null, "layer": null, "name:zh": null, "sidewalk": null, "smoothness": null, "lanes": null, "route": null, "alt_name": null, "service": null, "oneway": null }, "geometry": { "type": "LineString", "coordinates": [ [ 92.5483507, 27.3755201 ], [ 92.5483683, 27.3758004 ], [ 92.5483332, 27.3758315 ], [ 92.5482513, 27.3758341 ], [ 92.5482192, 27.3758497 ], [ 92.5482952, 27.3759379 ], [ 92.5482923, 27.3759639 ], [ 92.5482396, 27.3759769 ], [ 92.5482133, 27.3760755 ], [ 92.5482104, 27.3762546 ] ] } },
{ "type": "Feature", "properties": { "element": "way", "id": 1175542863, "highway": "unclassified", "ref": null, "ref:old": null, "source": null, "name": null, "name:en": null, "surface": null, "bridge": null, "bridge:structure": null, "layer": null, "name:zh": null, "sidewalk": null, "smoothness": null, "lanes": null, "route": null, "alt_name": null, "service": null, "oneway": null }, "geometry": { "type": "LineString", "coordinates": [ [ 92.4939068, 27.4295879 ], [ 92.4936704, 27.4297143 ], [ 92.4934178, 27.4297143 ], [ 92.4932562, 27.4295081 ], [ 92.492869, 27.4293676 ], [ 92.4924717, 27.4291196 ], [ 92.4923404, 27.4288925 ], [ 92.4922697, 27.428743 ], [ 92.4921149, 27.4286145 ], [ 92.4919633, 27.42851 ], [ 92.4919229, 27.4281633 ], [ 92.4920408, 27.4278615 ], [ 92.4920408, 27.4275806 ], [ 92.4914433, 27.4276287 ], [ 92.4907491, 27.4277492 ], [ 92.490369, 27.4273568 ], [ 92.490082, 27.4271124 ], [ 92.4892327, 27.427133 ], [ 92.4886897, 27.4270194 ], [ 92.4882204, 27.4271502 ], [ 92.4877046, 27.4273912 ], [ 92.4873827, 27.4276907 ], [ 92.4870492, 27.4277664 ], [ 92.4868165, 27.4278318 ], [ 92.4866071, 27.4280934 ], [ 92.4864248, 27.4282139 ], [ 92.4862348, 27.4282552 ], [ 92.4859904, 27.4283172 ], [ 92.4857538, 27.4285719 ], [ 92.4856918, 27.4286718 ], [ 92.4857538, 27.4287234 ], [ 92.4854862, 27.4291502 ], [ 92.4854707, 27.4294291 ], [ 92.4853195, 27.4296046 ], [ 92.4853156, 27.4297974 ], [ 92.4852574, 27.4300315 ], [ 92.4852691, 27.4302724 ], [ 92.485304, 27.430448 ], [ 92.4851915, 27.430713 ], [ 92.4851682, 27.4308851 ], [ 92.485017, 27.4312397 ], [ 92.484889, 27.4312879 ], [ 92.4847028, 27.4312982 ], [ 92.484505, 27.4311158 ], [ 92.4842529, 27.4306476 ], [ 92.4839931, 27.4300521 ], [ 92.4834657, 27.4296907 ], [ 92.4830429, 27.4295151 ], [ 92.4825077, 27.4292776 ], [ 92.4824922, 27.4290986 ], [ 92.4825465, 27.4288989 ], [ 92.4825, 27.4287268 ], [ 92.4823099, 27.4284721 ], [ 92.4820107, 27.4283961 ], [ 92.4818023, 27.4284284 ], [ 92.4817315, 27.4283842 ], [ 92.4815383, 27.4283384 ], [ 92.4814198, 27.4281754 ], [ 92.4813433, 27.4279514 ], [ 92.481284, 27.4278478 ], [ 92.4812171, 27.4277731 ], [ 92.4811922, 27.4275813 ], [ 92.4810406, 27.4273522 ], [ 92.4803269, 27.4265357 ], [ 92.4798467, 27.4259675 ], [ 92.4793133, 27.4252572 ], [ 92.4787383, 27.4246153 ], [ 92.478027, 27.4250152 ], [ 92.4776417, 27.4253992 ], [ 92.4775291, 27.4256259 ], [ 92.4774009, 27.4258988 ], [ 92.4772601, 27.4260218 ], [ 92.4770685, 27.426141 ], [ 92.476846, 27.4262564 ], [ 92.4768041, 27.4263874 ], [ 92.4766763, 27.4265067 ], [ 92.476586, 27.4266299 ], [ 92.4765794, 27.426669 ], [ 92.4764164, 27.4268586 ], [ 92.4764054, 27.427062 ], [ 92.4763239, 27.4272458 ], [ 92.47639, 27.427369 ], [ 92.4763591, 27.4275821 ], [ 92.4762247, 27.4277073 ], [ 92.4760155, 27.4278519 ], [ 92.4757467, 27.427895 ], [ 92.4754757, 27.4279028 ], [ 92.4753744, 27.4279165 ], [ 92.475207, 27.4280103 ], [ 92.4750374, 27.4280338 ], [ 92.4749294, 27.4279712 ], [ 92.4748149, 27.4278187 ], [ 92.4746232, 27.4277874 ], [ 92.4744117, 27.4277581 ], [ 92.4741584, 27.4279087 ], [ 92.4740064, 27.4279732 ], [ 92.473861, 27.4280377 ], [ 92.4738786, 27.4281902 ], [ 92.4738081, 27.4282821 ], [ 92.4738169, 27.4284444 ], [ 92.4737046, 27.4285871 ], [ 92.4736341, 27.4286595 ], [ 92.4736231, 27.4287455 ], [ 92.4734843, 27.4288707 ], [ 92.473405, 27.4289567 ], [ 92.473101, 27.4291952 ], [ 92.4727749, 27.4290975 ], [ 92.4724798, 27.4291542 ], [ 92.4721912, 27.4292343 ], [ 92.4719797, 27.4293184 ], [ 92.4718299, 27.429336 ], [ 92.4717153, 27.4294123 ], [ 92.4715237, 27.4293732 ], [ 92.4713144, 27.4295218 ], [ 92.4710919, 27.4296097 ], [ 92.4710302, 27.4297329 ], [ 92.4711712, 27.4300106 ], [ 92.4712131, 27.4301259 ], [ 92.4712065, 27.4302237 ], [ 92.4714532, 27.4303977 ], [ 92.4715017, 27.4304779 ], [ 92.4714201, 27.4307751 ], [ 92.4713475, 27.4309237 ], [ 92.4712593, 27.4310547 ], [ 92.4711294, 27.4312072 ], [ 92.4709487, 27.4314262 ], [ 92.4707615, 27.4316061 ], [ 92.4706866, 27.431827 ], [ 92.4706932, 27.4319795 ], [ 92.4708584, 27.4322337 ], [ 92.4707725, 27.4324488 ], [ 92.4706636, 27.4325719 ], [ 92.4705786, 27.4327225 ], [ 92.4705742, 27.4328965 ], [ 92.470594, 27.4331057 ], [ 92.4705478, 27.4333599 ], [ 92.4704663, 27.4334355 ], [ 92.4704024, 27.4334948 ], [ 92.4702284, 27.4335339 ], [ 92.4699618, 27.4334713 ], [ 92.469812, 27.4336297 ], [ 92.4695411, 27.4338272 ], [ 92.469039, 27.4338939 ], [ 92.4689134, 27.4339408 ], [ 92.468627, 27.4340601 ], [ 92.4684662, 27.4340698 ], [ 92.468127, 27.434148 ], [ 92.4679772, 27.4342165 ], [ 92.4678186, 27.4343416 ], [ 92.4676159, 27.4344042 ], [ 92.4673515, 27.434455 ], [ 92.4671533, 27.4345176 ], [ 92.4670167, 27.4346408 ], [ 92.4668801, 27.4346994 ], [ 92.4667127, 27.4348871 ], [ 92.4664263, 27.4351315 ], [ 92.4662963, 27.4352136 ], [ 92.4661179, 27.4352351 ], [ 92.4660496, 27.4352742 ], [ 92.4659615, 27.4353915 ], [ 92.4658205, 27.4354893 ], [ 92.4655429, 27.4355655 ], [ 92.4655348, 27.435581 ], [ 92.4653843, 27.4358666 ], [ 92.4652654, 27.4360172 ], [ 92.4650186, 27.4360798 ], [ 92.4648622, 27.4360758 ], [ 92.4646258, 27.4362217 ], [ 92.464501, 27.4362987 ], [ 92.4642454, 27.4364004 ], [ 92.464089, 27.4364141 ], [ 92.4639524, 27.4363906 ], [ 92.4638511, 27.4363574 ], [ 92.4638416, 27.4363785 ], [ 92.4637284, 27.4366308 ], [ 92.4636252, 27.4367955 ], [ 92.4635659, 27.4372147 ], [ 92.4637323, 27.4375185 ], [ 92.4637939, 27.4376993 ], [ 92.4638011, 27.4377205 ], [ 92.4638285, 27.4379103 ], [ 92.4638547, 27.4380922 ], [ 92.4638738, 27.4384147 ], [ 92.4637361, 27.438486 ], [ 92.4635544, 27.4386235 ] ] } },
{ "type": "Feature", "properties": { "element": "way", "id": 1175542864, "highway": "track", "ref": null, "ref:old": null, "source": null, "name": null, "name:en": null, "surface": null, "bridge": null, "bridge:structure": null, "layer": null, "name:zh": null, "sidewalk": null, "smoothness": null, "lanes": null, "route": null, "alt_name": null, "service": null, "oneway": null }, "geometry": { "type": "LineString", "coordinates": [ [ 92.4635544, 27.4386235 ], [ 92.4633555, 27.4387694 ], [ 92.4631394, 27.4388713 ], [ 92.4628621, 27.4390902 ], [ 92.462732, 27.4392074 ], [ 92.4622597, 27.4393143 ], [ 92.4619212, 27.4393228 ], [ 92.4616171, 27.4393007 ], [ 92.4614947, 27.4394484 ], [ 92.4610261, 27.4393448 ], [ 92.4608292, 27.4396317 ], [ 92.4606131, 27.4400713 ], [ 92.4605557, 27.4402172 ], [ 92.4604868, 27.4404684 ], [ 92.4603472, 27.4407536 ], [ 92.4603796, 27.4407698 ], [ 92.4605464, 27.4406872 ], [ 92.4605852, 27.4407027 ], [ 92.4605949, 27.4408403 ], [ 92.46056, 27.4409608 ], [ 92.4604204, 27.4411157 ], [ 92.4603758, 27.4412362 ], [ 92.46024, 27.4413652 ], [ 92.4600015, 27.4413945 ], [ 92.4598716, 27.4413859 ], [ 92.4597261, 27.4413102 ], [ 92.4596117, 27.4411209 ], [ 92.459509, 27.4409918 ], [ 92.4587083, 27.4409079 ], [ 92.4582993, 27.4409847 ], [ 92.4577133, 27.4408137 ], [ 92.4573948, 27.4410126 ], [ 92.4570763, 27.4410719 ], [ 92.4559634, 27.4416862 ], [ 92.455637, 27.4420282 ], [ 92.4553578, 27.442283 ], [ 92.4548977, 27.4430438 ], [ 92.4544612, 27.4435114 ], [ 92.4531281, 27.4447678 ], [ 92.4526523, 27.4452284 ], [ 92.4515276, 27.4460416 ], [ 92.4498589, 27.4472218 ], [ 92.4487971, 27.4476755 ], [ 92.4480618, 27.4481152 ], [ 92.4480067, 27.448335 ], [ 92.4480893, 27.4484677 ], [ 92.4479654, 27.4487141 ], [ 92.4479227, 27.4487967 ], [ 92.4480585, 27.4488793 ], [ 92.4480818, 27.4489843 ], [ 92.4481554, 27.4490393 ], [ 92.4481147, 27.4491856 ], [ 92.4480294, 27.4492768 ], [ 92.4478975, 27.4494403 ], [ 92.4478006, 27.4495246 ], [ 92.4478297, 27.4496089 ], [ 92.447754, 27.4496519 ], [ 92.4476047, 27.4496485 ], [ 92.4475019, 27.4496055 ], [ 92.4475388, 27.4497036 ], [ 92.4474748, 27.4498344 ], [ 92.4474302, 27.4499892 ], [ 92.4472266, 27.4501579 ], [ 92.4470075, 27.4503007 ], [ 92.4466255, 27.4503007 ], [ 92.4465789, 27.4503575 ], [ 92.446513, 27.4504711 ], [ 92.4463074, 27.4505795 ], [ 92.4462085, 27.4507068 ], [ 92.4460515, 27.4508531 ], [ 92.446003, 27.4511938 ], [ 92.4459448, 27.4511766 ], [ 92.4459215, 27.4511405 ], [ 92.4458614, 27.4513642 ], [ 92.4458672, 27.4515414 ], [ 92.4459312, 27.4517427 ], [ 92.4459894, 27.4519802 ], [ 92.4459797, 27.4521299 ], [ 92.4458168, 27.4523175 ] ] } },
{ "type": "Feature", "properties": { "element": "way", "id": 1175542865, "highway": "residential", "ref": null, "ref:old": null, "source": null, "name": null, "name:en": null, "surface": null, "bridge": null, "bridge:structure": null, "layer": null, "name:zh": null, "sidewalk": null, "smoothness": null, "lanes": null, "route": null, "alt_name": null, "service": null, "oneway": null }, "geometry": { "type": "LineString", "coordinates": [ [ 92.4704663, 27.4334355 ], [ 92.4705042, 27.433548 ], [ 92.4705457, 27.4337321 ], [ 92.4707413, 27.43384 ], [ 92.4707591, 27.4339057 ] ] } },
{ "type": "Feature", "properties": { "element": "way", "id": 1175542866, "highway": "residential", "ref": null, "ref:old": null, "source": null, "name": null, "name:en": null, "surface": null, "bridge": null, "bridge:structure": null, "layer": null, "name:zh": null, "sidewalk": null, "smoothness": null, "lanes": null, "route": null, "alt_name": null, "service": null, "oneway": null }, "geometry": { "type": "LineString", "coordinates": [ [ 92.4638416, 27.4363785 ], [ 92.4635817, 27.436701 ], [ 92.4633226, 27.4371054 ], [ 92.4632896, 27.4371369 ], [ 92.4632645, 27.4371609 ], [ 92.4630501, 27.4372125 ], [ 92.4628915, 27.4371808 ], [ 92.4626771, 27.4372283 ], [ 92.4627039, 27.4373869 ], [ 92.4629138, 27.4373889 ], [ 92.4631372, 27.4373909 ], [ 92.463336, 27.4372997 ], [ 92.4633807, 27.4372105 ], [ 92.4633226, 27.4371054 ] ] } },
{ "type": "Feature", "properties": { "element": "way", "id": 1175542867, "highway": "residential", "ref": null, "ref:old": null, "source": null, "name": null, "name:en": null, "surface": null, "bridge": null, "bridge:structure": null, "layer": null, "name:zh": null, "sidewalk": null, "smoothness": null, "lanes": null, "route": null, "alt_name": null, "service": null, "oneway": null }, "geometry": { "type": "LineString", "coordinates": [ [ 92.4633807, 27.4372105 ], [ 92.4635084, 27.4375184 ], [ 92.463546, 27.437609 ], [ 92.4635614, 27.437604 ], [ 92.4636264, 27.4375832 ], [ 92.463651, 27.4376169 ], [ 92.4636018, 27.4377299 ], [ 92.4636532, 27.4377775 ], [ 92.4635862, 27.4379341 ], [ 92.4635482, 27.4379717 ], [ 92.4635817, 27.4379935 ], [ 92.463642, 27.4379896 ], [ 92.4637135, 27.4379935 ], [ 92.463717, 27.438023 ], [ 92.4637224, 27.4380689 ] ] } },
{ "type": "Feature", "properties": { "element": "way", "id": 1175542868, "highway": "residential", "ref": null, "ref:old": null, "source": null, "name": null, "name:en": null, "surface": null, "bridge": null, "bridge:structure": null, "layer": null, "name:zh": null, "sidewalk": null, "smoothness": null, "lanes": null, "route": null, "alt_name": null, "service": null, "oneway": null }, "geometry": { "type": "LineString", "coordinates": [ [ 92.4635614, 27.437604 ], [ 92.4635817, 27.4375158 ], [ 92.4635817, 27.4373909 ], [ 92.4635752, 27.4373187 ], [ 92.4635659, 27.4372147 ] ] } },
{ "type": "Feature", "properties": { "element": "way", "id": 1175542869, "highway": "residential", "ref": null, "ref:old": null, "source": null, "name": null, "name:en": null, "surface": null, "bridge": null, "bridge:structure": null, "layer": null, "name:zh": null, "sidewalk": null, "smoothness": null, "lanes": null, "route": null, "alt_name": null, "service": null, "oneway": null }, "geometry": { "type": "LineString", "coordinates": [ [ 92.4635084, 27.4375184 ], [ 92.4635415, 27.4374821 ], [ 92.4635594, 27.4373691 ], [ 92.4635752, 27.4373187 ] ] } },
{ "type": "Feature", "properties": { "element": "way", "id": 1175542870, "highway": "residential", "ref": null, "ref:old": null, "source": null, "name": null, "name:en": null, "surface": null, "bridge": null, "bridge:structure": null, "layer": null, "name:zh": null, "sidewalk": null, "smoothness": null, "lanes": null, "route": null, "alt_name": null, "service": null, "oneway": null }, "geometry": { "type": "LineString", "coordinates": [ [ 92.4637224, 27.4380689 ], [ 92.4637324, 27.4380925 ], [ 92.463785, 27.4379814 ], [ 92.4638285, 27.4379103 ] ] } },
{ "type": "Feature", "properties": { "element": "way", "id": 1175542871, "highway": "residential", "ref": null, "ref:old": null, "source": null, "name": null, "name:en": null, "surface": null, "bridge": null, "bridge:structure": null, "layer": null, "name:zh": null, "sidewalk": null, "smoothness": null, "lanes": null, "route": null, "alt_name": null, "service": null, "oneway": null }, "geometry": { "type": "LineString", "coordinates": [ [ 92.463717, 27.438023 ], [ 92.4637477, 27.4379805 ], [ 92.4637707, 27.4378617 ], [ 92.4637907, 27.4377301 ], [ 92.4637939, 27.4376993 ] ] } },
{ "type": "Feature", "properties": { "element": "way", "id": 1175542872, "highway": "residential", "ref": null, "ref:old": null, "source": null, "name": null, "name:en": null, "surface": null, "bridge": null, "bridge:structure": null, "layer": null, "name:zh": null, "sidewalk": null, "smoothness": null, "lanes": null, "route": null, "alt_name": null, "service": null, "oneway": null }, "geometry": { "type": "LineString", "coordinates": [ [ 92.4646258, 27.4362217 ], [ 92.464748, 27.4360525 ], [ 92.464995, 27.4359578 ], [ 92.4651046, 27.4359747 ], [ 92.4652303, 27.4359384 ], [ 92.4653063, 27.4358618 ], [ 92.4653385, 27.4357866 ], [ 92.4653926, 27.4357127 ], [ 92.4654379, 27.4356673 ], [ 92.4654686, 27.4355959 ], [ 92.4655348, 27.435581 ] ] } },
{ "type": "Feature", "properties": { "element": "way", "id": 1175542873, "highway": "residential", "ref": null, "ref:old": null, "source": null, "name": null, "name:en": null, "surface": null, "bridge": null, "bridge:structure": null, "layer": null, "name:zh": null, "sidewalk": null, "smoothness": null, "lanes": null, "route": null, "alt_name": null, "service": null, "oneway": null }, "geometry": { "type": "LineString", "coordinates": [ [ 92.4632896, 27.4371369 ], [ 92.463295, 27.4366353 ], [ 92.4632327, 27.4366756 ], [ 92.4631233, 27.436695 ], [ 92.4631906, 27.4365367 ], [ 92.4633118, 27.4363693 ], [ 92.4633068, 27.4363544 ], [ 92.4631081, 27.4364231 ], [ 92.4629886, 27.4364395 ], [ 92.4627866, 27.4364381 ] ] } },
{ "type": "Feature", "properties": { "element": "way", "id": 1177861894, "highway": "unclassified", "ref": null, "ref:old": null, "source": null, "name": null, "name:en": null, "surface": null, "bridge": null, "bridge:structure": null, "layer": null, "name:zh": null, "sidewalk": null, "smoothness": null, "lanes": null, "route": null, "alt_name": null, "service": null, "oneway": null }, "geometry": { "type": "LineString", "coordinates": [ [ 92.3168713, 27.4331748 ], [ 92.3174053, 27.4325865 ], [ 92.317391, 27.4321125 ], [ 92.3175961, 27.4314311 ], [ 92.3176724, 27.4311776 ], [ 92.317515, 27.430784 ], [ 92.317639, 27.4304666 ], [ 92.3173052, 27.4297217 ], [ 92.3171574, 27.4290061 ], [ 92.3171049, 27.4287987 ], [ 92.3168856, 27.4284602 ], [ 92.3165947, 27.4282062 ], [ 92.3162562, 27.4277068 ], [ 92.3160654, 27.4272709 ], [ 92.3157984, 27.4272031 ], [ 92.3157269, 27.4270338 ], [ 92.3155075, 27.4262954 ], [ 92.3154837, 27.4260753 ], [ 92.3155361, 27.4258553 ] ] } },
{ "type": "Feature", "properties": { "element": "way", "id": 1177861895, "highway": "unclassified", "ref": null, "ref:old": null, "source": null, "name": null, "name:en": null, "surface": null, "bridge": null, "bridge:structure": null, "layer": null, "name:zh": null, "sidewalk": null, "smoothness": null, "lanes": null, "route": null, "alt_name": null, "service": null, "oneway": null }, "geometry": { "type": "LineString", "coordinates": [ [ 92.3079735, 27.422829 ], [ 92.3085743, 27.4229602 ], [ 92.3097521, 27.4229391 ], [ 92.3110777, 27.4230068 ], [ 92.3121546, 27.4231164 ], [ 92.3126029, 27.4231714 ], [ 92.3132275, 27.4234381 ], [ 92.3135136, 27.4235481 ], [ 92.3138045, 27.4238656 ], [ 92.3142336, 27.4245682 ], [ 92.3143641, 27.4247947 ], [ 92.3145548, 27.4249216 ], [ 92.3148982, 27.4250275 ], [ 92.3150031, 27.4251417 ], [ 92.3150984, 27.4253237 ], [ 92.315313, 27.4255142 ], [ 92.3154704, 27.4257554 ], [ 92.3155361, 27.4258553 ], [ 92.3168866, 27.426166 ], [ 92.3171523, 27.4261152 ], [ 92.3175672, 27.4259628 ], [ 92.3179105, 27.4258613 ], [ 92.3181632, 27.4258486 ], [ 92.3183683, 27.4257978 ], [ 92.3185209, 27.425675 ] ] } },
{ "type": "Feature", "properties": { "element": "way", "id": 1183731571, "highway": "unclassified", "ref": null, "ref:old": null, "source": null, "name": null, "name:en": null, "surface": null, "bridge": null, "bridge:structure": null, "layer": null, "name:zh": null, "sidewalk": null, "smoothness": null, "lanes": null, "route": null, "alt_name": null, "service": null, "oneway": null }, "geometry": { "type": "LineString", "coordinates": [ [ 92.5130267, 27.402625 ], [ 92.5131811, 27.4024613 ], [ 92.5132991, 27.4024232 ], [ 92.5134386, 27.4024422 ], [ 92.51346, 27.4025375 ], [ 92.5132133, 27.4027089 ], [ 92.5130094, 27.4030042 ], [ 92.5125803, 27.4038424 ], [ 92.5122906, 27.4046044 ], [ 92.5122799, 27.4047949 ], [ 92.5123979, 27.4049378 ], [ 92.5127519, 27.4050616 ], [ 92.5128807, 27.4051473 ], [ 92.5130523, 27.4051854 ], [ 92.5131596, 27.4051854 ] ] } },
{ "type": "Feature", "properties": { "element": "way", "id": 1184970435, "highway": "track", "ref": null, "ref:old": null, "source": null, "name": null, "name:en": null, "surface": null, "bridge": null, "bridge:structure": null, "layer": null, "name:zh": null, "sidewalk": null, "smoothness": null, "lanes": null, "route": null, "alt_name": null, "service": null, "oneway": null }, "geometry": { "type": "LineString", "coordinates": [ [ 92.5262555, 27.3730728 ], [ 92.5262538, 27.3731586 ], [ 92.5261572, 27.3732619 ], [ 92.5258903, 27.3732895 ], [ 92.5256791, 27.3732197 ], [ 92.5256169, 27.3733535 ], [ 92.5255317, 27.3735774 ], [ 92.5254253, 27.3737432 ], [ 92.525422, 27.3738595 ], [ 92.5255186, 27.3740849 ], [ 92.5256382, 27.3743553 ], [ 92.5257331, 27.374601 ], [ 92.5258281, 27.3746854 ], [ 92.5258527, 27.3748119 ], [ 92.5258396, 27.3750605 ], [ 92.525833, 27.3752205 ], [ 92.5258707, 27.375408 ], [ 92.5259378, 27.3757367 ], [ 92.5260246, 27.3759184 ], [ 92.5261032, 27.3759868 ], [ 92.5261801, 27.3759446 ], [ 92.5261769, 27.3758341 ], [ 92.526208, 27.3757905 ], [ 92.5262767, 27.3757832 ], [ 92.526357, 27.3758603 ], [ 92.5263946, 27.3760347 ], [ 92.5264208, 27.3762514 ], [ 92.5264618, 27.3763968 ], [ 92.5264569, 27.3765727 ], [ 92.5265731, 27.376724 ], [ 92.5266779, 27.3768664 ], [ 92.5267123, 27.3770918 ], [ 92.5266681, 27.3772939 ], [ 92.5267418, 27.3773681 ], [ 92.5268695, 27.3773565 ], [ 92.5269907, 27.3772081 ], [ 92.5270169, 27.3770409 ], [ 92.5270905, 27.3769086 ] ] } },
{ "type": "Feature", "properties": { "element": "way", "id": 1218299898, "highway": "unclassified", "ref": null, "ref:old": null, "source": null, "name": null, "name:en": null, "surface": null, "bridge": null, "bridge:structure": null, "layer": null, "name:zh": null, "sidewalk": null, "smoothness": null, "lanes": null, "route": null, "alt_name": null, "service": null, "oneway": null }, "geometry": { "type": "LineString", "coordinates": [ [ 92.4121597, 27.1844305 ], [ 92.4123692, 27.1845268 ], [ 92.4125788, 27.1844496 ], [ 92.4126299, 27.1845926 ], [ 92.4128884, 27.1847794 ], [ 92.4132289, 27.1847331 ], [ 92.4134356, 27.1848059 ], [ 92.4136473, 27.1853875 ], [ 92.4138701, 27.18587 ], [ 92.4144306, 27.185785 ], [ 92.4148001, 27.185802 ], [ 92.4151361, 27.1859082 ], [ 92.414943, 27.1862995 ], [ 92.4156341, 27.1866751 ], [ 92.4159351, 27.1870508 ], [ 92.4167202, 27.1869573 ], [ 92.416842, 27.187082 ], [ 92.4151897, 27.1885163 ], [ 92.4145992, 27.1886022 ], [ 92.4143151, 27.1886129 ], [ 92.414031, 27.1887426 ], [ 92.4136841, 27.1892276 ], [ 92.4136159, 27.1894945 ], [ 92.4133681, 27.1896515 ], [ 92.4130506, 27.1895353 ], [ 92.4127164, 27.1896422 ], [ 92.4119922, 27.1897666 ], [ 92.4118786, 27.1898778 ], [ 92.4118207, 27.1900684 ], [ 92.4115823, 27.1905784 ], [ 92.410916, 27.1910729 ], [ 92.4107909, 27.1922354 ], [ 92.4111504, 27.1925081 ], [ 92.4113984, 27.1929592 ], [ 92.4116492, 27.1929989 ], [ 92.4118841, 27.1933121 ], [ 92.411662, 27.1939228 ], [ 92.4116749, 27.1948467 ], [ 92.411173, 27.1961574 ], [ 92.4111176, 27.1964691 ], [ 92.4111189, 27.1966554 ], [ 92.4109883, 27.1968277 ], [ 92.4107325, 27.1970527 ], [ 92.410772, 27.1974887 ], [ 92.4110038, 27.1975765 ], [ 92.4109589, 27.1980308 ], [ 92.410852, 27.1985487 ], [ 92.4106028, 27.1991323 ], [ 92.4104942, 27.2002928 ], [ 92.4106021, 27.2004122 ], [ 92.4110874, 27.200534 ], [ 92.4116519, 27.2006557 ], [ 92.4118735, 27.200652 ], [ 92.4120794, 27.2005968 ], [ 92.4125701, 27.2006082 ], [ 92.412936, 27.2006732 ], [ 92.4132438, 27.2007945 ], [ 92.4137278, 27.2010324 ], [ 92.4141526, 27.2011095 ], [ 92.4142267, 27.2011374 ], [ 92.414264, 27.2012262 ], [ 92.4142319, 27.2013207 ], [ 92.4141575, 27.2013402 ], [ 92.4136403, 27.2012471 ], [ 92.4132683, 27.2012616 ], [ 92.4129385, 27.2012151 ], [ 92.4123417, 27.2011931 ], [ 92.4115445, 27.2013352 ], [ 92.4108396, 27.201441 ], [ 92.410161, 27.2016125 ], [ 92.4096802, 27.2015729 ], [ 92.4089885, 27.2014536 ], [ 92.4088158, 27.2013622 ], [ 92.408949, 27.2009424 ], [ 92.4087776, 27.2007314 ], [ 92.4086083, 27.2006355 ], [ 92.408418, 27.2006006 ], [ 92.4074572, 27.2008215 ], [ 92.4072097, 27.2008707 ], [ 92.407036, 27.200723 ], [ 92.407039, 27.2001825 ], [ 92.4070894, 27.1996466 ], [ 92.4071962, 27.1992714 ], [ 92.4070934, 27.199248 ], [ 92.4064121, 27.2001663 ], [ 92.4062633, 27.2004421 ], [ 92.4062744, 27.200752 ], [ 92.4064648, 27.2010056 ], [ 92.4067613, 27.201133 ], [ 92.406891, 27.2013913 ], [ 92.4069734, 27.2014995 ], [ 92.4071822, 27.2014694 ], [ 92.407312, 27.201444 ], [ 92.4074977, 27.2015315 ], [ 92.4075885, 27.2017644 ], [ 92.4078164, 27.202016 ], [ 92.4080443, 27.2021598 ], [ 92.4079843, 27.2022287 ], [ 92.407803, 27.2021945 ], [ 92.4074932, 27.2019713 ], [ 92.4069262, 27.2019422 ], [ 92.406172, 27.2017997 ], [ 92.4064732, 27.2021615 ], [ 92.406785, 27.2023169 ], [ 92.4073611, 27.2026417 ], [ 92.4081508, 27.202799 ], [ 92.4085541, 27.2028672 ], [ 92.4089371, 27.2029114 ], [ 92.4092807, 27.2029287 ], [ 92.4094541, 27.2029583 ], [ 92.4096141, 27.2030357 ], [ 92.4097777, 27.2034181 ], [ 92.4097897, 27.2035521 ], [ 92.4097165, 27.203581 ], [ 92.4096331, 27.2035919 ], [ 92.4094934, 27.2034791 ], [ 92.409389, 27.2032985 ], [ 92.4091298, 27.2032765 ], [ 92.4088252, 27.2033817 ], [ 92.4085744, 27.2033582 ], [ 92.4084036, 27.2034057 ], [ 92.4082563, 27.2034832 ], [ 92.4079718, 27.2034796 ], [ 92.4076957, 27.2036257 ], [ 92.4074971, 27.2036999 ], [ 92.4074092, 27.2037012 ], [ 92.4072843, 27.2036486 ], [ 92.4071897, 27.2036124 ], [ 92.4070413, 27.2036062 ], [ 92.4068672, 27.2036791 ], [ 92.4067941, 27.2038328 ], [ 92.4066882, 27.2039427 ], [ 92.4063863, 27.2040426 ], [ 92.406081, 27.2039838 ], [ 92.4058548, 27.204091 ], [ 92.4056555, 27.204249 ], [ 92.4055387, 27.2043008 ], [ 92.4052906, 27.2043017 ], [ 92.4052675, 27.2043683 ], [ 92.4057001, 27.2045121 ], [ 92.4057406, 27.2045915 ], [ 92.405685, 27.204638 ], [ 92.4055773, 27.2046471 ], [ 92.4052743, 27.2045935 ], [ 92.4050925, 27.2045204 ], [ 92.4050218, 27.2045272 ], [ 92.4049813, 27.204588 ], [ 92.4057293, 27.204943 ], [ 92.4058945, 27.2048616 ], [ 92.4060531, 27.2045556 ], [ 92.4062022, 27.2044678 ], [ 92.4064517, 27.2044463 ], [ 92.4065835, 27.2044727 ], [ 92.406571, 27.2045434 ], [ 92.406336, 27.2045878 ], [ 92.4061346, 27.204698 ], [ 92.4061003, 27.2050437 ], [ 92.4061165, 27.2053207 ], [ 92.4060749, 27.2054704 ], [ 92.4055207, 27.2055388 ], [ 92.4053038, 27.2054095 ], [ 92.405102, 27.205216 ], [ 92.405035, 27.2052628 ], [ 92.405305, 27.2056003 ], [ 92.405427, 27.2057014 ], [ 92.4057317, 27.2057509 ], [ 92.4059893, 27.2058184 ], [ 92.4059774, 27.2058721 ], [ 92.4059015, 27.2059019 ], [ 92.4056758, 27.2058597 ], [ 92.4052478, 27.2058052 ], [ 92.4046434, 27.2053537 ], [ 92.4044876, 27.2053126 ], [ 92.4042545, 27.2052177 ], [ 92.4040718, 27.2051003 ], [ 92.4040411, 27.2049728 ], [ 92.4039565, 27.2048841 ], [ 92.4038898, 27.2049367 ], [ 92.4038753, 27.2050191 ], [ 92.4039674, 27.2051751 ], [ 92.4046762, 27.2057252 ], [ 92.404938, 27.2060151 ], [ 92.4050353, 27.2061841 ], [ 92.4051797, 27.2063201 ], [ 92.4053333, 27.2063403 ], [ 92.4054869, 27.2063007 ], [ 92.4058546, 27.2063143 ], [ 92.4063247, 27.2062704 ], [ 92.4068264, 27.206024 ], [ 92.4069714, 27.2060529 ], [ 92.4070808, 27.2061836 ], [ 92.407063, 27.2063807 ], [ 92.4069829, 27.2063892 ], [ 92.406886, 27.2063214 ], [ 92.4067622, 27.2063075 ], [ 92.4066067, 27.2064823 ], [ 92.4063902, 27.2065868 ], [ 92.4061669, 27.2066555 ], [ 92.4058326, 27.2067435 ], [ 92.4055016, 27.2068735 ], [ 92.4051996, 27.2068932 ], [ 92.4049851, 27.2068201 ], [ 92.4047369, 27.2067456 ], [ 92.4044685, 27.2067279 ], [ 92.4042932, 27.2068075 ], [ 92.4042851, 27.2068737 ], [ 92.4043375, 27.2069355 ], [ 92.4045789, 27.2070405 ], [ 92.4049798, 27.2070708 ], [ 92.4053909, 27.207155 ], [ 92.4057065, 27.2072381 ], [ 92.4060401, 27.2074114 ], [ 92.4061936, 27.2075891 ] ] } },
{ "type": "Feature", "properties": { "element": "way", "id": 1259567007, "highway": "unclassified", "ref": null, "ref:old": null, "source": null, "name": null, "name:en": null, "surface": null, "bridge": null, "bridge:structure": null, "layer": null, "name:zh": null, "sidewalk": null, "smoothness": null, "lanes": null, "route": null, "alt_name": null, "service": null, "oneway": null }, "geometry": { "type": "LineString", "coordinates": [ [ 92.5374485, 27.4081482 ], [ 92.5375503, 27.4079859 ], [ 92.5376447, 27.4078581 ], [ 92.5377886, 27.4076444 ], [ 92.5378429, 27.4075607 ], [ 92.5377862, 27.4074643 ], [ 92.5376046, 27.4073826 ], [ 92.5375173, 27.4073302 ], [ 92.5374889, 27.4073051 ] ] } },
{ "type": "Feature", "properties": { "element": "way", "id": 1259626125, "highway": "unclassified", "ref": null, "ref:old": null, "source": null, "name": null, "name:en": null, "surface": null, "bridge": null, "bridge:structure": null, "layer": null, "name:zh": null, "sidewalk": null, "smoothness": null, "lanes": null, "route": null, "alt_name": null, "service": null, "oneway": null }, "geometry": { "type": "LineString", "coordinates": [ [ 92.5333189, 27.405684 ], [ 92.5331375, 27.405884 ], [ 92.5326157, 27.4064128 ], [ 92.5322748, 27.4067812 ], [ 92.5319461, 27.4069599 ], [ 92.5317079, 27.407124 ], [ 92.5313472, 27.4073845 ], [ 92.5310762, 27.4075554 ], [ 92.5309326, 27.4075987 ], [ 92.5308259, 27.4076652 ] ] } },
{ "type": "Feature", "properties": { "element": "way", "id": 1259626126, "highway": "path", "ref": null, "ref:old": null, "source": null, "name": null, "name:en": null, "surface": null, "bridge": null, "bridge:structure": null, "layer": null, "name:zh": null, "sidewalk": null, "smoothness": null, "lanes": null, "route": null, "alt_name": null, "service": null, "oneway": null }, "geometry": { "type": "LineString", "coordinates": [ [ 92.5386598, 27.4058209 ], [ 92.5387367, 27.4058993 ], [ 92.5389495, 27.4058945 ], [ 92.5390979, 27.4059326 ], [ 92.539207, 27.4059977 ], [ 92.5392642, 27.406058 ], [ 92.539316, 27.4060866 ], [ 92.539409, 27.4061041 ], [ 92.5394466, 27.4060993 ], [ 92.5394859, 27.406058 ], [ 92.5395557, 27.405985 ], [ 92.5396594, 27.4059231 ], [ 92.5397631, 27.4059088 ], [ 92.53984, 27.4059231 ], [ 92.539924, 27.405966 ], [ 92.5400331, 27.4059882 ], [ 92.5400796, 27.4060469 ], [ 92.5401851, 27.4060834 ], [ 92.5402816, 27.4061327 ], [ 92.540321, 27.4061723 ], [ 92.5404479, 27.4061676 ], [ 92.5405499, 27.4061549 ], [ 92.5406357, 27.4061866 ], [ 92.5407269, 27.4062311 ], [ 92.5407787, 27.4062644 ], [ 92.5408556, 27.4062835 ], [ 92.5409164, 27.406347 ], [ 92.5410917, 27.4064835 ], [ 92.5412347, 27.4065613 ], [ 92.5413992, 27.4066041 ], [ 92.5415065, 27.4066232 ], [ 92.5415745, 27.4066438 ], [ 92.5417104, 27.4066518 ], [ 92.5418248, 27.4066613 ], [ 92.5419357, 27.4066946 ], [ 92.5419732, 27.40662 ], [ 92.5420823, 27.4066041 ], [ 92.54222, 27.4066025 ], [ 92.5422969, 27.4066264 ], [ 92.5424864, 27.4066137 ], [ 92.5426563, 27.4066629 ], [ 92.5427975, 27.4066978 ], [ 92.5429665, 27.4067311 ], [ 92.5430953, 27.40682 ], [ 92.5433492, 27.4068676 ], [ 92.543435, 27.4070772 ], [ 92.5435381, 27.4072408 ] ] } },
{ "type": "Feature", "properties": { "element": "way", "id": 1260490467, "highway": "unclassified", "ref": null, "ref:old": null, "source": null, "name": null, "name:en": null, "surface": null, "bridge": null, "bridge:structure": null, "layer": null, "name:zh": null, "sidewalk": null, "smoothness": null, "lanes": null, "route": null, "alt_name": null, "service": null, "oneway": null }, "geometry": { "type": "LineString", "coordinates": [ [ 92.5401176, 27.3747011 ], [ 92.5403784, 27.3747327 ], [ 92.5407903, 27.3747695 ] ] } },
{ "type": "Feature", "properties": { "element": "way", "id": 1260490468, "highway": "tertiary", "ref": null, "ref:old": null, "source": null, "name": null, "name:en": null, "surface": null, "bridge": null, "bridge:structure": null, "layer": null, "name:zh": null, "sidewalk": null, "smoothness": null, "lanes": null, "route": null, "alt_name": null, "service": null, "oneway": null }, "geometry": { "type": "LineString", "coordinates": [ [ 92.5401176, 27.3747011 ], [ 92.540079, 27.3744511 ], [ 92.5399812, 27.3741721 ], [ 92.5398923, 27.3739563 ], [ 92.5398568, 27.3737194 ], [ 92.5398864, 27.3735247 ], [ 92.5399605, 27.3734536 ], [ 92.5401443, 27.3734167 ], [ 92.540494, 27.3734904 ], [ 92.540903, 27.3735299 ], [ 92.5411964, 27.3735299 ], [ 92.5414424, 27.3735641 ] ] } },
{ "type": "Feature", "properties": { "element": "way", "id": 1346502856, "highway": "tertiary", "ref": null, "ref:old": null, "source": null, "name": null, "name:en": null, "surface": null, "bridge": null, "bridge:structure": null, "layer": null, "name:zh": null, "sidewalk": null, "smoothness": null, "lanes": null, "route": null, "alt_name": null, "service": null, "oneway": null }, "geometry": { "type": "LineString", "coordinates": [ [ 92.5152318, 27.3942954 ], [ 92.5152542, 27.3940793 ], [ 92.5153293, 27.3937292 ], [ 92.515383, 27.3935268 ], [ 92.5153551, 27.3933482 ], [ 92.5153093, 27.3932612 ], [ 92.5152488, 27.3932339 ], [ 92.5151872, 27.3932487 ], [ 92.5151177, 27.3933326 ], [ 92.5149887, 27.3935697 ], [ 92.5147795, 27.3938816 ], [ 92.5144254, 27.3943579 ], [ 92.5142725, 27.3945127 ], [ 92.5137844, 27.3947985 ], [ 92.513492, 27.3949819 ], [ 92.5128965, 27.3954629 ] ] } },
{ "type": "Feature", "properties": { "element": "way", "id": 1346503494, "highway": "tertiary", "ref": null, "ref:old": null, "source": null, "name": null, "name:en": null, "surface": null, "bridge": null, "bridge:structure": null, "layer": null, "name:zh": null, "sidewalk": null, "smoothness": null, "lanes": null, "route": null, "alt_name": null, "service": null, "oneway": null }, "geometry": { "type": "LineString", "coordinates": [ [ 92.5407611, 27.3695758 ], [ 92.5406457, 27.369581 ], [ 92.5405016, 27.3695328 ], [ 92.5403151, 27.3694321 ], [ 92.5401522, 27.3693608 ], [ 92.5400578, 27.3692623 ], [ 92.5399043, 27.3691617 ], [ 92.5397744, 27.3691176 ], [ 92.5396068, 27.3691826 ], [ 92.539381, 27.3693286 ], [ 92.5392857, 27.3693902 ], [ 92.539052, 27.3695516 ], [ 92.53883, 27.3697299 ], [ 92.5386577, 27.3698955 ], [ 92.5381018, 27.3701408 ], [ 92.5378964, 27.3702834 ], [ 92.5375824, 27.370405 ], [ 92.5373664, 27.3705462 ], [ 92.5372095, 27.3706971 ], [ 92.5369367, 27.3708167 ], [ 92.5368529, 27.3708921 ], [ 92.5367832, 27.3709655 ], [ 92.5366416, 27.3710242 ], [ 92.5364693, 27.3710693 ], [ 92.5362886, 27.3710635 ], [ 92.5361552, 27.3710389 ], [ 92.5361248, 27.3710465 ], [ 92.5360967, 27.3710536 ], [ 92.5358842, 27.3711333 ], [ 92.5355536, 27.371148 ], [ 92.5349398, 27.3711689 ], [ 92.534843, 27.3712444 ], [ 92.5345951, 27.3714546 ], [ 92.5344581, 27.3715406 ], [ 92.534366, 27.3717041 ], [ 92.534274, 27.3718976 ], [ 92.5341748, 27.3720402 ], [ 92.5340874, 27.372231 ], [ 92.533967, 27.3724239 ], [ 92.5338797, 27.3725203 ] ] } },
{ "type": "Feature", "properties": { "element": "way", "id": 1346503495, "highway": "tertiary", "ref": null, "ref:old": null, "source": null, "name": null, "name:en": null, "surface": null, "bridge": null, "bridge:structure": null, "layer": null, "name:zh": null, "sidewalk": null, "smoothness": null, "lanes": null, "route": null, "alt_name": null, "service": null, "oneway": null }, "geometry": { "type": "LineString", "coordinates": [ [ 92.5565644, 27.3597747 ], [ 92.5564828, 27.3599341 ], [ 92.5562135, 27.3601104 ], [ 92.5559497, 27.3601636 ], [ 92.5555935, 27.3600935 ], [ 92.5553977, 27.3600138 ], [ 92.5551638, 27.3600066 ], [ 92.5549489, 27.3600332 ], [ 92.5547422, 27.360009 ], [ 92.5545083, 27.3599679 ], [ 92.5541983, 27.3599728 ], [ 92.5540106, 27.3600597 ], [ 92.5539373, 27.360217 ], [ 92.5537606, 27.3603257 ], [ 92.5535457, 27.3604634 ], [ 92.5533118, 27.3606059 ], [ 92.5531133, 27.3607195 ], [ 92.5529991, 27.3607702 ], [ 92.5527896, 27.3608088 ], [ 92.5526645, 27.3608547 ], [ 92.5525476, 27.3609707 ], [ 92.5524168, 27.3609911 ], [ 92.5522673, 27.3611457 ], [ 92.5521231, 27.3613462 ], [ 92.55193, 27.3616323 ], [ 92.5517614, 27.3617845 ], [ 92.5516608, 27.3620067 ], [ 92.5515166, 27.3622652 ], [ 92.5513849, 27.3624294 ], [ 92.5511239, 27.3626153 ], [ 92.5508301, 27.3628206 ], [ 92.550673, 27.3630462 ], [ 92.5505533, 27.3631862 ], [ 92.5504037, 27.3634737 ], [ 92.5502759, 27.3636065 ], [ 92.5501834, 27.363749 ], [ 92.550159, 27.363877 ], [ 92.5499849, 27.3641161 ], [ 92.5499294, 27.3641908 ], [ 92.5497526, 27.3642101 ], [ 92.5496112, 27.3643115 ], [ 92.5494262, 27.3644106 ], [ 92.5492743, 27.3644705 ], [ 92.5491846, 27.3646026 ], [ 92.5490807, 27.3646885 ], [ 92.5489249, 27.3647598 ], [ 92.5486781, 27.3649339 ], [ 92.548501, 27.3650555 ], [ 92.5483783, 27.3652316 ], [ 92.5480808, 27.3653856 ], [ 92.5479178, 27.3655994 ], [ 92.5477644, 27.3657191 ], [ 92.547422, 27.3657589 ], [ 92.5472261, 27.3658637 ], [ 92.5469791, 27.3660237 ], [ 92.5465045, 27.3664577 ], [ 92.5461844, 27.3668226 ], [ 92.545809, 27.3670994 ], [ 92.5451308, 27.367494 ], [ 92.5449088, 27.3675569 ], [ 92.5444559, 27.3677686 ], [ 92.5440167, 27.3679783 ], [ 92.5435846, 27.3680768 ], [ 92.5433651, 27.3681901 ], [ 92.5430025, 27.3683536 ], [ 92.5428112, 27.3684144 ], [ 92.5426389, 27.3684438 ], [ 92.5424918, 27.3686115 ], [ 92.5422699, 27.3687646 ], [ 92.5420951, 27.3687814 ], [ 92.5416932, 27.3689154 ], [ 92.5414335, 27.3690768 ], [ 92.5412399, 27.3692739 ], [ 92.5411124, 27.3693934 ], [ 92.5407611, 27.3695758 ] ] } },
{ "type": "Feature", "properties": { "element": "way", "id": 1347689928, "highway": "tertiary", "ref": null, "ref:old": null, "source": null, "name": null, "name:en": null, "surface": null, "bridge": null, "bridge:structure": null, "layer": null, "name:zh": null, "sidewalk": null, "smoothness": null, "lanes": null, "route": null, "alt_name": null, "service": null, "oneway": null }, "geometry": { "type": "LineString", "coordinates": [ [ 92.4212105, 27.2416357 ], [ 92.4214085, 27.2418694 ], [ 92.4216851, 27.2420485 ], [ 92.4220879, 27.2422033 ], [ 92.4224191, 27.2422519 ], [ 92.4225283, 27.2423004 ] ] } },
{ "type": "Feature", "properties": { "element": "way", "id": 1347689929, "highway": "tertiary", "ref": null, "ref:old": null, "source": null, "name": null, "name:en": null, "surface": null, "bridge": null, "bridge:structure": null, "layer": null, "name:zh": null, "sidewalk": null, "smoothness": null, "lanes": null, "route": null, "alt_name": null, "service": null, "oneway": null }, "geometry": { "type": "LineString", "coordinates": [ [ 92.4212105, 27.2416357 ], [ 92.4209661, 27.2414138 ], [ 92.4206814, 27.2412109 ], [ 92.4202257, 27.2409442 ], [ 92.4201373, 27.2408988 ], [ 92.4200295, 27.2409001 ], [ 92.4199687, 27.2409328 ], [ 92.4199694, 27.2410084 ], [ 92.4199965, 27.2411737 ], [ 92.4200489, 27.241299 ], [ 92.4201075, 27.2414311 ] ] } },
{ "type": "Feature", "properties": { "element": "way", "id": 1347689930, "highway": "tertiary", "ref": null, "ref:old": null, "source": null, "name": null, "name:en": null, "surface": null, "bridge": null, "bridge:structure": null, "layer": null, "name:zh": null, "sidewalk": null, "smoothness": null, "lanes": null, "route": null, "alt_name": null, "service": null, "oneway": null }, "geometry": { "type": "LineString", "coordinates": [ [ 92.4201075, 27.2414311 ], [ 92.4201599, 27.2414429 ], [ 92.4201919, 27.241468 ], [ 92.4202645, 27.2417362 ], [ 92.4202834, 27.241768 ], [ 92.4203704, 27.2418125 ], [ 92.4204965, 27.2418411 ], [ 92.4205922, 27.241839 ], [ 92.4206655, 27.2418316 ], [ 92.4207428, 27.2418421 ], [ 92.42088, 27.2419139 ], [ 92.420986, 27.2419508 ], [ 92.4210637, 27.2419635 ], [ 92.421218, 27.2419842 ], [ 92.4212918, 27.2420021 ], [ 92.4213369, 27.2419969 ], [ 92.4213494, 27.2419675 ], [ 92.4212174, 27.241751 ], [ 92.4212105, 27.2416357 ] ] } },
{ "type": "Feature", "properties": { "element": "way", "id": 1352942191, "highway": "secondary", "ref": null, "ref:old": null, "source": null, "name": null, "name:en": null, "surface": null, "bridge": "yes", "bridge:structure": null, "layer": "1", "name:zh": null, "sidewalk": null, "smoothness": null, "lanes": null, "route": null, "alt_name": null, "service": null, "oneway": null }, "geometry": { "type": "LineString", "coordinates": [ [ 92.4115031, 27.2174911 ], [ 92.4114367, 27.2168134 ] ] } },
{ "type": "Feature", "properties": { "element": "way", "id": 1352942192, "highway": "secondary", "ref": null, "ref:old": null, "source": null, "name": null, "name:en": null, "surface": null, "bridge": null, "bridge:structure": null, "layer": null, "name:zh": null, "sidewalk": null, "smoothness": null, "lanes": null, "route": null, "alt_name": null, "service": null, "oneway": null }, "geometry": { "type": "LineString", "coordinates": [ [ 92.4115063, 27.2175452 ], [ 92.4115031, 27.2174911 ] ] } },
{ "type": "Feature", "properties": { "element": "way", "id": 1378319573, "highway": "secondary", "ref": null, "ref:old": null, "source": null, "name": null, "name:en": null, "surface": null, "bridge": null, "bridge:structure": null, "layer": null, "name:zh": null, "sidewalk": null, "smoothness": null, "lanes": null, "route": null, "alt_name": null, "service": null, "oneway": null }, "geometry": { "type": "LineString", "coordinates": [ [ 92.4053809, 27.2106353 ], [ 92.405311, 27.2100911 ] ] } },
{ "type": "Feature", "properties": { "element": "way", "id": 1378319574, "highway": "secondary", "ref": null, "ref:old": null, "source": null, "name": null, "name:en": null, "surface": null, "bridge": "yes", "bridge:structure": null, "layer": "1", "name:zh": null, "sidewalk": null, "smoothness": null, "lanes": null, "route": null, "alt_name": null, "service": null, "oneway": null }, "geometry": { "type": "LineString", "coordinates": [ [ 92.405311, 27.2100911 ], [ 92.405275, 27.2096098 ] ] } },
{ "type": "Feature", "properties": { "element": "way", "id": 1378319575, "highway": "unclassified", "ref": null, "ref:old": null, "source": null, "name": null, "name:en": null, "surface": null, "bridge": null, "bridge:structure": null, "layer": null, "name:zh": null, "sidewalk": null, "smoothness": null, "lanes": null, "route": null, "alt_name": null, "service": null, "oneway": null }, "geometry": { "type": "LineString", "coordinates": [ [ 92.4056071, 27.2081135 ], [ 92.4057449, 27.2079909 ], [ 92.4059562, 27.2078547 ], [ 92.4060848, 27.2078003 ], [ 92.4061308, 27.2076886 ], [ 92.4061936, 27.2075891 ], [ 92.4064891, 27.2073672 ], [ 92.4066942, 27.2071357 ], [ 92.4070801, 27.2068307 ], [ 92.4073067, 27.20667 ], [ 92.4076895, 27.2064113 ], [ 92.4080049, 27.2061852 ], [ 92.4081825, 27.2061553 ], [ 92.4085714, 27.2062097 ], [ 92.4087919, 27.2061607 ], [ 92.4090522, 27.2060926 ], [ 92.4093248, 27.2062206 ], [ 92.4099342, 27.206256 ], [ 92.4100781, 27.206335 ], [ 92.4101761, 27.2065366 ], [ 92.4104762, 27.2069505 ], [ 92.4107977, 27.207242 ], [ 92.4109723, 27.2073264 ], [ 92.4111652, 27.2076695 ], [ 92.4113612, 27.2078847 ], [ 92.4116705, 27.2081979 ], [ 92.4119645, 27.2083041 ], [ 92.4123319, 27.2083014 ], [ 92.4127484, 27.2081516 ], [ 92.4129567, 27.2080862 ] ] } },
{ "type": "Feature", "properties": { "element": "way", "id": 1378319576, "highway": "unclassified", "ref": null, "ref:old": null, "source": null, "name": null, "name:en": null, "surface": null, "bridge": null, "bridge:structure": null, "layer": null, "name:zh": null, "sidewalk": null, "smoothness": null, "lanes": null, "route": null, "alt_name": null, "service": null, "oneway": null }, "geometry": { "type": "LineString", "coordinates": [ [ 92.4048083, 27.2088566 ], [ 92.4050865, 27.2086282 ], [ 92.4051876, 27.208571 ], [ 92.4053009, 27.2085547 ], [ 92.4053805, 27.2084593 ], [ 92.405503, 27.2082687 ] ] } },
{ "type": "Feature", "properties": { "element": "way", "id": 1378319577, "highway": "unclassified", "ref": null, "ref:old": null, "source": null, "name": null, "name:en": null, "surface": null, "bridge": "yes", "bridge:structure": null, "layer": "1", "name:zh": null, "sidewalk": null, "smoothness": null, "lanes": null, "route": null, "alt_name": null, "service": null, "oneway": null }, "geometry": { "type": "LineString", "coordinates": [ [ 92.405503, 27.2082687 ], [ 92.4056071, 27.2081135 ] ] } },
{ "type": "Feature", "properties": { "element": "way", "id": 1418984734, "highway": "service", "ref": null, "ref:old": null, "source": null, "name": null, "name:en": null, "surface": null, "bridge": null, "bridge:structure": null, "layer": null, "name:zh": null, "sidewalk": null, "smoothness": null, "lanes": null, "route": null, "alt_name": null, "service": null, "oneway": null }, "geometry": { "type": "LineString", "coordinates": [ [ 92.3199794, 27.3543005 ], [ 92.3198466, 27.3542231 ], [ 92.3196642, 27.3541814 ], [ 92.319392, 27.3542231 ], [ 92.3187911, 27.3543196 ], [ 92.3184639, 27.3543344 ] ] } },
{ "type": "Feature", "properties": { "element": "way", "id": 1418984735, "highway": "residential", "ref": null, "ref:old": null, "source": null, "name": null, "name:en": null, "surface": null, "bridge": null, "bridge:structure": null, "layer": null, "name:zh": null, "sidewalk": null, "smoothness": null, "lanes": null, "route": null, "alt_name": null, "service": null, "oneway": null }, "geometry": { "type": "LineString", "coordinates": [ [ 92.3205558, 27.3576105 ], [ 92.3206606, 27.3576595 ], [ 92.320843, 27.3577084 ], [ 92.3210174, 27.3579394 ], [ 92.3211394, 27.3582491 ], [ 92.3211287, 27.3582991 ], [ 92.3210831, 27.3583277 ], [ 92.3209235, 27.3583658 ], [ 92.3206942, 27.3584028 ] ] } },
{ "type": "Feature", "properties": { "element": "way", "id": 1472940354, "highway": "unclassified", "ref": null, "ref:old": null, "source": null, "name": null, "name:en": null, "surface": null, "bridge": null, "bridge:structure": null, "layer": null, "name:zh": null, "sidewalk": null, "smoothness": null, "lanes": null, "route": null, "alt_name": null, "service": null, "oneway": null }, "geometry": { "type": "LineString", "coordinates": [ [ 92.3984501, 27.2004207 ], [ 92.3980021, 27.2003133 ], [ 92.3977527, 27.2002775 ], [ 92.3975918, 27.2002728 ] ] } },
{ "type": "Feature", "properties": { "element": "way", "id": 1472940355, "highway": "track", "ref": null, "ref:old": null, "source": null, "name": null, "name:en": null, "surface": null, "bridge": null, "bridge:structure": null, "layer": null, "name:zh": null, "sidewalk": null, "smoothness": null, "lanes": null, "route": null, "alt_name": null, "service": null, "oneway": null }, "geometry": { "type": "LineString", "coordinates": [ [ 92.3951778, 27.1997598 ], [ 92.3952019, 27.1999913 ], [ 92.3952341, 27.2001153 ], [ 92.3953575, 27.200268 ], [ 92.3954621, 27.2003896 ], [ 92.3955131, 27.2004469 ], [ 92.3955023, 27.2005065 ] ] } },
{ "type": "Feature", "properties": { "element": "way", "id": 1472940357, "highway": "unclassified", "ref": null, "ref:old": null, "source": null, "name": null, "name:en": null, "surface": null, "bridge": null, "bridge:structure": null, "layer": null, "name:zh": null, "sidewalk": null, "smoothness": null, "lanes": null, "route": null, "alt_name": null, "service": null, "oneway": null }, "geometry": { "type": "LineString", "coordinates": [ [ 92.3997965, 27.1978633 ], [ 92.3998877, 27.1979515 ], [ 92.3999628, 27.1980851 ], [ 92.3997697, 27.1983309 ], [ 92.3996571, 27.1985909 ], [ 92.3996061, 27.1986959 ], [ 92.3994908, 27.1988438 ], [ 92.3995203, 27.1989988 ], [ 92.3995659, 27.1990823 ], [ 92.3996088, 27.199204 ], [ 92.3996115, 27.1993471 ], [ 92.3996195, 27.1995094 ], [ 92.399649, 27.1996191 ], [ 92.399708, 27.1997622 ], [ 92.3997778, 27.1999316 ], [ 92.3998287, 27.2000914 ], [ 92.4000084, 27.2005113 ], [ 92.4000943, 27.2006688 ], [ 92.4001694, 27.2007928 ], [ 92.4003062, 27.2009598 ] ] } },
{ "type": "Feature", "properties": { "element": "way", "id": 1472940359, "highway": "track", "ref": null, "ref:old": null, "source": null, "name": null, "name:en": null, "surface": null, "bridge": null, "bridge:structure": null, "layer": null, "name:zh": null, "sidewalk": null, "smoothness": null, "lanes": null, "route": null, "alt_name": null, "service": null, "oneway": null }, "geometry": { "type": "LineString", "coordinates": [ [ 92.4003062, 27.2009598 ], [ 92.4003249, 27.2011554 ], [ 92.4004135, 27.2012795 ], [ 92.4006012, 27.2014655 ], [ 92.4006495, 27.2015729 ], [ 92.4007246, 27.2016445 ], [ 92.4008346, 27.2016922 ] ] } },
{ "type": "Feature", "properties": { "element": "way", "id": 1472940363, "highway": "unclassified", "ref": null, "ref:old": null, "source": null, "name": null, "name:en": null, "surface": null, "bridge": null, "bridge:structure": null, "layer": null, "name:zh": null, "sidewalk": null, "smoothness": null, "lanes": null, "route": null, "alt_name": null, "service": null, "oneway": null }, "geometry": { "type": "LineString", "coordinates": [ [ 92.4019259, 27.212199 ], [ 92.4017331, 27.211983 ], [ 92.4013683, 27.2116205 ], [ 92.4007139, 27.2109311 ] ] } },
{ "type": "Feature", "properties": { "element": "way", "id": 1472940364, "highway": "unclassified", "ref": null, "ref:old": null, "source": null, "name": null, "name:en": null, "surface": null, "bridge": null, "bridge:structure": null, "layer": null, "name:zh": null, "sidewalk": null, "smoothness": null, "lanes": null, "route": null, "alt_name": null, "service": null, "oneway": null }, "geometry": { "type": "LineString", "coordinates": [ [ 92.4033478, 27.2117039 ], [ 92.4032056, 27.2117445 ], [ 92.4029615, 27.2118184 ], [ 92.402586, 27.2119329 ], [ 92.4025163, 27.2119997 ], [ 92.402401, 27.2120951 ], [ 92.402291, 27.2121619 ], [ 92.4021515, 27.2121929 ], [ 92.4020979, 27.2122096 ], [ 92.4019259, 27.212199 ], [ 92.401827, 27.2121929 ], [ 92.4014702, 27.2121715 ], [ 92.4011403, 27.2121762 ], [ 92.4009714, 27.2122049 ], [ 92.400848, 27.2122239 ], [ 92.4007514, 27.2122478 ] ] } },
{ "type": "Feature", "properties": { "element": "way", "id": 1472940365, "highway": "unclassified", "ref": null, "ref:old": null, "source": null, "name": null, "name:en": null, "surface": null, "bridge": null, "bridge:structure": null, "layer": null, "name:zh": null, "sidewalk": null, "smoothness": null, "lanes": null, "route": null, "alt_name": null, "service": null, "oneway": null }, "geometry": { "type": "LineString", "coordinates": [ [ 92.4029469, 27.2106949 ], [ 92.4030688, 27.2108428 ], [ 92.4032459, 27.2109263 ], [ 92.403439, 27.2109836 ], [ 92.4035302, 27.2110766 ], [ 92.4035248, 27.2112078 ], [ 92.4034202, 27.2113986 ], [ 92.4033585, 27.2115036 ], [ 92.4033397, 27.2116276 ], [ 92.4033478, 27.2117039 ], [ 92.4034095, 27.2117469 ], [ 92.4035785, 27.2116992 ], [ 92.403852, 27.2115203 ], [ 92.4040478, 27.2113867 ], [ 92.4043992, 27.2112531 ], [ 92.404587, 27.2112173 ], [ 92.4047533, 27.2112388 ], [ 92.4049196, 27.2112459 ], [ 92.4050724, 27.2112793 ], [ 92.4058235, 27.2112388 ] ] } },
{ "type": "Feature", "properties": { "element": "way", "id": 1472940366, "highway": "unclassified", "ref": null, "ref:old": null, "source": null, "name": null, "name:en": null, "surface": null, "bridge": null, "bridge:structure": null, "layer": null, "name:zh": null, "sidewalk": null, "smoothness": null, "lanes": null, "route": null, "alt_name": null, "service": null, "oneway": null }, "geometry": { "type": "LineString", "coordinates": [ [ 92.3934692, 27.2080925 ], [ 92.3935872, 27.2080424 ], [ 92.3936999, 27.2079803 ], [ 92.3938367, 27.2078849 ], [ 92.3940352, 27.2078849 ], [ 92.3942122, 27.2078563 ], [ 92.3944536, 27.207842 ], [ 92.3946923, 27.2078491 ], [ 92.3949471, 27.2078611 ], [ 92.3951268, 27.2079088 ], [ 92.3956016, 27.2080877 ], [ 92.3959127, 27.2082404 ], [ 92.3961085, 27.208331 ], [ 92.3963311, 27.2084884 ] ] } },
{ "type": "Feature", "properties": { "element": "way", "id": 1472940367, "highway": "unclassified", "ref": null, "ref:old": null, "source": null, "name": null, "name:en": null, "surface": null, "bridge": null, "bridge:structure": null, "layer": null, "name:zh": null, "sidewalk": null, "smoothness": null, "lanes": null, "route": null, "alt_name": null, "service": null, "oneway": null }, "geometry": { "type": "LineString", "coordinates": [ [ 92.3937348, 27.2081378 ], [ 92.3936999, 27.2079803 ] ] } },
{ "type": "Feature", "properties": { "element": "way", "id": 1472940368, "highway": "unclassified", "ref": null, "ref:old": null, "source": null, "name": null, "name:en": null, "surface": null, "bridge": null, "bridge:structure": null, "layer": null, "name:zh": null, "sidewalk": null, "smoothness": null, "lanes": null, "route": null, "alt_name": null, "service": null, "oneway": null }, "geometry": { "type": "LineString", "coordinates": [ [ 92.398847, 27.2092565 ], [ 92.398721, 27.2090586 ], [ 92.3985976, 27.2088486 ], [ 92.3984259, 27.2086292 ], [ 92.3982784, 27.2086101 ], [ 92.3979834, 27.2085958 ], [ 92.3978385, 27.2085552 ], [ 92.3976883, 27.2084622 ] ] } },
{ "type": "Feature", "properties": { "element": "way", "id": 1472940369, "highway": "unclassified", "ref": null, "ref:old": null, "source": null, "name": null, "name:en": null, "surface": null, "bridge": null, "bridge:structure": null, "layer": null, "name:zh": null, "sidewalk": null, "smoothness": null, "lanes": null, "route": null, "alt_name": null, "service": null, "oneway": null }, "geometry": { "type": "LineString", "coordinates": [ [ 92.3953275, 27.208893 ], [ 92.3954406, 27.2087508 ], [ 92.3956043, 27.2087103 ], [ 92.3962319, 27.2088176 ], [ 92.3966181, 27.2087866 ], [ 92.3968649, 27.2087556 ], [ 92.3971438, 27.2087842 ], [ 92.3974147, 27.2088296 ], [ 92.3978949, 27.2088916 ], [ 92.3981309, 27.2089417 ], [ 92.3983723, 27.2089822 ], [ 92.3984501, 27.2091468 ], [ 92.398591, 27.209365 ] ] } },
{ "type": "Feature", "properties": { "element": "way", "id": 1472940370, "highway": "unclassified", "ref": null, "ref:old": null, "source": null, "name": null, "name:en": null, "surface": null, "bridge": null, "bridge:structure": null, "layer": null, "name:zh": null, "sidewalk": null, "smoothness": null, "lanes": null, "route": null, "alt_name": null, "service": null, "oneway": null }, "geometry": { "type": "LineString", "coordinates": [ [ 92.3932307, 27.2081951 ], [ 92.393311, 27.2080996 ], [ 92.3934692, 27.2080925 ], [ 92.3937348, 27.2081378 ], [ 92.39418, 27.208269 ], [ 92.3949203, 27.2086793 ], [ 92.3953275, 27.208893 ], [ 92.3955157, 27.2089918 ], [ 92.395902, 27.2091397 ], [ 92.3962024, 27.2092494 ], [ 92.3963365, 27.2092899 ], [ 92.3965028, 27.2094187 ] ] } },
{ "type": "Feature", "properties": { "element": "way", "id": 1472940371, "highway": "service", "ref": null, "ref:old": null, "source": null, "name": null, "name:en": null, "surface": null, "bridge": null, "bridge:structure": null, "layer": null, "name:zh": null, "sidewalk": null, "smoothness": null, "lanes": null, "route": null, "alt_name": null, "service": null, "oneway": null }, "geometry": { "type": "LineString", "coordinates": [ [ 92.3920155, 27.2065825 ], [ 92.392619, 27.206926 ], [ 92.3925814, 27.2070166 ] ] } },
{ "type": "Feature", "properties": { "element": "way", "id": 1472940372, "highway": "service", "ref": null, "ref:old": null, "source": null, "name": null, "name:en": null, "surface": null, "bridge": null, "bridge:structure": null, "layer": null, "name:zh": null, "sidewalk": null, "smoothness": null, "lanes": null, "route": null, "alt_name": null, "service": null, "oneway": null }, "geometry": { "type": "LineString", "coordinates": [ [ 92.3928604, 27.2080448 ], [ 92.3928577, 27.2079589 ], [ 92.3927021, 27.2078277 ], [ 92.3922756, 27.2075987 ], [ 92.3921254, 27.2074174 ], [ 92.3919564, 27.2071955 ], [ 92.3918867, 27.2070309 ], [ 92.3918813, 27.2069069 ], [ 92.3919028, 27.206759 ], [ 92.3920155, 27.2065825 ], [ 92.392045, 27.2064131 ], [ 92.3918653, 27.2063606 ], [ 92.3917472, 27.2063129 ], [ 92.3916024, 27.2062199 ], [ 92.3915541, 27.2061602 ] ] } },
{ "type": "Feature", "properties": { "element": "way", "id": 1472940373, "highway": "unclassified", "ref": null, "ref:old": null, "source": null, "name": null, "name:en": null, "surface": null, "bridge": null, "bridge:structure": null, "layer": null, "name:zh": null, "sidewalk": null, "smoothness": null, "lanes": null, "route": null, "alt_name": null, "service": null, "oneway": null }, "geometry": { "type": "LineString", "coordinates": [ [ 92.3979083, 27.2061678 ], [ 92.3978412, 27.2062533 ], [ 92.3981255, 27.2065443 ], [ 92.398147, 27.2067351 ], [ 92.3984206, 27.2070309 ], [ 92.3991394, 27.2077895 ], [ 92.3993754, 27.2080042 ], [ 92.3997027, 27.2081044 ], [ 92.4001211, 27.2083143 ], [ 92.4007702, 27.2087198 ], [ 92.401135, 27.2088916 ], [ 92.4019504, 27.2091826 ], [ 92.4025083, 27.2093877 ], [ 92.4029481, 27.2094879 ], [ 92.4037367, 27.209507 ], [ 92.4041015, 27.2095213 ] ] } },
{ "type": "Feature", "properties": { "element": "way", "id": 1472940374, "highway": "residential", "ref": null, "ref:old": null, "source": null, "name": null, "name:en": null, "surface": null, "bridge": null, "bridge:structure": null, "layer": null, "name:zh": null, "sidewalk": null, "smoothness": null, "lanes": null, "route": null, "alt_name": null, "service": null, "oneway": null }, "geometry": { "type": "LineString", "coordinates": [ [ 92.4016929, 27.2064346 ], [ 92.4021623, 27.207155 ] ] } },
{ "type": "Feature", "properties": { "element": "way", "id": 1472940375, "highway": "unclassified", "ref": null, "ref:old": null, "source": null, "name": null, "name:en": null, "surface": null, "bridge": null, "bridge:structure": null, "layer": null, "name:zh": null, "sidewalk": null, "smoothness": null, "lanes": null, "route": null, "alt_name": null, "service": null, "oneway": null }, "geometry": { "type": "LineString", "coordinates": [ [ 92.3985091, 27.202186 ], [ 92.3989812, 27.2026249 ], [ 92.3993996, 27.2028802 ], [ 92.3994023, 27.2030949 ], [ 92.3994398, 27.2034217 ], [ 92.3994639, 27.2042328 ], [ 92.3994505, 27.2043377 ], [ 92.399582, 27.2044403 ], [ 92.3996758, 27.2045429 ], [ 92.3996973, 27.204624 ], [ 92.399759, 27.2048888 ], [ 92.3997751, 27.205113 ], [ 92.3997133, 27.2053768 ] ] } },
{ "type": "Feature", "properties": { "element": "way", "id": 1472940376, "highway": "path", "ref": null, "ref:old": null, "source": null, "name": null, "name:en": null, "surface": null, "bridge": null, "bridge:structure": null, "layer": null, "name:zh": null, "sidewalk": null, "smoothness": null, "lanes": null, "route": null, "alt_name": null, "service": null, "oneway": null }, "geometry": { "type": "LineString", "coordinates": [ [ 92.4001627, 27.2023649 ], [ 92.4003545, 27.2021717 ] ] } },
{ "type": "Feature", "properties": { "element": "way", "id": 1472940377, "highway": "residential", "ref": null, "ref:old": null, "source": null, "name": null, "name:en": null, "surface": null, "bridge": null, "bridge:structure": null, "layer": null, "name:zh": null, "sidewalk": null, "smoothness": null, "lanes": null, "route": null, "alt_name": null, "service": null, "oneway": null }, "geometry": { "type": "LineString", "coordinates": [ [ 92.4017867, 27.2074484 ], [ 92.4017224, 27.207248 ], [ 92.4014541, 27.2070596 ], [ 92.401371, 27.2069307 ], [ 92.4013415, 27.206759 ], [ 92.4014246, 27.2066278 ], [ 92.4015614, 27.2065157 ], [ 92.4016929, 27.2064346 ], [ 92.4015802, 27.2062628 ], [ 92.4014407, 27.2060362 ], [ 92.401422, 27.2059336 ], [ 92.4014783, 27.2058334 ], [ 92.4015427, 27.2057452 ], [ 92.4015909, 27.2056378 ], [ 92.4015722, 27.2054207 ], [ 92.4015775, 27.2052442 ], [ 92.4015561, 27.2051273 ], [ 92.4013469, 27.2049174 ], [ 92.4012396, 27.2047409 ], [ 92.4011296, 27.2045166 ], [ 92.4010867, 27.2043353 ], [ 92.4010974, 27.2040443 ], [ 92.4010786, 27.2037342 ], [ 92.4010411, 27.2035338 ], [ 92.4009526, 27.203405 ], [ 92.40073, 27.2031808 ], [ 92.4006227, 27.2030352 ], [ 92.4005556, 27.202904 ], [ 92.4004698, 27.2028015 ], [ 92.400341, 27.2025701 ], [ 92.4002123, 27.2023888 ], [ 92.4001627, 27.2023649 ], [ 92.4000379, 27.2022981 ], [ 92.3998985, 27.202248 ], [ 92.3997697, 27.2021574 ], [ 92.3996839, 27.2021096 ], [ 92.3996329, 27.2019283 ], [ 92.3996061, 27.2016707 ], [ 92.3996088, 27.2015347 ], [ 92.3995149, 27.2014107 ], [ 92.3993996, 27.2013081 ], [ 92.3993191, 27.2013463 ], [ 92.399295, 27.2013868 ], [ 92.3992011, 27.2014441 ], [ 92.3991314, 27.2014536 ] ] } },
{ "type": "Feature", "properties": { "element": "way", "id": 1472940378, "highway": "residential", "ref": null, "ref:old": null, "source": null, "name": null, "name:en": null, "surface": null, "bridge": null, "bridge:structure": null, "layer": null, "name:zh": null, "sidewalk": null, "smoothness": null, "lanes": null, "route": null, "alt_name": null, "service": null, "oneway": null }, "geometry": { "type": "LineString", "coordinates": [ [ 92.4038385, 27.2081444 ], [ 92.403557, 27.2079827 ], [ 92.4033853, 27.2077442 ], [ 92.4032459, 27.2074579 ], [ 92.403211, 27.207155 ], [ 92.4030662, 27.2070286 ], [ 92.4027389, 27.2067137 ], [ 92.4025726, 27.2066135 ], [ 92.402519, 27.2065014 ], [ 92.4024975, 27.2063988 ], [ 92.4024492, 27.2063129 ], [ 92.4023688, 27.206208 ], [ 92.4023098, 27.2059026 ], [ 92.4023983, 27.2057619 ], [ 92.4024332, 27.2056593 ], [ 92.4023285, 27.2054732 ] ] } },
{ "type": "Feature", "properties": { "element": "way", "id": 1506926315, "highway": "residential", "ref": null, "ref:old": null, "source": null, "name": null, "name:en": null, "surface": null, "bridge": null, "bridge:structure": null, "layer": null, "name:zh": null, "sidewalk": null, "smoothness": null, "lanes": null, "route": null, "alt_name": null, "service": null, "oneway": null }, "geometry": { "type": "LineString", "coordinates": [ [ 92.4226078, 27.2647462 ], [ 92.4224292, 27.264688 ], [ 92.4222249, 27.2646451 ], [ 92.4220481, 27.2646308 ], [ 92.4219356, 27.2646349 ], [ 92.4218736, 27.2646451 ], [ 92.4218254, 27.2646757 ], [ 92.4217336, 27.2647614 ], [ 92.4216959, 27.2648199 ], [ 92.4216625, 27.2648716 ], [ 92.421589, 27.2650675 ], [ 92.4215569, 27.2651389 ], [ 92.4215201, 27.2652063 ], [ 92.4215041, 27.2652471 ], [ 92.4215041, 27.2652858 ], [ 92.4215133, 27.2653307 ], [ 92.4215293, 27.2653736 ], [ 92.42155, 27.2654103 ], [ 92.4215569, 27.265445 ], [ 92.4215477, 27.2654797 ], [ 92.4215201, 27.2655205 ], [ 92.4214421, 27.2656347 ], [ 92.4213663, 27.2657102 ], [ 92.4212998, 27.2657776 ], [ 92.4212607, 27.2658368 ], [ 92.4211919, 27.2659857 ], [ 92.4211195, 27.2661493 ], [ 92.4211115, 27.2661673 ], [ 92.4210909, 27.2662489 ], [ 92.4210932, 27.2662979 ], [ 92.4210794, 27.2663591 ], [ 92.4210541, 27.2664264 ], [ 92.4210197, 27.266504 ], [ 92.4209807, 27.266557 ], [ 92.4209417, 27.2665917 ], [ 92.4209004, 27.2666121 ], [ 92.4208407, 27.2666305 ], [ 92.4207557, 27.2666611 ], [ 92.4206433, 27.266708 ], [ 92.4204963, 27.2667509 ], [ 92.4202622, 27.2668162 ], [ 92.4200579, 27.2668713 ], [ 92.4199684, 27.2669182 ], [ 92.4199202, 27.266959 ], [ 92.4198926, 27.267008 ], [ 92.4198788, 27.2670631 ], [ 92.4198743, 27.2671182 ], [ 92.4198857, 27.2671773 ], [ 92.4199179, 27.2672283 ], [ 92.4199454, 27.267263 ], [ 92.4199592, 27.2673038 ], [ 92.4199546, 27.2673406 ], [ 92.4199431, 27.2673875 ], [ 92.4199271, 27.267465 ], [ 92.4199156, 27.2675589 ], [ 92.4198875, 27.2676323 ], [ 92.4198556, 27.2676748 ], [ 92.4198058, 27.2676978 ], [ 92.4197519, 27.2677031 ], [ 92.4196961, 27.2676961 ], [ 92.4196303, 27.2676712 ], [ 92.4195566, 27.2676092 ], [ 92.4194888, 27.2674816 ], [ 92.4194469, 27.2673983 ], [ 92.4193931, 27.2673398 ], [ 92.4193073, 27.2673062 ], [ 92.4192435, 27.2672955 ], [ 92.4192061, 27.2672727 ], [ 92.4191857, 27.2672477 ], [ 92.4191638, 27.2671804 ], [ 92.4191578, 27.2671166 ], [ 92.4191758, 27.2670793 ], [ 92.4192136, 27.2670563 ], [ 92.4193472, 27.2669943 ], [ 92.4194683, 27.2669458 ] ] } },
{ "type": "Feature", "properties": { "element": "way", "id": 1506926316, "highway": "residential", "ref": null, "ref:old": null, "source": null, "name": null, "name:en": null, "surface": null, "bridge": null, "bridge:structure": null, "layer": null, "name:zh": null, "sidewalk": null, "smoothness": null, "lanes": null, "route": null, "alt_name": null, "service": null, "oneway": null }, "geometry": { "type": "LineString", "coordinates": [ [ 92.4207917, 27.2646336 ], [ 92.4206954, 27.2647433 ], [ 92.4206754, 27.2647741 ], [ 92.4206504, 27.2648127 ], [ 92.420603, 27.2649096 ], [ 92.420584, 27.2649749 ], [ 92.420584, 27.2650254 ], [ 92.4206006, 27.2650654 ], [ 92.4206954, 27.2652044 ], [ 92.4207333, 27.265257 ], [ 92.4207451, 27.2652992 ], [ 92.4207262, 27.2653413 ], [ 92.4206717, 27.2653813 ], [ 92.4206267, 27.2654171 ], [ 92.4205888, 27.2654655 ], [ 92.4205746, 27.2655266 ], [ 92.4205864, 27.2656108 ], [ 92.4206172, 27.2656992 ], [ 92.4206338, 27.265775 ], [ 92.4206219, 27.2658529 ], [ 92.4205888, 27.2659161 ], [ 92.4205414, 27.2659688 ], [ 92.4204727, 27.2660088 ], [ 92.4204016, 27.2660172 ], [ 92.4203448, 27.2660256 ], [ 92.4203021, 27.2660488 ], [ 92.4202453, 27.266093 ], [ 92.4202003, 27.2661519 ], [ 92.42016, 27.2662488 ], [ 92.4201363, 27.2663562 ], [ 92.4201174, 27.2664341 ], [ 92.4200913, 27.2664825 ], [ 92.4200581, 27.2665183 ], [ 92.4200155, 27.2665457 ], [ 92.4199421, 27.2665689 ], [ 92.4198307, 27.2666068 ], [ 92.419781, 27.2666362 ], [ 92.4197075, 27.2667036 ], [ 92.4196507, 27.2667879 ], [ 92.4195938, 27.2668742 ], [ 92.419537, 27.2669374 ], [ 92.4195062, 27.26695 ], [ 92.4194683, 27.2669458 ], [ 92.4194162, 27.2669184 ], [ 92.4193759, 27.2668826 ], [ 92.4193048, 27.2668236 ], [ 92.4192148, 27.2667647 ], [ 92.4191603, 27.266712 ], [ 92.419139, 27.2666826 ], [ 92.4191272, 27.2666489 ], [ 92.4191011, 27.2665815 ], [ 92.4190798, 27.2665246 ], [ 92.4190537, 27.2664867 ], [ 92.4190064, 27.2664488 ], [ 92.4189187, 27.2664046 ], [ 92.4188074, 27.266352 ], [ 92.4187339, 27.2663457 ], [ 92.4186321, 27.2663562 ], [ 92.4185113, 27.266392 ], [ 92.4183099, 27.2664994 ], [ 92.418227, 27.2665541 ], [ 92.4181749, 27.2666026 ], [ 92.4181465, 27.2666468 ], [ 92.4181062, 27.2667142 ], [ 92.4180801, 27.2667668 ], [ 92.4180707, 27.2668068 ], [ 92.4180707, 27.2668615 ], [ 92.4180754, 27.2669521 ], [ 92.418073, 27.2670279 ], [ 92.4180754, 27.2671837 ], [ 92.4180683, 27.2673501 ], [ 92.4180541, 27.2674659 ], [ 92.4180427, 27.267497 ], [ 92.4180209, 27.2675564 ], [ 92.4179901, 27.267609 ], [ 92.4179475, 27.267668 ], [ 92.4179025, 27.2677143 ], [ 92.4177793, 27.2678196 ], [ 92.4177011, 27.2678891 ], [ 92.4175922, 27.2679944 ], [ 92.4175092, 27.2680933 ], [ 92.4174192, 27.2682576 ], [ 92.4173482, 27.2683839 ], [ 92.4172771, 27.2684745 ], [ 92.4171752, 27.2685903 ], [ 92.4170663, 27.2687334 ], [ 92.416981, 27.2688219 ], [ 92.4169218, 27.268864 ], [ 92.4168673, 27.2688872 ], [ 92.4167796, 27.2689124 ], [ 92.4167133, 27.2689356 ], [ 92.4166683, 27.268963 ], [ 92.4166328, 27.269003 ], [ 92.4166209, 27.2690493 ], [ 92.4166233, 27.2690956 ], [ 92.4166375, 27.269163 ], [ 92.4166446, 27.2692177 ], [ 92.4166399, 27.2692683 ] ] } },
{ "type": "Feature", "properties": { "element": "way", "id": 1506926317, "highway": "service", "ref": null, "ref:old": null, "source": null, "name": null, "name:en": null, "surface": null, "bridge": null, "bridge:structure": null, "layer": null, "name:zh": null, "sidewalk": null, "smoothness": null, "lanes": null, "route": null, "alt_name": null, "service": "alley", "oneway": null }, "geometry": { "type": "LineString", "coordinates": [ [ 92.4208703, 27.2636741 ], [ 92.4209155, 27.2636449 ], [ 92.4209417, 27.2636198 ], [ 92.4209599, 27.2635875 ], [ 92.4209841, 27.2635211 ], [ 92.4210003, 27.2634853 ], [ 92.4210366, 27.2634225 ], [ 92.4210689, 27.2633507 ], [ 92.4210951, 27.2632574 ], [ 92.4211456, 27.2630906 ], [ 92.4212102, 27.262895 ], [ 92.4212303, 27.2628143 ] ] } },
{ "type": "Feature", "properties": { "element": "way", "id": 1506926318, "highway": "service", "ref": null, "ref:old": null, "source": null, "name": null, "name:en": null, "surface": null, "bridge": null, "bridge:structure": null, "layer": null, "name:zh": null, "sidewalk": null, "smoothness": null, "lanes": null, "route": null, "alt_name": null, "service": "alley", "oneway": null }, "geometry": { "type": "LineString", "coordinates": [ [ 92.4209511, 27.2625683 ], [ 92.421118, 27.2627281 ], [ 92.4211839, 27.2627838 ], [ 92.4212303, 27.2628143 ], [ 92.4212747, 27.2628251 ], [ 92.4214361, 27.2628596 ], [ 92.4214808, 27.2628692 ], [ 92.4217107, 27.2629183 ] ] } },
{ "type": "Feature", "properties": { "element": "way", "id": 1506926319, "highway": "path", "ref": null, "ref:old": null, "source": null, "name": null, "name:en": null, "surface": null, "bridge": null, "bridge:structure": null, "layer": null, "name:zh": null, "sidewalk": null, "smoothness": null, "lanes": null, "route": null, "alt_name": null, "service": null, "oneway": null }, "geometry": { "type": "LineString", "coordinates": [ [ 92.4209508, 27.2622972 ], [ 92.4210285, 27.2623102 ], [ 92.4211395, 27.2623353 ], [ 92.4212344, 27.2623712 ], [ 92.4213474, 27.2624196 ], [ 92.4214665, 27.2624896 ], [ 92.4215553, 27.2625272 ], [ 92.4216481, 27.2625452 ], [ 92.4217712, 27.262556 ], [ 92.4220569, 27.2625667 ] ] } },
{ "type": "Feature", "properties": { "element": "way", "id": 1506926320, "highway": "path", "ref": null, "ref:old": null, "source": null, "name": null, "name:en": null, "surface": null, "bridge": null, "bridge:structure": null, "layer": null, "name:zh": null, "sidewalk": null, "smoothness": null, "lanes": null, "route": null, "alt_name": null, "service": null, "oneway": null }, "geometry": { "type": "LineString", "coordinates": [ [ 92.4214361, 27.2628596 ], [ 92.4214362, 27.2626349 ], [ 92.4214382, 27.2625721 ], [ 92.4214665, 27.2624896 ] ] } },
{ "type": "Feature", "properties": { "element": "way", "id": 1506926321, "highway": "path", "ref": null, "ref:old": null, "source": null, "name": null, "name:en": null, "surface": null, "bridge": null, "bridge:structure": null, "layer": null, "name:zh": null, "sidewalk": null, "smoothness": null, "lanes": null, "route": null, "alt_name": null, "service": null, "oneway": null }, "geometry": { "type": "LineString", "coordinates": [ [ 92.4214808, 27.2628692 ], [ 92.4215028, 27.2631265 ], [ 92.4215008, 27.2631946 ], [ 92.4214926, 27.2632246 ], [ 92.4214867, 27.2632467 ], [ 92.4214402, 27.2634063 ], [ 92.4213272, 27.2636485 ], [ 92.4211113, 27.2639948 ], [ 92.4210749, 27.2640253 ], [ 92.4210204, 27.2640558 ], [ 92.4209881, 27.2640827 ], [ 92.4209242, 27.2641539 ] ] } },
{ "type": "Feature", "properties": { "element": "way", "id": 1506926322, "highway": "path", "ref": null, "ref:old": null, "source": null, "name": null, "name:en": null, "surface": null, "bridge": null, "bridge:structure": null, "layer": null, "name:zh": null, "sidewalk": null, "smoothness": null, "lanes": null, "route": null, "alt_name": null, "service": null, "oneway": null }, "geometry": { "type": "LineString", "coordinates": [ [ 92.4214926, 27.2632246 ], [ 92.4218865, 27.2634054 ] ] } },
{ "type": "Feature", "properties": { "element": "way", "id": 1506926326, "highway": "path", "ref": null, "ref:old": null, "source": null, "name": null, "name:en": null, "surface": null, "bridge": null, "bridge:structure": null, "layer": null, "name:zh": null, "sidewalk": null, "smoothness": null, "lanes": null, "route": null, "alt_name": null, "service": null, "oneway": null }, "geometry": { "type": "LineString", "coordinates": [ [ 92.4216959, 27.2648199 ], [ 92.4214476, 27.2648427 ], [ 92.4214083, 27.2648427 ], [ 92.4213751, 27.2648373 ], [ 92.4213524, 27.2648239 ], [ 92.4213161, 27.2648024 ], [ 92.4212813, 27.2647863 ], [ 92.4212133, 27.2647715 ], [ 92.4211748, 27.2647673 ], [ 92.4211513, 27.2647648 ], [ 92.4210682, 27.2647634 ], [ 92.4208581, 27.2647594 ], [ 92.4207825, 27.2647648 ], [ 92.4206754, 27.2647741 ] ] } },
{ "type": "Feature", "properties": { "element": "way", "id": 1506926327, "highway": "path", "ref": null, "ref:old": null, "source": null, "name": null, "name:en": null, "surface": null, "bridge": null, "bridge:structure": null, "layer": null, "name:zh": null, "sidewalk": null, "smoothness": null, "lanes": null, "route": null, "alt_name": null, "service": null, "oneway": null }, "geometry": { "type": "LineString", "coordinates": [ [ 92.4211748, 27.2647673 ], [ 92.4211816, 27.2653023 ], [ 92.4211786, 27.2653856 ], [ 92.4211574, 27.2654595 ], [ 92.421103, 27.265575 ], [ 92.4210244, 27.2657537 ], [ 92.4209866, 27.26588 ], [ 92.4209639, 27.2659257 ], [ 92.4208521, 27.2661111 ] ] } },
{ "type": "Feature", "properties": { "element": "way", "id": 1506926328, "highway": "path", "ref": null, "ref:old": null, "source": null, "name": null, "name:en": null, "surface": null, "bridge": null, "bridge:structure": null, "layer": null, "name:zh": null, "sidewalk": null, "smoothness": null, "lanes": null, "route": null, "alt_name": null, "service": null, "oneway": null }, "geometry": { "type": "LineString", "coordinates": [ [ 92.4211195, 27.2661493 ], [ 92.4209548, 27.2661349 ], [ 92.420914, 27.2661286 ], [ 92.4208521, 27.2661111 ], [ 92.4207795, 27.266091 ], [ 92.4207092, 27.2660708 ], [ 92.420651, 27.2660668 ], [ 92.4205664, 27.2660654 ], [ 92.4204998, 27.2660587 ], [ 92.4204742, 27.2660507 ], [ 92.4204016, 27.2660172 ] ] } },
{ "type": "Feature", "properties": { "element": "way", "id": 1506926329, "highway": "path", "ref": null, "ref:old": null, "source": null, "name": null, "name:en": null, "surface": null, "bridge": null, "bridge:structure": null, "layer": null, "name:zh": null, "sidewalk": null, "smoothness": null, "lanes": null, "route": null, "alt_name": null, "service": null, "oneway": null }, "geometry": { "type": "LineString", "coordinates": [ [ 92.4214697, 27.2639145 ], [ 92.4215385, 27.263959 ], [ 92.4215419, 27.2639913 ], [ 92.4215402, 27.2640497 ], [ 92.4215437, 27.2640867 ], [ 92.4215558, 27.2641082 ], [ 92.4215887, 27.2641266 ], [ 92.4216666, 27.2641436 ], [ 92.4217064, 27.264159 ], [ 92.4217444, 27.2641882 ], [ 92.4217946, 27.2642543 ], [ 92.4218396, 27.2643682 ], [ 92.4218742, 27.2644851 ], [ 92.4218777, 27.2645528 ], [ 92.4218736, 27.2646451 ] ] } },
{ "type": "Feature", "properties": { "element": "way", "id": 1506926330, "highway": "service", "ref": null, "ref:old": null, "source": null, "name": null, "name:en": null, "surface": null, "bridge": null, "bridge:structure": null, "layer": null, "name:zh": null, "sidewalk": null, "smoothness": null, "lanes": null, "route": null, "alt_name": null, "service": "alley", "oneway": null }, "geometry": { "type": "LineString", "coordinates": [ [ 92.4223186, 27.2658891 ], [ 92.4225216, 27.2658793 ], [ 92.4226057, 27.2658793 ], [ 92.4226944, 27.2658897 ], [ 92.4228275, 27.2659146 ], [ 92.4229395, 27.2659436 ], [ 92.4230329, 27.2659872 ], [ 92.4230562, 27.2660163 ], [ 92.4230562, 27.2660495 ], [ 92.4230516, 27.2661055 ], [ 92.4230399, 27.2662176 ], [ 92.4230446, 27.2663006 ], [ 92.4230586, 27.2663877 ] ] } },
{ "type": "Feature", "properties": { "element": "way", "id": 1506926331, "highway": "service", "ref": null, "ref:old": null, "source": null, "name": null, "name:en": null, "surface": null, "bridge": null, "bridge:structure": null, "layer": null, "name:zh": null, "sidewalk": null, "smoothness": null, "lanes": null, "route": null, "alt_name": null, "service": "alley", "oneway": null }, "geometry": { "type": "LineString", "coordinates": [ [ 92.4223246, 27.2663837 ], [ 92.4230586, 27.2663877 ], [ 92.4231333, 27.2663939 ], [ 92.423222, 27.2664147 ], [ 92.4234228, 27.2664811 ] ] } },
{ "type": "Feature", "properties": { "element": "way", "id": 1506926332, "highway": "service", "ref": null, "ref:old": null, "source": null, "name": null, "name:en": null, "surface": null, "bridge": null, "bridge:structure": null, "layer": null, "name:zh": null, "sidewalk": null, "smoothness": null, "lanes": null, "route": null, "alt_name": null, "service": "alley", "oneway": null }, "geometry": { "type": "LineString", "coordinates": [ [ 92.4223086, 27.2666948 ], [ 92.4225753, 27.266699 ], [ 92.4226991, 27.2667073 ], [ 92.4227901, 27.2667197 ], [ 92.4228858, 27.2667467 ], [ 92.4230469, 27.2668048 ], [ 92.4232278, 27.2668799 ] ] } },
{ "type": "Feature", "properties": { "element": "way", "id": 1506926333, "highway": "path", "ref": null, "ref:old": null, "source": null, "name": null, "name:en": null, "surface": null, "bridge": null, "bridge:structure": null, "layer": null, "name:zh": null, "sidewalk": null, "smoothness": null, "lanes": null, "route": null, "alt_name": null, "service": null, "oneway": null }, "geometry": { "type": "LineString", "coordinates": [ [ 92.4232278, 27.2668799 ], [ 92.423257, 27.266883 ], [ 92.4232839, 27.2668747 ], [ 92.4233143, 27.2668477 ], [ 92.4233505, 27.2668092 ], [ 92.4233704, 27.2667999 ], [ 92.4233996, 27.2667978 ], [ 92.4234371, 27.2668113 ], [ 92.4234663, 27.2668269 ], [ 92.4234768, 27.2668477 ], [ 92.4234686, 27.2668768 ], [ 92.4234452, 27.2669246 ], [ 92.4234277, 27.2669568 ], [ 92.4234254, 27.2669776 ], [ 92.4234312, 27.2670098 ], [ 92.4234429, 27.2670327 ], [ 92.4235171, 27.2671391 ] ] } },
{ "type": "Feature", "properties": { "element": "way", "id": 1506926334, "highway": "path", "ref": null, "ref:old": null, "source": null, "name": null, "name:en": null, "surface": null, "bridge": null, "bridge:structure": null, "layer": null, "name:zh": null, "sidewalk": null, "smoothness": null, "lanes": null, "route": null, "alt_name": null, "service": null, "oneway": null }, "geometry": { "type": "LineString", "coordinates": [ [ 92.4238232, 27.2669493 ], [ 92.4236987, 27.2668057 ], [ 92.4236624, 27.2667533 ], [ 92.4236556, 27.2667049 ], [ 92.4236556, 27.2666606 ], [ 92.4236714, 27.2666162 ], [ 92.4237009, 27.2665779 ], [ 92.4238143, 27.266459 ], [ 92.4238325, 27.2664187 ], [ 92.4238347, 27.2663562 ], [ 92.4238506, 27.2662917 ], [ 92.423871, 27.2662695 ], [ 92.4239005, 27.2662473 ], [ 92.4240207, 27.2662171 ], [ 92.4240842, 27.2662151 ], [ 92.4241636, 27.2662292 ] ] } },
{ "type": "Feature", "properties": { "element": "way", "id": 1506926335, "highway": "path", "ref": null, "ref:old": null, "source": null, "name": null, "name:en": null, "surface": null, "bridge": null, "bridge:structure": null, "layer": null, "name:zh": null, "sidewalk": null, "smoothness": null, "lanes": null, "route": null, "alt_name": null, "service": null, "oneway": null }, "geometry": { "type": "LineString", "coordinates": [ [ 92.4234228, 27.2664811 ], [ 92.4234333, 27.2665195 ], [ 92.4234923, 27.266592 ], [ 92.4235467, 27.2666303 ], [ 92.4235943, 27.2666465 ], [ 92.4236556, 27.2666606 ] ] } },
{ "type": "Feature", "properties": { "element": "way", "id": 1506926336, "highway": "path", "ref": null, "ref:old": null, "source": null, "name": null, "name:en": null, "surface": null, "bridge": null, "bridge:structure": null, "layer": null, "name:zh": null, "sidewalk": null, "smoothness": null, "lanes": null, "route": null, "alt_name": null, "service": null, "oneway": null }, "geometry": { "type": "LineString", "coordinates": [ [ 92.4238506, 27.2662917 ], [ 92.42371, 27.2661445 ], [ 92.4236782, 27.2661344 ], [ 92.4236442, 27.2661284 ], [ 92.4232972, 27.2660457 ], [ 92.4231702, 27.2660276 ], [ 92.4230562, 27.2660163 ] ] } },
{ "type": "Feature", "properties": { "element": "way", "id": 1506926337, "highway": "path", "ref": null, "ref:old": null, "source": null, "name": null, "name:en": null, "surface": null, "bridge": null, "bridge:structure": null, "layer": null, "name:zh": null, "sidewalk": null, "smoothness": null, "lanes": null, "route": null, "alt_name": null, "service": null, "oneway": null }, "geometry": { "type": "LineString", "coordinates": [ [ 92.42371, 27.2661445 ], [ 92.4237494, 27.2661286 ], [ 92.423825, 27.2660981 ], [ 92.4238635, 27.2660834 ], [ 92.4239227, 27.2660675 ], [ 92.4239694, 27.2660516 ], [ 92.4239956, 27.2660394 ], [ 92.4240134, 27.2660186 ], [ 92.424063, 27.2659526 ], [ 92.4240753, 27.2659208 ], [ 92.4240795, 27.2658951 ], [ 92.4240864, 27.2658584 ], [ 92.4241056, 27.2658058 ], [ 92.4241551, 27.2657239 ], [ 92.4241991, 27.2656616 ], [ 92.4242225, 27.2656322 ], [ 92.424259, 27.2655591 ], [ 92.4242973, 27.265476 ], [ 92.4243101, 27.2654023 ], [ 92.4243079, 27.2653343 ], [ 92.4242824, 27.2652209 ], [ 92.4242773, 27.2651442 ], [ 92.424276, 27.2651246 ] ] } },
{ "type": "Feature", "properties": { "element": "way", "id": 1506926338, "highway": "residential", "ref": null, "ref:old": null, "source": null, "name": null, "name:en": null, "surface": null, "bridge": null, "bridge:structure": null, "layer": null, "name:zh": null, "sidewalk": null, "smoothness": null, "lanes": null, "route": null, "alt_name": null, "service": null, "oneway": null }, "geometry": { "type": "LineString", "coordinates": [ [ 92.422424, 27.2652341 ], [ 92.4226308, 27.2652606 ], [ 92.4227244, 27.2652814 ], [ 92.4228094, 27.2653154 ], [ 92.4228965, 27.2653721 ], [ 92.4229561, 27.2654193 ], [ 92.423022, 27.2654571 ], [ 92.423107, 27.2654798 ], [ 92.4231771, 27.2654836 ], [ 92.4232643, 27.2654741 ], [ 92.4234046, 27.2654514 ], [ 92.423442, 27.2654344 ], [ 92.4234596, 27.2653993 ], [ 92.4234683, 27.2653362 ], [ 92.4234726, 27.2653041 ], [ 92.4235002, 27.2652474 ], [ 92.4235219, 27.2652203 ], [ 92.4236001, 27.2651227 ], [ 92.4237, 27.2650074 ], [ 92.4237617, 27.2649167 ], [ 92.4237978, 27.2648638 ], [ 92.4238488, 27.2648185 ], [ 92.4238849, 27.264809 ], [ 92.4239232, 27.2648166 ], [ 92.4239615, 27.2648166 ], [ 92.4240224, 27.2648018 ], [ 92.4241421, 27.2647637 ], [ 92.4242187, 27.2647221 ], [ 92.4242824, 27.2646617 ], [ 92.4243504, 27.2645653 ], [ 92.4244355, 27.2644576 ], [ 92.4244992, 27.2643839 ], [ 92.424546, 27.2643461 ], [ 92.4245906, 27.2643178 ] ] } },
{ "type": "Feature", "properties": { "element": "way", "id": 1506926339, "highway": "path", "ref": null, "ref:old": null, "source": null, "name": null, "name:en": null, "surface": null, "bridge": null, "bridge:structure": null, "layer": null, "name:zh": null, "sidewalk": null, "smoothness": null, "lanes": null, "route": null, "alt_name": null, "service": null, "oneway": null }, "geometry": { "type": "LineString", "coordinates": [ [ 92.4242773, 27.2651442 ], [ 92.4243212, 27.2651354 ], [ 92.4243645, 27.2650602 ], [ 92.4243955, 27.2650602 ], [ 92.4244589, 27.2650602 ], [ 92.4244895, 27.2650118 ], [ 92.4245474, 27.2649203 ], [ 92.4246143, 27.2648294 ], [ 92.4247034, 27.2647304 ], [ 92.4247324, 27.2646982 ], [ 92.4249606, 27.2644849 ], [ 92.4249842, 27.2644587 ], [ 92.4249212, 27.2644447 ], [ 92.4249724, 27.2643782 ], [ 92.4250255, 27.2642838 ], [ 92.4250845, 27.2641194 ], [ 92.4251081, 27.2639672 ], [ 92.4251219, 27.2638308 ], [ 92.4251199, 27.2637591 ], [ 92.4250904, 27.2637154 ], [ 92.4249743, 27.2636647 ], [ 92.4251002, 27.263259 ], [ 92.4251376, 27.2632328 ], [ 92.4251632, 27.263217 ], [ 92.4251848, 27.2631785 ], [ 92.4252183, 27.2630211 ], [ 92.4251711, 27.2629494 ], [ 92.4252576, 27.2629215 ], [ 92.4252793, 27.2628847 ], [ 92.4252793, 27.2628375 ], [ 92.4252891, 27.2627973 ], [ 92.4253167, 27.2628095 ], [ 92.425358, 27.262848 ], [ 92.4254485, 27.262911 ], [ 92.4254819, 27.2629232 ], [ 92.4255033, 27.2629223 ], [ 92.4255088, 27.2629118 ], [ 92.4255124, 27.2628939 ], [ 92.4255033, 27.262859 ], [ 92.4254878, 27.2628086 ], [ 92.425412, 27.2627039 ], [ 92.4253216, 27.2626649 ], [ 92.425264, 27.2626227 ], [ 92.4252056, 27.2625505 ], [ 92.4251992, 27.2625091 ], [ 92.4252074, 27.2624725 ], [ 92.4252644, 27.2623783 ] ] } },
{ "type": "Feature", "properties": { "element": "way", "id": 1506926340, "highway": "path", "ref": null, "ref:old": null, "source": null, "name": null, "name:en": null, "surface": null, "bridge": null, "bridge:structure": null, "layer": null, "name:zh": null, "sidewalk": null, "smoothness": null, "lanes": null, "route": null, "alt_name": null, "service": null, "oneway": null }, "geometry": { "type": "LineString", "coordinates": [ [ 92.4248695, 27.262847 ], [ 92.4247323, 27.2631965 ], [ 92.4246835, 27.2633284 ], [ 92.4246535, 27.2633653 ], [ 92.4245425, 27.2634537 ], [ 92.4244547, 27.2635215 ], [ 92.4243553, 27.2636406 ], [ 92.4242883, 27.2637372 ], [ 92.4242282, 27.2638194 ], [ 92.4241935, 27.2638851 ], [ 92.4241843, 27.2639262 ], [ 92.4241727, 27.2639694 ], [ 92.4241404, 27.2640187 ], [ 92.4240826, 27.2641194 ], [ 92.4240063, 27.2642467 ], [ 92.423967, 27.2643577 ], [ 92.4239624, 27.2644152 ], [ 92.4239439, 27.2644892 ], [ 92.4239023, 27.2645878 ], [ 92.4237978, 27.2648638 ] ] } },
{ "type": "Feature", "properties": { "element": "way", "id": 1506926341, "highway": "path", "ref": null, "ref:old": null, "source": null, "name": null, "name:en": null, "surface": null, "bridge": null, "bridge:structure": null, "layer": null, "name:zh": null, "sidewalk": null, "smoothness": null, "lanes": null, "route": null, "alt_name": null, "service": null, "oneway": null }, "geometry": { "type": "LineString", "coordinates": [ [ 92.4240224, 27.2648018 ], [ 92.4242028, 27.2644419 ], [ 92.4243299, 27.2641707 ], [ 92.4244223, 27.2639365 ], [ 92.4244894, 27.263844 ], [ 92.4245934, 27.2637331 ], [ 92.4246512, 27.2637002 ], [ 92.4246951, 27.2636982 ], [ 92.4247321, 27.263692 ], [ 92.4247598, 27.2636735 ], [ 92.4247852, 27.2636468 ], [ 92.4248153, 27.263577 ], [ 92.4248777, 27.2633284 ], [ 92.4249077, 27.2631907 ], [ 92.4249308, 27.2631455 ], [ 92.4249863, 27.2631208 ], [ 92.4250372, 27.2630798 ], [ 92.4250672, 27.2630161 ] ] } },
{ "type": "Feature", "properties": { "element": "way", "id": 1506926342, "highway": "path", "ref": null, "ref:old": null, "source": null, "name": null, "name:en": null, "surface": null, "bridge": null, "bridge:structure": null, "layer": null, "name:zh": null, "sidewalk": null, "smoothness": null, "lanes": null, "route": null, "alt_name": null, "service": null, "oneway": null }, "geometry": { "type": "LineString", "coordinates": [ [ 92.4249743, 27.2636647 ], [ 92.42488, 27.263842 ], [ 92.4247667, 27.2640022 ], [ 92.4247436, 27.2640536 ], [ 92.424702, 27.2642324 ] ] } },
{ "type": "Feature", "properties": { "element": "way", "id": 1506926343, "highway": "path", "ref": null, "ref:old": null, "source": null, "name": null, "name:en": null, "surface": null, "bridge": null, "bridge:structure": null, "layer": null, "name:zh": null, "sidewalk": null, "smoothness": null, "lanes": null, "route": null, "alt_name": null, "service": null, "oneway": null }, "geometry": { "type": "LineString", "coordinates": [ [ 92.4242883, 27.2637372 ], [ 92.4243784, 27.2638071 ], [ 92.4243854, 27.2638482 ], [ 92.4244223, 27.2639365 ], [ 92.4244501, 27.2639468 ], [ 92.4245148, 27.2639694 ], [ 92.4245518, 27.2639981 ], [ 92.4245633, 27.2640516 ], [ 92.4245818, 27.2641974 ], [ 92.4245906, 27.2643178 ] ] } },
{ "type": "Feature", "properties": { "element": "way", "id": 1506926344, "highway": "service", "ref": null, "ref:old": null, "source": null, "name": null, "name:en": null, "surface": null, "bridge": null, "bridge:structure": null, "layer": null, "name:zh": null, "sidewalk": null, "smoothness": null, "lanes": null, "route": null, "alt_name": null, "service": "driveway", "oneway": null }, "geometry": { "type": "LineString", "coordinates": [ [ 92.4245906, 27.2643178 ], [ 92.4246419, 27.2642488 ], [ 92.4246558, 27.264218 ], [ 92.4246627, 27.2641666 ], [ 92.424665, 27.2640125 ] ] } },
{ "type": "Feature", "properties": { "element": "way", "id": 1506926345, "highway": "path", "ref": null, "ref:old": null, "source": null, "name": null, "name:en": null, "surface": null, "bridge": null, "bridge:structure": null, "layer": null, "name:zh": null, "sidewalk": null, "smoothness": null, "lanes": null, "route": null, "alt_name": null, "service": null, "oneway": null }, "geometry": { "type": "LineString", "coordinates": [ [ 92.4246951, 27.2636982 ], [ 92.42488, 27.263842 ], [ 92.4249711, 27.263887 ], [ 92.4250064, 27.2639183 ], [ 92.425005, 27.2639434 ], [ 92.4249895, 27.2639834 ], [ 92.4249261, 27.2640861 ], [ 92.4248387, 27.2641662 ], [ 92.424702, 27.2642324 ], [ 92.4246584, 27.2642639 ], [ 92.4245906, 27.2643178 ] ] } },
{ "type": "Feature", "properties": { "element": "way", "id": 1506926346, "highway": "path", "ref": null, "ref:old": null, "source": null, "name": null, "name:en": null, "surface": null, "bridge": null, "bridge:structure": null, "layer": null, "name:zh": null, "sidewalk": null, "smoothness": null, "lanes": null, "route": null, "alt_name": null, "service": null, "oneway": null }, "geometry": { "type": "LineString", "coordinates": [ [ 92.4249212, 27.2644447 ], [ 92.4247295, 27.2644251 ], [ 92.424679, 27.2644114 ], [ 92.4246258, 27.2643902 ], [ 92.424546, 27.2643461 ] ] } },
{ "type": "Feature", "properties": { "element": "way", "id": 1506926347, "highway": "path", "ref": null, "ref:old": null, "source": null, "name": null, "name:en": null, "surface": null, "bridge": null, "bridge:structure": null, "layer": null, "name:zh": null, "sidewalk": null, "smoothness": null, "lanes": null, "route": null, "alt_name": null, "service": null, "oneway": null }, "geometry": { "type": "LineString", "coordinates": [ [ 92.4255506, 27.2640808 ], [ 92.425501, 27.2641215 ], [ 92.4254628, 27.2641402 ], [ 92.4254303, 27.2641691 ], [ 92.425417, 27.26422 ], [ 92.4253769, 27.2643337 ], [ 92.4252127, 27.2647478 ] ] } },
{ "type": "Feature", "properties": { "element": "way", "id": 1506926348, "highway": "path", "ref": null, "ref:old": null, "source": null, "name": null, "name:en": null, "surface": null, "bridge": null, "bridge:structure": null, "layer": null, "name:zh": null, "sidewalk": null, "smoothness": null, "lanes": null, "route": null, "alt_name": null, "service": null, "oneway": null }, "geometry": { "type": "LineString", "coordinates": [ [ 92.4253495, 27.2648937 ], [ 92.4252127, 27.2647478 ], [ 92.4251497, 27.2646918 ], [ 92.4250771, 27.2646409 ], [ 92.4250485, 27.2646409 ], [ 92.425016, 27.264668 ], [ 92.42489, 27.2647902 ], [ 92.4248745, 27.2648148 ], [ 92.4248461, 27.2648598 ], [ 92.4247545, 27.2651347 ] ] } },
{ "type": "Feature", "properties": { "element": "way", "id": 1506926349, "highway": "path", "ref": null, "ref:old": null, "source": null, "name": null, "name:en": null, "surface": null, "bridge": null, "bridge:structure": null, "layer": null, "name:zh": null, "sidewalk": null, "smoothness": null, "lanes": null, "route": null, "alt_name": null, "service": null, "oneway": null }, "geometry": { "type": "LineString", "coordinates": [ [ 92.4248745, 27.2648148 ], [ 92.4247034, 27.2647304 ] ] } },
{ "type": "Feature", "properties": { "element": "way", "id": 1506926350, "highway": "path", "ref": null, "ref:old": null, "source": null, "name": null, "name:en": null, "surface": null, "bridge": null, "bridge:structure": null, "layer": null, "name:zh": null, "sidewalk": null, "smoothness": null, "lanes": null, "route": null, "alt_name": null, "service": null, "oneway": null }, "geometry": { "type": "LineString", "coordinates": [ [ 92.4250485, 27.2646409 ], [ 92.4249606, 27.2644849 ] ] } },
{ "type": "Feature", "properties": { "element": "way", "id": 1506926351, "highway": "path", "ref": null, "ref:old": null, "source": null, "name": null, "name:en": null, "surface": null, "bridge": null, "bridge:structure": null, "layer": null, "name:zh": null, "sidewalk": null, "smoothness": null, "lanes": null, "route": null, "alt_name": null, "service": null, "oneway": null }, "geometry": { "type": "LineString", "coordinates": [ [ 92.4244895, 27.2650118 ], [ 92.4247545, 27.2651347 ], [ 92.4247907, 27.2651636 ], [ 92.4248709, 27.265245 ], [ 92.4249568, 27.2653163 ], [ 92.4249969, 27.2653452 ], [ 92.4250776, 27.26539 ] ] } },
{ "type": "Feature", "properties": { "element": "way", "id": 1506926352, "highway": "path", "ref": null, "ref:old": null, "source": null, "name": null, "name:en": null, "surface": null, "bridge": null, "bridge:structure": null, "layer": null, "name:zh": null, "sidewalk": null, "smoothness": null, "lanes": null, "route": null, "alt_name": null, "service": null, "oneway": null }, "geometry": { "type": "LineString", "coordinates": [ [ 92.4243955, 27.2650602 ], [ 92.4243974, 27.2651211 ], [ 92.4244146, 27.2651789 ], [ 92.4244433, 27.2652841 ], [ 92.4244433, 27.2653554 ], [ 92.424428, 27.2654945 ], [ 92.4243764, 27.2656608 ], [ 92.4243421, 27.2657389 ] ] } },
{ "type": "Feature", "properties": { "element": "way", "id": 1506926353, "highway": "path", "ref": null, "ref:old": null, "source": null, "name": null, "name:en": null, "surface": null, "bridge": null, "bridge:structure": null, "layer": null, "name:zh": null, "sidewalk": null, "smoothness": null, "lanes": null, "route": null, "alt_name": null, "service": null, "oneway": null }, "geometry": { "type": "LineString", "coordinates": [ [ 92.4234683, 27.2653362 ], [ 92.4236356, 27.2654572 ], [ 92.4237197, 27.2655217 ], [ 92.4237617, 27.2655658 ], [ 92.4237922, 27.2655963 ], [ 92.4238304, 27.2656099 ], [ 92.423901, 27.2656133 ], [ 92.4240156, 27.2655963 ], [ 92.4240824, 27.2655896 ], [ 92.4241263, 27.2655896 ], [ 92.4241588, 27.265598 ], [ 92.4242225, 27.2656322 ] ] } },
{ "type": "Feature", "properties": { "element": "way", "id": 1506926354, "highway": "service", "ref": null, "ref:old": null, "source": null, "name": null, "name:en": null, "surface": null, "bridge": null, "bridge:structure": null, "layer": null, "name:zh": null, "sidewalk": null, "smoothness": null, "lanes": null, "route": null, "alt_name": null, "service": "driveway", "oneway": null }, "geometry": { "type": "LineString", "coordinates": [ [ 92.4238488, 27.2648185 ], [ 92.4239411, 27.264892 ], [ 92.4239908, 27.2649531 ], [ 92.4240175, 27.2650261 ], [ 92.4240614, 27.2652281 ], [ 92.4241263, 27.2655896 ] ] } },
{ "type": "Feature", "properties": { "element": "way", "id": 1506926355, "highway": "path", "ref": null, "ref:old": null, "source": null, "name": null, "name:en": null, "surface": null, "bridge": null, "bridge:structure": null, "layer": null, "name:zh": null, "sidewalk": null, "smoothness": null, "lanes": null, "route": null, "alt_name": null, "service": null, "oneway": null }, "geometry": { "type": "LineString", "coordinates": [ [ 92.4225394, 27.2648729 ], [ 92.4226521, 27.2648766 ], [ 92.4228212, 27.2648421 ], [ 92.4229286, 27.2648116 ], [ 92.4229766, 27.264771 ], [ 92.4230291, 27.2647405 ], [ 92.4230977, 27.2647121 ], [ 92.4232005, 27.2646613 ], [ 92.4234051, 27.2645357 ] ] } },
{ "type": "Feature", "properties": { "element": "way", "id": 1506926356, "highway": "service", "ref": null, "ref:old": null, "source": null, "name": null, "name:en": null, "surface": null, "bridge": null, "bridge:structure": null, "layer": null, "name:zh": null, "sidewalk": null, "smoothness": null, "lanes": null, "route": null, "alt_name": null, "service": "driveway", "oneway": null }, "geometry": { "type": "LineString", "coordinates": [ [ 92.4235219, 27.2652203 ], [ 92.4234884, 27.2651081 ], [ 92.4234655, 27.2649863 ], [ 92.4234518, 27.264901 ], [ 92.4234404, 27.2648116 ] ] } },
{ "type": "Feature", "properties": { "element": "way", "id": 1506926357, "highway": "service", "ref": null, "ref:old": null, "source": null, "name": null, "name:en": null, "surface": null, "bridge": null, "bridge:structure": null, "layer": null, "name:zh": null, "sidewalk": null, "smoothness": null, "lanes": null, "route": null, "alt_name": null, "service": "driveway", "oneway": null }, "geometry": { "type": "LineString", "coordinates": [ [ 92.4232643, 27.2654741 ], [ 92.4231959, 27.2652401 ], [ 92.4231502, 27.2650756 ] ] } },
{ "type": "Feature", "properties": { "element": "way", "id": 1506926358, "highway": "residential", "ref": null, "ref:old": null, "source": null, "name": null, "name:en": null, "surface": null, "bridge": null, "bridge:structure": null, "layer": null, "name:zh": null, "sidewalk": null, "smoothness": null, "lanes": null, "route": null, "alt_name": null, "service": null, "oneway": null }, "geometry": { "type": "LineString", "coordinates": [ [ 92.4224672, 27.2670662 ], [ 92.4222821, 27.2669642 ], [ 92.4222022, 27.2669147 ], [ 92.4221442, 27.2668631 ], [ 92.4220207, 27.2667598 ], [ 92.4219651, 27.2667254 ], [ 92.4219191, 27.2667147 ], [ 92.421844, 27.2667125 ], [ 92.4217835, 27.266719 ], [ 92.4217012, 27.2667362 ], [ 92.421648, 27.2667577 ], [ 92.4216093, 27.2667899 ], [ 92.4215778, 27.2668265 ], [ 92.4215367, 27.266904 ], [ 92.4214907, 27.266975 ], [ 92.421435, 27.2670352 ], [ 92.4213769, 27.2670632 ], [ 92.4212801, 27.2670976 ], [ 92.4211397, 27.2671062 ], [ 92.4209413, 27.2670976 ], [ 92.4208275, 27.2671019 ], [ 92.4207331, 27.2671191 ], [ 92.4204161, 27.2671793 ], [ 92.4203483, 27.2672009 ], [ 92.4203071, 27.2672331 ], [ 92.4202345, 27.2673579 ], [ 92.4201861, 27.2674375 ], [ 92.4201619, 27.2674719 ], [ 92.420145, 27.2675107 ], [ 92.4201377, 27.2675515 ], [ 92.4201426, 27.2676311 ], [ 92.420145, 27.267715 ], [ 92.4201256, 27.2678355 ], [ 92.4201063, 27.2679366 ] ] } },
{ "type": "Feature", "properties": { "element": "way", "id": 1506926359, "highway": "path", "ref": null, "ref:old": null, "source": null, "name": null, "name:en": null, "surface": null, "bridge": null, "bridge:structure": null, "layer": null, "name:zh": null, "sidewalk": null, "smoothness": null, "lanes": null, "route": null, "alt_name": null, "service": null, "oneway": null }, "geometry": { "type": "LineString", "coordinates": [ [ 92.4201063, 27.2679366 ], [ 92.4199011, 27.2679981 ], [ 92.4198374, 27.2680298 ], [ 92.4198068, 27.2680683 ], [ 92.4197737, 27.2681521 ], [ 92.4197533, 27.2682404 ], [ 92.4197584, 27.2683604 ], [ 92.4197839, 27.2687793 ], [ 92.4197712, 27.2688087 ], [ 92.4197279, 27.2688359 ], [ 92.4196846, 27.2688359 ], [ 92.4196209, 27.2688132 ], [ 92.419547, 27.2687634 ], [ 92.4195164, 27.2687227 ], [ 92.4195088, 27.2686796 ], [ 92.4195012, 27.2686366 ], [ 92.419491, 27.2685981 ], [ 92.4194553, 27.2684962 ], [ 92.4194095, 27.2683966 ], [ 92.4193356, 27.2683468 ], [ 92.4192566, 27.2683491 ], [ 92.4190707, 27.2683876 ], [ 92.4187777, 27.2684328 ] ] } },
{ "type": "Feature", "properties": { "element": "way", "id": 1506926360, "highway": "service", "ref": null, "ref:old": null, "source": null, "name": null, "name:en": null, "surface": null, "bridge": null, "bridge:structure": null, "layer": null, "name:zh": null, "sidewalk": null, "smoothness": null, "lanes": null, "route": null, "alt_name": null, "service": "alley", "oneway": null }, "geometry": { "type": "LineString", "coordinates": [ [ 92.4216093, 27.2667899 ], [ 92.4216943, 27.2668317 ], [ 92.4217347, 27.2668479 ], [ 92.4217771, 27.2668676 ], [ 92.4217933, 27.2669035 ], [ 92.4217812, 27.2669627 ], [ 92.421763, 27.2670381 ], [ 92.421763, 27.267101 ], [ 92.4217933, 27.267153 ], [ 92.4218397, 27.2671871 ], [ 92.4219003, 27.2672248 ], [ 92.4219831, 27.2672482 ], [ 92.4220083, 27.2672482 ], [ 92.4220356, 27.2672482 ], [ 92.4220942, 27.2672482 ], [ 92.4221851, 27.2672661 ], [ 92.4222578, 27.2672787 ], [ 92.4223729, 27.2673362 ], [ 92.4224638, 27.2674062 ], [ 92.4225446, 27.2674726 ], [ 92.4225966, 27.2675061 ], [ 92.4226294, 27.2675121 ], [ 92.4226732, 27.2675029 ], [ 92.4227001, 27.267478 ], [ 92.4227122, 27.2674313 ], [ 92.4227163, 27.2673792 ], [ 92.4227324, 27.2673362 ], [ 92.4227587, 27.2673092 ], [ 92.4227991, 27.2672895 ], [ 92.4228395, 27.2672877 ], [ 92.4228859, 27.2672949 ], [ 92.4230051, 27.2673362 ], [ 92.423096, 27.2673739 ], [ 92.4231586, 27.2673846 ], [ 92.4232131, 27.2673739 ], [ 92.423254, 27.2673474 ], [ 92.423299, 27.2672851 ] ] } },
{ "type": "Feature", "properties": { "element": "way", "id": 1506926361, "highway": "path", "ref": null, "ref:old": null, "source": null, "name": null, "name:en": null, "surface": null, "bridge": null, "bridge:structure": null, "layer": null, "name:zh": null, "sidewalk": null, "smoothness": null, "lanes": null, "route": null, "alt_name": null, "service": null, "oneway": null }, "geometry": { "type": "LineString", "coordinates": [ [ 92.423254, 27.2673474 ], [ 92.4232474, 27.2674295 ], [ 92.4232515, 27.2675426 ], [ 92.4232414, 27.2675911 ], [ 92.4232232, 27.2676431 ], [ 92.4232171, 27.267688 ], [ 92.4232353, 27.2677526 ], [ 92.4232393, 27.2677939 ], [ 92.4232313, 27.2678532 ], [ 92.4232131, 27.2679142 ], [ 92.4231909, 27.2679375 ], [ 92.4231444, 27.2679609 ], [ 92.423104, 27.2679681 ], [ 92.4230717, 27.2679806 ], [ 92.4230576, 27.2679968 ], [ 92.4230475, 27.2680309 ], [ 92.4230131, 27.2683594 ], [ 92.4231444, 27.2683846 ], [ 92.4231808, 27.26853 ] ] } },
{ "type": "Feature", "properties": { "element": "way", "id": 1506926362, "highway": "residential", "ref": null, "ref:old": null, "source": null, "name": null, "name:en": null, "surface": null, "bridge": null, "bridge:structure": null, "layer": null, "name:zh": null, "sidewalk": null, "smoothness": null, "lanes": null, "route": null, "alt_name": null, "service": null, "oneway": null }, "geometry": { "type": "LineString", "coordinates": [ [ 92.4236578, 27.2683918 ], [ 92.4235726, 27.26846 ], [ 92.4234979, 27.2685048 ], [ 92.423405, 27.2685246 ], [ 92.4233242, 27.26853 ], [ 92.4232454, 27.2685336 ], [ 92.4231808, 27.26853 ], [ 92.423098, 27.2685407 ], [ 92.4229283, 27.2685964 ], [ 92.4228132, 27.2686467 ], [ 92.4227445, 27.2686987 ], [ 92.422686, 27.2687544 ], [ 92.4226516, 27.26881 ], [ 92.4226234, 27.2688675 ], [ 92.4226011, 27.2689034 ], [ 92.4225688, 27.2689213 ], [ 92.4225163, 27.2689285 ], [ 92.4224779, 27.2689177 ], [ 92.4224598, 27.2688926 ], [ 92.4224416, 27.2688639 ], [ 92.4223992, 27.2687903 ], [ 92.4223588, 27.2687382 ], [ 92.4223204, 27.2687149 ], [ 92.4222639, 27.2686915 ], [ 92.4221972, 27.2686844 ], [ 92.4221225, 27.2686862 ], [ 92.422072, 27.2686987 ], [ 92.4220195, 27.2687328 ], [ 92.4219508, 27.2687957 ], [ 92.4218821, 27.2688352 ], [ 92.4218293, 27.2688672 ], [ 92.421769, 27.2688818 ], [ 92.4216923, 27.2688711 ], [ 92.4215954, 27.2688441 ], [ 92.4214843, 27.2688028 ], [ 92.4214479, 27.2687992 ], [ 92.4214136, 27.2688046 ], [ 92.4213893, 27.268828 ], [ 92.4213813, 27.2688477 ], [ 92.4213813, 27.2688782 ], [ 92.4213954, 27.2689267 ], [ 92.4214338, 27.2689734 ], [ 92.4215085, 27.2690272 ], [ 92.4215509, 27.2690596 ], [ 92.4215711, 27.2690955 ], [ 92.4215812, 27.2691367 ], [ 92.4215812, 27.2691726 ], [ 92.4215671, 27.2692086 ], [ 92.4215408, 27.2692265 ], [ 92.4214944, 27.269248 ], [ 92.4214257, 27.2692606 ], [ 92.421355, 27.2692624 ], [ 92.421248, 27.2692516 ], [ 92.4211207, 27.2692265 ], [ 92.4210097, 27.2692032 ], [ 92.4209491, 27.269187 ], [ 92.4209026, 27.2691583 ], [ 92.4207754, 27.2690631 ], [ 92.4207067, 27.2690236 ], [ 92.4206401, 27.2690093 ], [ 92.4205371, 27.2689985 ], [ 92.4203149, 27.2690003 ], [ 92.4202725, 27.2690147 ], [ 92.4202402, 27.2690398 ], [ 92.4202099, 27.2690775 ], [ 92.4201796, 27.2691475 ], [ 92.4201553, 27.2691924 ], [ 92.4201331, 27.2692229 ], [ 92.4201028, 27.2692445 ], [ 92.4200665, 27.269248 ], [ 92.4200261, 27.2692445 ], [ 92.4199756, 27.2692247 ], [ 92.4199372, 27.2692139 ], [ 92.4198888, 27.2692139 ], [ 92.4198241, 27.2692319 ], [ 92.419709, 27.2692947 ], [ 92.419606, 27.269406 ], [ 92.4195212, 27.2694724 ], [ 92.4194606, 27.2694922 ], [ 92.4194162, 27.2694976 ], [ 92.4193657, 27.269485 ], [ 92.4193394, 27.2694653 ], [ 92.4193232, 27.2694312 ], [ 92.4193232, 27.2693791 ], [ 92.4193293, 27.2693288 ], [ 92.4193495, 27.2692678 ], [ 92.4193838, 27.269196 ], [ 92.4193939, 27.2691529 ], [ 92.4193939, 27.2691224 ], [ 92.4193818, 27.2690829 ], [ 92.4193455, 27.2690326 ], [ 92.4192869, 27.2689806 ], [ 92.4192202, 27.2689465 ], [ 92.4191314, 27.2689177 ] ] } },
{ "type": "Feature", "properties": { "element": "way", "id": 1506926363, "highway": "path", "ref": null, "ref:old": null, "source": null, "name": null, "name:en": null, "surface": null, "bridge": null, "bridge:structure": null, "layer": null, "name:zh": null, "sidewalk": null, "smoothness": null, "lanes": null, "route": null, "alt_name": null, "service": null, "oneway": null }, "geometry": { "type": "LineString", "coordinates": [ [ 92.4192202, 27.2689465 ], [ 92.4191071, 27.2690578 ], [ 92.4190688, 27.2691206 ], [ 92.4190082, 27.2692445 ], [ 92.418992, 27.2693019 ], [ 92.4189779, 27.2693755 ], [ 92.4189678, 27.2694168 ], [ 92.4189436, 27.2694599 ], [ 92.4189213, 27.2694796 ], [ 92.4189112, 27.2695299 ], [ 92.4189193, 27.269582 ], [ 92.4189597, 27.2696538 ], [ 92.4190405, 27.2697417 ], [ 92.4191778, 27.2698315 ], [ 92.4195919, 27.2700631 ], [ 92.4196772, 27.2701024 ] ] } },
{ "type": "Feature", "properties": { "element": "way", "id": 1506926364, "highway": "residential", "ref": null, "ref:old": null, "source": null, "name": null, "name:en": null, "surface": null, "bridge": null, "bridge:structure": null, "layer": null, "name:zh": null, "sidewalk": null, "smoothness": null, "lanes": null, "route": null, "alt_name": null, "service": null, "oneway": null }, "geometry": { "type": "LineString", "coordinates": [ [ 92.4191314, 27.2689177 ], [ 92.4190716, 27.2688803 ], [ 92.4190313, 27.2688364 ], [ 92.4189715, 27.2687602 ], [ 92.4188975, 27.2686932 ], [ 92.4188559, 27.2686574 ], [ 92.4187974, 27.2686378 ], [ 92.4187247, 27.2686308 ], [ 92.4186805, 27.2686435 ], [ 92.418648, 27.2686724 ], [ 92.4186143, 27.2687336 ], [ 92.418548, 27.2688583 ], [ 92.4185246, 27.2688895 ], [ 92.4184895, 27.2689138 ], [ 92.4183427, 27.2690015 ], [ 92.4182674, 27.2690489 ] ] } },
{ "type": "Feature", "properties": { "element": "way", "id": 1506926365, "highway": "residential", "ref": null, "ref:old": null, "source": null, "name": null, "name:en": null, "surface": null, "bridge": null, "bridge:structure": null, "layer": null, "name:zh": null, "sidewalk": null, "smoothness": null, "lanes": null, "route": null, "alt_name": null, "service": null, "oneway": null }, "geometry": { "type": "LineString", "coordinates": [ [ 92.4228465, 27.2694282 ], [ 92.4228427, 27.2695141 ], [ 92.4228375, 27.2696257 ], [ 92.422827, 27.2696884 ], [ 92.4227643, 27.2697976 ], [ 92.422712, 27.269865 ], [ 92.4226545, 27.2699278 ], [ 92.4225917, 27.269951 ], [ 92.4225133, 27.2699557 ], [ 92.4224244, 27.2699626 ], [ 92.4223538, 27.2699812 ], [ 92.4222675, 27.2700254 ], [ 92.422163, 27.2700811 ], [ 92.4220845, 27.270123 ], [ 92.422027, 27.2701485 ], [ 92.4220046, 27.2701608 ], [ 92.4219591, 27.2701857 ], [ 92.4218832, 27.2702392 ], [ 92.421858, 27.2702589 ], [ 92.4217734, 27.2703251 ], [ 92.4217028, 27.2703716 ], [ 92.4216375, 27.2703949 ], [ 92.4215721, 27.2704041 ], [ 92.4215094, 27.2703972 ], [ 92.4214205, 27.270353 ], [ 92.4213238, 27.2703019 ], [ 92.4212244, 27.2702717 ], [ 92.4209238, 27.2702043 ], [ 92.4208244, 27.2702043 ], [ 92.4207303, 27.2702299 ], [ 92.4206403, 27.2702704 ] ] } },
{ "type": "Feature", "properties": { "element": "way", "id": 1506926366, "highway": "residential", "ref": null, "ref:old": null, "source": null, "name": null, "name:en": null, "surface": null, "bridge": null, "bridge:structure": null, "layer": null, "name:zh": null, "sidewalk": null, "smoothness": null, "lanes": null, "route": null, "alt_name": null, "service": null, "oneway": "yes" }, "geometry": { "type": "LineString", "coordinates": [ [ 92.420443, 27.2702974 ], [ 92.4204389, 27.2703288 ], [ 92.4204464, 27.2703598 ], [ 92.4204653, 27.2703877 ], [ 92.4204935, 27.2704085 ], [ 92.4205277, 27.2704199 ], [ 92.4205643, 27.2704206 ], [ 92.4205992, 27.2704107 ], [ 92.4206284, 27.2703911 ], [ 92.4206487, 27.2703641 ], [ 92.420658, 27.2703326 ], [ 92.4206551, 27.2703002 ], [ 92.4206403, 27.2702704 ], [ 92.4206161, 27.2702471 ], [ 92.4205849, 27.2702319 ], [ 92.4205497, 27.2702265 ], [ 92.4205145, 27.2702313 ], [ 92.4204829, 27.2702459 ], [ 92.4204581, 27.2702687 ], [ 92.420443, 27.2702974 ] ] } },
{ "type": "Feature", "properties": { "element": "way", "id": 1506926367, "highway": "residential", "ref": null, "ref:old": null, "source": null, "name": null, "name:en": null, "surface": null, "bridge": null, "bridge:structure": null, "layer": null, "name:zh": null, "sidewalk": null, "smoothness": null, "lanes": null, "route": null, "alt_name": null, "service": null, "oneway": null }, "geometry": { "type": "LineString", "coordinates": [ [ 92.4204653, 27.2703877 ], [ 92.4204058, 27.2704152 ], [ 92.4203885, 27.270432 ], [ 92.4203875, 27.2704457 ], [ 92.4204005, 27.2704585 ], [ 92.4204318, 27.2704766 ], [ 92.420463, 27.2704864 ], [ 92.4205025, 27.2704921 ], [ 92.4205476, 27.2704945 ], [ 92.4206506, 27.2704904 ], [ 92.4207352, 27.2704884 ], [ 92.4207741, 27.2704965 ], [ 92.4208175, 27.2705209 ], [ 92.4208427, 27.2705595 ], [ 92.4208336, 27.27059 ], [ 92.4208153, 27.2706246 ], [ 92.4207764, 27.270647 ], [ 92.4207032, 27.2706612 ], [ 92.4205476, 27.2706632 ], [ 92.4204378, 27.270647 ], [ 92.4203578, 27.2706409 ], [ 92.4202777, 27.2706409 ], [ 92.4201976, 27.2706612 ], [ 92.4201588, 27.2706998 ], [ 92.4201107, 27.2707446 ], [ 92.4200581, 27.2707812 ], [ 92.4199895, 27.2708056 ], [ 92.4199346, 27.2708259 ], [ 92.4198339, 27.2708767 ], [ 92.4197379, 27.270952 ], [ 92.4195869, 27.2710841 ], [ 92.4194725, 27.2711858 ] ] } },
{ "type": "Feature", "properties": { "element": "way", "id": 1506926368, "highway": "residential", "ref": null, "ref:old": null, "source": null, "name": null, "name:en": null, "surface": null, "bridge": null, "bridge:structure": null, "layer": null, "name:zh": null, "sidewalk": null, "smoothness": null, "lanes": null, "route": null, "alt_name": null, "service": null, "oneway": null }, "geometry": { "type": "LineString", "coordinates": [ [ 92.4204389, 27.2703288 ], [ 92.4202068, 27.2704028 ], [ 92.4199184, 27.2705122 ], [ 92.4196646, 27.2705806 ], [ 92.4192839, 27.2706455 ], [ 92.4191916, 27.2706592 ], [ 92.4191426, 27.2706552 ], [ 92.4191048, 27.2706398 ], [ 92.4190808, 27.2706071 ], [ 92.4190761, 27.2705714 ], [ 92.4190878, 27.2705361 ], [ 92.4191236, 27.2705077 ], [ 92.4191687, 27.2704977 ], [ 92.4192335, 27.2704947 ], [ 92.4193724, 27.2704917 ], [ 92.4194841, 27.2704858 ], [ 92.4195694, 27.2704705 ], [ 92.4196761, 27.2704297 ], [ 92.4198392, 27.2703488 ], [ 92.4200453, 27.2702285 ], [ 92.4200909, 27.2701905 ], [ 92.4201242, 27.270143 ], [ 92.4201645, 27.2700269 ], [ 92.420168, 27.2699797 ], [ 92.4201586, 27.2699546 ], [ 92.4201439, 27.2699403 ], [ 92.4201197, 27.2699356 ], [ 92.4200969, 27.2699415 ], [ 92.4200741, 27.2699677 ], [ 92.4200473, 27.2700261 ], [ 92.4200124, 27.2700845 ], [ 92.4199843, 27.2701179 ], [ 92.4199347, 27.2701394 ], [ 92.4198462, 27.2701561 ], [ 92.419751, 27.2701465 ], [ 92.4197161, 27.2701334 ], [ 92.4196772, 27.2701024 ], [ 92.4196705, 27.2700607 ], [ 92.4196705, 27.270019 ], [ 92.419692, 27.2699475 ] ] } },
{ "type": "Feature", "properties": { "element": "way", "id": 1506926369, "highway": "service", "ref": null, "ref:old": null, "source": null, "name": null, "name:en": null, "surface": null, "bridge": null, "bridge:structure": null, "layer": null, "name:zh": null, "sidewalk": null, "smoothness": null, "lanes": null, "route": null, "alt_name": null, "service": "driveway", "oneway": "yes" }, "geometry": { "type": "LineString", "coordinates": [ [ 92.4187332, 27.2703033 ], [ 92.4187135, 27.2702686 ], [ 92.4186824, 27.2702413 ], [ 92.418643, 27.2702245 ], [ 92.4185996, 27.2702198 ], [ 92.4185568, 27.2702277 ], [ 92.4185191, 27.2702474 ], [ 92.4184906, 27.2702769 ], [ 92.4184742, 27.2703129 ], [ 92.4184718, 27.2703517 ], [ 92.4184835, 27.2703891 ], [ 92.418509, 27.270422 ], [ 92.4185453, 27.2704456 ], [ 92.4185883, 27.2704572 ], [ 92.4186332, 27.2704556 ], [ 92.418675, 27.2704408 ], [ 92.4187089, 27.2704146 ], [ 92.4187312, 27.2703799 ], [ 92.4187393, 27.2703417 ], [ 92.4187332, 27.2703033 ] ] } },
{ "type": "Feature", "properties": { "element": "way", "id": 1506926370, "highway": "service", "ref": null, "ref:old": null, "source": null, "name": null, "name:en": null, "surface": null, "bridge": null, "bridge:structure": null, "layer": null, "name:zh": null, "sidewalk": null, "smoothness": null, "lanes": null, "route": null, "alt_name": null, "service": "driveway", "oneway": null }, "geometry": { "type": "LineString", "coordinates": [ [ 92.4184835, 27.2703891 ], [ 92.4184527, 27.2704287 ], [ 92.418422, 27.2704613 ], [ 92.41838, 27.2704917 ], [ 92.4181943, 27.2706047 ], [ 92.4181325, 27.2706392 ], [ 92.4180835, 27.2706479 ], [ 92.4179894, 27.2706461 ] ] } },
{ "type": "Feature", "properties": { "element": "way", "id": 1506926371, "highway": "service", "ref": null, "ref:old": null, "source": null, "name": null, "name:en": null, "surface": null, "bridge": null, "bridge:structure": null, "layer": null, "name:zh": null, "sidewalk": null, "smoothness": null, "lanes": null, "route": null, "alt_name": null, "service": "driveway", "oneway": null }, "geometry": { "type": "LineString", "coordinates": [ [ 92.4190761, 27.2705714 ], [ 92.4187312, 27.2703799 ] ] } },
{ "type": "Feature", "properties": { "element": "way", "id": 1506926372, "highway": "service", "ref": null, "ref:old": null, "source": null, "name": null, "name:en": null, "surface": null, "bridge": null, "bridge:structure": null, "layer": null, "name:zh": null, "sidewalk": null, "smoothness": null, "lanes": null, "route": null, "alt_name": null, "service": "driveway", "oneway": null }, "geometry": { "type": "LineString", "coordinates": [ [ 92.4204005, 27.2704585 ], [ 92.420284, 27.2704455 ], [ 92.4202226, 27.2704455 ], [ 92.4201396, 27.2704622 ], [ 92.4198613, 27.2705771 ], [ 92.4196471, 27.2706618 ], [ 92.4191527, 27.2707952 ], [ 92.4191055, 27.2708136 ], [ 92.4190857, 27.2708354 ], [ 92.4190527, 27.2708732 ], [ 92.4190272, 27.2709084 ], [ 92.418997, 27.2709269 ], [ 92.418955, 27.2709484 ], [ 92.4188993, 27.2709563 ], [ 92.4188525, 27.2709602 ] ] } },
{ "type": "Feature", "properties": { "element": "way", "id": 1506926373, "highway": "residential", "ref": null, "ref:old": null, "source": null, "name": null, "name:en": null, "surface": null, "bridge": null, "bridge:structure": null, "layer": null, "name:zh": null, "sidewalk": null, "smoothness": null, "lanes": null, "route": null, "alt_name": null, "service": null, "oneway": null }, "geometry": { "type": "LineString", "coordinates": [ [ 92.4214479, 27.2687992 ], [ 92.4213986, 27.2687243 ], [ 92.4213867, 27.2686865 ], [ 92.4213867, 27.268657 ], [ 92.4213986, 27.2686318 ], [ 92.4214269, 27.268596 ], [ 92.421505, 27.2685414 ], [ 92.4215712, 27.2684951 ], [ 92.4216399, 27.2684467 ], [ 92.4217132, 27.2683879 ], [ 92.4217439, 27.2683521 ], [ 92.4217723, 27.268308 ], [ 92.4217771, 27.268268 ], [ 92.4217771, 27.268207 ], [ 92.4217676, 27.2681082 ], [ 92.4217652, 27.2680882 ], [ 92.4217615, 27.2680567 ], [ 92.4217581, 27.2680283 ], [ 92.4217534, 27.26794 ], [ 92.4217534, 27.2678832 ], [ 92.4217629, 27.2678411 ], [ 92.4217771, 27.2677991 ], [ 92.4218338, 27.2677192 ] ] } },
{ "type": "Feature", "properties": { "element": "way", "id": 1506926374, "highway": "path", "ref": null, "ref:old": null, "source": null, "name": null, "name:en": null, "surface": null, "bridge": null, "bridge:structure": null, "layer": null, "name:zh": null, "sidewalk": null, "smoothness": null, "lanes": null, "route": null, "alt_name": null, "service": null, "oneway": null }, "geometry": { "type": "LineString", "coordinates": [ [ 92.4218338, 27.2677192 ], [ 92.4219032, 27.267586 ], [ 92.4219269, 27.267565 ], [ 92.4219689, 27.2675452 ], [ 92.422007, 27.2675323 ], [ 92.4220175, 27.2675218 ], [ 92.4220096, 27.267509 ], [ 92.4219558, 27.2674787 ], [ 92.4219216, 27.2674553 ], [ 92.4219151, 27.267439 ], [ 92.4219151, 27.2674215 ], [ 92.4219242, 27.267404 ], [ 92.4219479, 27.26739 ], [ 92.4219676, 27.267376 ], [ 92.4219846, 27.2673526 ], [ 92.4219991, 27.2673246 ], [ 92.4220056, 27.2672966 ], [ 92.4220083, 27.2672482 ] ] } },
{ "type": "Feature", "properties": { "element": "way", "id": 1506926375, "highway": "service", "ref": null, "ref:old": null, "source": null, "name": null, "name:en": null, "surface": null, "bridge": null, "bridge:structure": null, "layer": null, "name:zh": null, "sidewalk": null, "smoothness": null, "lanes": null, "route": null, "alt_name": null, "service": "driveway", "oneway": null }, "geometry": { "type": "LineString", "coordinates": [ [ 92.4217615, 27.2680567 ], [ 92.422135, 27.2680348 ], [ 92.4222484, 27.2680307 ] ] } },
{ "type": "Feature", "properties": { "element": "way", "id": 1506926376, "highway": "service", "ref": null, "ref:old": null, "source": null, "name": null, "name:en": null, "surface": null, "bridge": null, "bridge:structure": null, "layer": null, "name:zh": null, "sidewalk": null, "smoothness": null, "lanes": null, "route": null, "alt_name": null, "service": "driveway", "oneway": null }, "geometry": { "type": "LineString", "coordinates": [ [ 92.4217652, 27.2680882 ], [ 92.4216284, 27.2680275 ], [ 92.4215616, 27.2679978 ], [ 92.4215242, 27.2679701 ], [ 92.4214706, 27.2679092 ] ] } },
{ "type": "Feature", "properties": { "element": "way", "id": 1506926377, "highway": "service", "ref": null, "ref:old": null, "source": null, "name": null, "name:en": null, "surface": null, "bridge": null, "bridge:structure": null, "layer": null, "name:zh": null, "sidewalk": null, "smoothness": null, "lanes": null, "route": null, "alt_name": null, "service": "driveway", "oneway": null }, "geometry": { "type": "LineString", "coordinates": [ [ 92.4216284, 27.2680275 ], [ 92.4215292, 27.2680465 ], [ 92.4214719, 27.2680488 ], [ 92.4213933, 27.268041 ] ] } },
{ "type": "Feature", "properties": { "element": "way", "id": 1506926378, "highway": "service", "ref": null, "ref:old": null, "source": null, "name": null, "name:en": null, "surface": null, "bridge": null, "bridge:structure": null, "layer": null, "name:zh": null, "sidewalk": null, "smoothness": null, "lanes": null, "route": null, "alt_name": null, "service": "driveway", "oneway": null }, "geometry": { "type": "LineString", "coordinates": [ [ 92.4217132, 27.2683879 ], [ 92.4220288, 27.2682899 ], [ 92.422142, 27.2682454 ], [ 92.4222095, 27.2682164 ] ] } },
{ "type": "Feature", "properties": { "element": "way", "id": 1506926379, "highway": "path", "ref": null, "ref:old": null, "source": null, "name": null, "name:en": null, "surface": null, "bridge": null, "bridge:structure": null, "layer": null, "name:zh": null, "sidewalk": null, "smoothness": null, "lanes": null, "route": null, "alt_name": null, "service": null, "oneway": null }, "geometry": { "type": "LineString", "coordinates": [ [ 92.4218293, 27.2688672 ], [ 92.4218269, 27.2690064 ], [ 92.4218405, 27.2690858 ], [ 92.4219977, 27.2696119 ], [ 92.4220365, 27.2696723 ], [ 92.4220967, 27.2697327 ], [ 92.4221413, 27.2697896 ], [ 92.4221724, 27.2698431 ], [ 92.4221705, 27.2698897 ], [ 92.422151, 27.2699742 ], [ 92.4221275, 27.2700486 ], [ 92.4220845, 27.270123 ] ] } },
{ "type": "Feature", "properties": { "element": "way", "id": 1506926380, "highway": "residential", "ref": null, "ref:old": null, "source": null, "name": null, "name:en": null, "surface": null, "bridge": null, "bridge:structure": null, "layer": null, "name:zh": null, "sidewalk": null, "smoothness": null, "lanes": null, "route": null, "alt_name": null, "service": null, "oneway": null }, "geometry": { "type": "LineString", "coordinates": [ [ 92.4240812, 27.2688345 ], [ 92.4238784, 27.2690494 ], [ 92.4238146, 27.2691344 ], [ 92.4237332, 27.2692541 ], [ 92.4235915, 27.2694871 ], [ 92.4235065, 27.2696476 ], [ 92.4234463, 27.2697237 ], [ 92.4233872, 27.2697678 ], [ 92.4233377, 27.2698077 ], [ 92.4232881, 27.2698601 ], [ 92.4232526, 27.2699294 ], [ 92.4232243, 27.2699945 ], [ 92.4232243, 27.2700637 ], [ 92.423229, 27.2701078 ], [ 92.4232338, 27.2701666 ], [ 92.4232219, 27.2702107 ], [ 92.4231983, 27.2702568 ], [ 92.4231369, 27.2703429 ], [ 92.423033, 27.2704247 ], [ 92.4230101, 27.270443 ], [ 92.4229882, 27.2704604 ], [ 92.4229409, 27.2705087 ], [ 92.4229079, 27.270557 ], [ 92.4228961, 27.270601 ], [ 92.4229173, 27.2706472 ], [ 92.4229339, 27.2706871 ], [ 92.4229244, 27.2707291 ], [ 92.4228914, 27.2707543 ], [ 92.4228465, 27.2707585 ], [ 92.4227379, 27.2707396 ] ] } },
{ "type": "Feature", "properties": { "element": "way", "id": 1506926381, "highway": "path", "ref": null, "ref:old": null, "source": null, "name": null, "name:en": null, "surface": null, "bridge": null, "bridge:structure": null, "layer": null, "name:zh": null, "sidewalk": null, "smoothness": null, "lanes": null, "route": null, "alt_name": null, "service": null, "oneway": null }, "geometry": { "type": "LineString", "coordinates": [ [ 92.4229409, 27.2705087 ], [ 92.4226635, 27.2705412 ], [ 92.4225537, 27.270558 ], [ 92.4225017, 27.2705507 ], [ 92.4224297, 27.2705202 ], [ 92.4223388, 27.2704426 ], [ 92.4222916, 27.2704205 ], [ 92.4222502, 27.2704153 ], [ 92.4222054, 27.2704048 ], [ 92.4221641, 27.2703859 ], [ 92.4220944, 27.2703492 ], [ 92.4220743, 27.2703187 ], [ 92.4220507, 27.2702915 ], [ 92.4220165, 27.2702652 ], [ 92.4219976, 27.2702474 ], [ 92.4219929, 27.2702306 ], [ 92.4219952, 27.2701991 ], [ 92.4220046, 27.2701608 ] ] } },
{ "type": "Feature", "properties": { "element": "way", "id": 1506926382, "highway": "path", "ref": null, "ref:old": null, "source": null, "name": null, "name:en": null, "surface": null, "bridge": null, "bridge:structure": null, "layer": null, "name:zh": null, "sidewalk": null, "smoothness": null, "lanes": null, "route": null, "alt_name": null, "service": null, "oneway": null }, "geometry": { "type": "LineString", "coordinates": [ [ 92.421858, 27.2702589 ], [ 92.421863, 27.2703376 ], [ 92.4218736, 27.2703775 ], [ 92.4219008, 27.2704426 ], [ 92.4219515, 27.2705255 ], [ 92.4220094, 27.2706315 ], [ 92.4220767, 27.2707543 ], [ 92.4221121, 27.270834 ], [ 92.4221688, 27.2709463 ], [ 92.4222135, 27.2711099 ], [ 92.4222183, 27.271238 ], [ 92.4222056, 27.2713238 ], [ 92.4221755, 27.2713759 ], [ 92.4221439, 27.2714026 ], [ 92.4221233, 27.2714322 ], [ 92.4221217, 27.2714617 ], [ 92.4221375, 27.2715067 ], [ 92.4222008, 27.271639 ], [ 92.4222008, 27.2716868 ], [ 92.4221787, 27.2717333 ], [ 92.422128, 27.2717779 ] ] } },
{ "type": "Feature", "properties": { "element": "way", "id": 1506926383, "highway": "path", "ref": null, "ref:old": null, "source": null, "name": null, "name:en": null, "surface": null, "bridge": null, "bridge:structure": null, "layer": null, "name:zh": null, "sidewalk": null, "smoothness": null, "lanes": null, "route": null, "alt_name": null, "service": null, "oneway": null }, "geometry": { "type": "LineString", "coordinates": [ [ 92.4219976, 27.2702474 ], [ 92.4218736, 27.2703775 ] ] } },
{ "type": "Feature", "properties": { "element": "way", "id": 1506926384, "highway": "path", "ref": null, "ref:old": null, "source": null, "name": null, "name:en": null, "surface": null, "bridge": null, "bridge:structure": null, "layer": null, "name:zh": null, "sidewalk": null, "smoothness": null, "lanes": null, "route": null, "alt_name": null, "service": null, "oneway": null }, "geometry": { "type": "LineString", "coordinates": [ [ 92.4230101, 27.270443 ], [ 92.4230649, 27.270549 ], [ 92.4231039, 27.2706645 ], [ 92.4231377, 27.2707916 ], [ 92.4231637, 27.2709118 ], [ 92.4231481, 27.2709604 ], [ 92.4231169, 27.271002 ], [ 92.4230545, 27.2710574 ], [ 92.4230051, 27.2710921 ], [ 92.4229348, 27.2711245 ], [ 92.4228776, 27.2711499 ], [ 92.422784, 27.2712192 ], [ 92.4227242, 27.2712655 ], [ 92.4226748, 27.2713163 ], [ 92.4226436, 27.2713533 ], [ 92.422628, 27.2714134 ], [ 92.4225994, 27.2715243 ], [ 92.4225968, 27.2716214 ], [ 92.4226046, 27.2716815 ], [ 92.4226228, 27.2717393 ], [ 92.422663, 27.2718323 ], [ 92.422689, 27.2719052 ], [ 92.4227019, 27.2719853 ] ] } },
{ "type": "Feature", "properties": { "element": "way", "id": 1506926385, "highway": "service", "ref": null, "ref:old": null, "source": null, "name": null, "name:en": null, "surface": null, "bridge": null, "bridge:structure": null, "layer": null, "name:zh": null, "sidewalk": null, "smoothness": null, "lanes": null, "route": null, "alt_name": null, "service": "driveway", "oneway": null }, "geometry": { "type": "LineString", "coordinates": [ [ 92.4217736, 27.2722615 ], [ 92.4218225, 27.2721047 ], [ 92.4218922, 27.2718909 ], [ 92.4219222, 27.2718388 ], [ 92.4219681, 27.2718078 ], [ 92.4220172, 27.271791 ], [ 92.422128, 27.2717779 ], [ 92.4222198, 27.271767 ] ] } },
{ "type": "Feature", "properties": { "element": "way", "id": 1506926386, "highway": "path", "ref": null, "ref:old": null, "source": null, "name": null, "name:en": null, "surface": null, "bridge": null, "bridge:structure": null, "layer": null, "name:zh": null, "sidewalk": null, "smoothness": null, "lanes": null, "route": null, "alt_name": null, "service": null, "oneway": null }, "geometry": { "type": "LineString", "coordinates": [ [ 92.4194874, 27.2658673 ], [ 92.4195962, 27.2659195 ], [ 92.4195811, 27.2659957 ], [ 92.4195726, 27.26607 ], [ 92.4194161, 27.2660796 ], [ 92.4193625, 27.2661005 ], [ 92.4193303, 27.2661348 ], [ 92.4192917, 27.2662149 ], [ 92.4192596, 27.2663121 ], [ 92.4192746, 27.2663483 ], [ 92.4193046, 27.2663826 ], [ 92.4193282, 27.2664264 ], [ 92.4193239, 27.2664645 ], [ 92.4193046, 27.2665274 ], [ 92.4192789, 27.2665655 ], [ 92.4192446, 27.2666131 ], [ 92.4191603, 27.266712 ] ] } },
{ "type": "Feature", "properties": { "element": "way", "id": 1506926387, "highway": "path", "ref": null, "ref:old": null, "source": null, "name": null, "name:en": null, "surface": null, "bridge": null, "bridge:structure": null, "layer": null, "name:zh": null, "sidewalk": null, "smoothness": null, "lanes": null, "route": null, "alt_name": null, "service": null, "oneway": null }, "geometry": { "type": "LineString", "coordinates": [ [ 92.4195726, 27.26607 ], [ 92.4196476, 27.2662091 ], [ 92.4197184, 27.2662892 ], [ 92.4197677, 27.2662949 ], [ 92.4198448, 27.2662777 ], [ 92.4198877, 27.2662587 ], [ 92.4199242, 27.2662587 ], [ 92.4199349, 27.2662873 ], [ 92.4199134, 27.2663368 ], [ 92.4198706, 27.2664054 ], [ 92.4198234, 27.2664397 ], [ 92.4197848, 27.2664454 ] ] } },
{ "type": "Feature", "properties": { "element": "way", "id": 1506926388, "highway": "path", "ref": null, "ref:old": null, "source": null, "name": null, "name:en": null, "surface": null, "bridge": null, "bridge:structure": null, "layer": null, "name:zh": null, "sidewalk": null, "smoothness": null, "lanes": null, "route": null, "alt_name": null, "service": null, "oneway": null }, "geometry": { "type": "LineString", "coordinates": [ [ 92.4192446, 27.2666131 ], [ 92.4192092, 27.2664645 ], [ 92.4191738, 27.2663654 ], [ 92.4191395, 27.2663273 ], [ 92.4190473, 27.2662587 ] ] } },
{ "type": "Feature", "properties": { "element": "way", "id": 1506926389, "highway": "path", "ref": null, "ref:old": null, "source": null, "name": null, "name:en": null, "surface": null, "bridge": null, "bridge:structure": null, "layer": null, "name:zh": null, "sidewalk": null, "smoothness": null, "lanes": null, "route": null, "alt_name": null, "service": null, "oneway": null }, "geometry": { "type": "LineString", "coordinates": [ [ 92.4180427, 27.267497 ], [ 92.4181748, 27.2675202 ], [ 92.4182091, 27.2675183 ], [ 92.4182434, 27.2674974 ], [ 92.418252, 27.2674631 ], [ 92.4182605, 27.2673964 ], [ 92.418282, 27.2673468 ], [ 92.4183206, 27.2672687 ], [ 92.4183527, 27.2672496 ], [ 92.418402, 27.2672458 ], [ 92.4184385, 27.267242 ], [ 92.4184599, 27.2672191 ], [ 92.4184578, 27.267181 ], [ 92.4184342, 27.2671448 ], [ 92.4184106, 27.2671181 ], [ 92.418402, 27.2670819 ], [ 92.4184106, 27.2670495 ], [ 92.4184342, 27.2670229 ], [ 92.4184663, 27.2669828 ], [ 92.4184878, 27.266939 ], [ 92.4185156, 27.2668952 ], [ 92.4185607, 27.2668666 ], [ 92.4186164, 27.2668304 ], [ 92.4186593, 27.2667961 ], [ 92.4186957, 27.2667503 ], [ 92.4187429, 27.2666989 ] ] } },
{ "type": "Feature", "properties": { "element": "way", "id": 1506926390, "highway": "path", "ref": null, "ref:old": null, "source": null, "name": null, "name:en": null, "surface": null, "bridge": null, "bridge:structure": null, "layer": null, "name:zh": null, "sidewalk": null, "smoothness": null, "lanes": null, "route": null, "alt_name": null, "service": null, "oneway": null }, "geometry": { "type": "LineString", "coordinates": [ [ 92.4192435, 27.2672955 ], [ 92.4191784, 27.2673252 ], [ 92.4190259, 27.2673945 ], [ 92.4189101, 27.267444 ], [ 92.4188672, 27.2674783 ], [ 92.4188437, 27.2675183 ], [ 92.4188158, 27.2675888 ], [ 92.4187858, 27.2676403 ], [ 92.4187257, 27.2676746 ], [ 92.4186014, 27.2677298 ], [ 92.4185585, 27.2677184 ], [ 92.4184749, 27.2676708 ], [ 92.4184106, 27.2676403 ], [ 92.418282, 27.2676536 ], [ 92.4182048, 27.2677013 ], [ 92.4181469, 27.2677375 ], [ 92.4180955, 27.2677699 ], [ 92.4180419, 27.2677718 ], [ 92.417984, 27.2677546 ], [ 92.4179025, 27.2677143 ] ] } },
{ "type": "Feature", "properties": { "element": "way", "id": 1506926391, "highway": "path", "ref": null, "ref:old": null, "source": null, "name": null, "name:en": null, "surface": null, "bridge": null, "bridge:structure": null, "layer": null, "name:zh": null, "sidewalk": null, "smoothness": null, "lanes": null, "route": null, "alt_name": null, "service": null, "oneway": null }, "geometry": { "type": "LineString", "coordinates": [ [ 92.4191784, 27.2673252 ], [ 92.4191781, 27.2676291 ], [ 92.4191741, 27.2676677 ], [ 92.4191582, 27.2676945 ], [ 92.4191453, 27.2677176 ], [ 92.4191353, 27.2677485 ], [ 92.4191285, 27.2678269 ] ] } },
{ "type": "Feature", "properties": { "element": "way", "id": 1506926392, "highway": "path", "ref": null, "ref:old": null, "source": null, "name": null, "name:en": null, "surface": null, "bridge": null, "bridge:structure": null, "layer": null, "name:zh": null, "sidewalk": null, "smoothness": null, "lanes": null, "route": null, "alt_name": null, "service": null, "oneway": null }, "geometry": { "type": "LineString", "coordinates": [ [ 92.4188327, 27.2677981 ], [ 92.4191285, 27.2678269 ], [ 92.4192956, 27.2678432 ] ] } },
{ "type": "Feature", "properties": { "element": "way", "id": 1506931581, "highway": "service", "ref": null, "ref:old": null, "source": null, "name": null, "name:en": null, "surface": null, "bridge": null, "bridge:structure": null, "layer": null, "name:zh": null, "sidewalk": null, "smoothness": null, "lanes": null, "route": null, "alt_name": null, "service": "driveway", "oneway": null }, "geometry": { "type": "LineString", "coordinates": [ [ 92.4232671, 27.2623524 ], [ 92.4232628, 27.2622429 ], [ 92.4232543, 27.2621838 ], [ 92.4232285, 27.2621189 ], [ 92.4231513, 27.2620026 ], [ 92.4230676, 27.2618958 ], [ 92.4230053, 27.2618424 ], [ 92.4229474, 27.2618023 ], [ 92.4229002, 27.2617756 ], [ 92.4228573, 27.2617565 ] ] } },
{ "type": "Feature", "properties": { "element": "way", "id": 1506931582, "highway": "path", "ref": null, "ref:old": null, "source": null, "name": null, "name:en": null, "surface": null, "bridge": null, "bridge:structure": null, "layer": null, "name:zh": null, "sidewalk": null, "smoothness": null, "lanes": null, "route": null, "alt_name": null, "service": null, "oneway": null }, "geometry": { "type": "LineString", "coordinates": [ [ 92.4229345, 27.261137 ], [ 92.4231825, 27.261374 ], [ 92.4233378, 27.2615225 ], [ 92.4234532, 27.2616658 ], [ 92.4234916, 27.2617447 ], [ 92.423502, 27.2617947 ], [ 92.4235049, 27.2618657 ], [ 92.4234916, 27.2619328 ], [ 92.4234709, 27.2620024 ], [ 92.4234413, 27.2620248 ], [ 92.4234014, 27.2620314 ], [ 92.4233807, 27.2620366 ], [ 92.423418, 27.262219 ], [ 92.4235589, 27.2621943 ] ] } },
{ "type": "Feature", "properties": { "element": "way", "id": 1506931587, "highway": "service", "ref": null, "ref:old": null, "source": null, "name": null, "name:en": null, "surface": null, "bridge": null, "bridge:structure": null, "layer": null, "name:zh": null, "sidewalk": null, "smoothness": null, "lanes": null, "route": null, "alt_name": null, "service": "driveway", "oneway": null }, "geometry": { "type": "LineString", "coordinates": [ [ 92.4233916, 27.2632561 ], [ 92.4234627, 27.2632695 ], [ 92.4235077, 27.2632855 ], [ 92.4235752, 27.2633202 ], [ 92.4236037, 27.2633509 ], [ 92.4236202, 27.2633895 ], [ 92.4236277, 27.2634242 ] ] } },
{ "type": "Feature", "properties": { "element": "way", "id": 1506931588, "highway": "service", "ref": null, "ref:old": null, "source": null, "name": null, "name:en": null, "surface": null, "bridge": null, "bridge:structure": null, "layer": null, "name:zh": null, "sidewalk": null, "smoothness": null, "lanes": null, "route": null, "alt_name": null, "service": "driveway", "oneway": null }, "geometry": { "type": "LineString", "coordinates": [ [ 92.423604, 27.2639991 ], [ 92.4236398, 27.2639538 ], [ 92.4236533, 27.2639218 ], [ 92.4236533, 27.2638858 ], [ 92.4236458, 27.2638357 ], [ 92.4236142, 27.2637377 ] ] } },
{ "type": "Feature", "properties": { "element": "way", "id": 1506931595, "highway": "path", "ref": null, "ref:old": null, "source": null, "name": null, "name:en": null, "surface": null, "bridge": null, "bridge:structure": null, "layer": null, "name:zh": null, "sidewalk": null, "smoothness": null, "lanes": null, "route": null, "alt_name": null, "service": null, "oneway": null }, "geometry": { "type": "LineString", "coordinates": [ [ 92.423306, 27.262529 ], [ 92.423465, 27.2624649 ], [ 92.4235772, 27.2624201 ], [ 92.4235885, 27.2624031 ], [ 92.4235911, 27.2623861 ], [ 92.4235885, 27.262352 ], [ 92.4235589, 27.2621943 ] ] } }
]
}
