{
"type": "FeatureCollection",
"name": "settlements",
"crs": { "type": "name", "properties": { "name": "urn:ogc:def:crs:OGC:1.3:CRS84" } },
"features": [
{ "type": "Feature", "properties": { "element": "node", "id": 342097673, "alt_name": "Bomdi La", "alt_name:en": "Bomdi La", "capital": "5", "name": "Bomdila", "name:ar": "بومديلا", "name:bn": "বমদিলা", "name:bo": "འབུམ་སྡེ་ལ", "name:bo-Latn-wylie": "'bum sde la", "name:fa": "بومدیلا", "name:hi": "बोमडिला", "name:kn": "ಬಮದಿಲಾ", "name:ml": "ബോംഡില", "name:ru": "Бомдила", "name:zh": "邦迪拉", "name:zh-Hans": "邦迪拉", "name:zh-Hant": "邦迪拉", "note": "The name འབུམ་སྡེ་ལ 'bum sde la in Tibetan could mean 'one-hundred thousand'.", "place": "city", "wikidata": "Q859141", "name:en": null, "alt_name:zh": null, "alt_name:zh-Hans": null, "alt_name:zh-Hant": null, "loc_name": null, "loc_name:zh": null, "loc_name:zh-Hans": null, "loc_name:zh-Hant": null, "reg_name": null, "reg_name:zh": null, "reg_name:zh-Hans": null, "reg_name:zh-Hant": null, "addr:postcode": null, "name:zh-Latn-pinyin": null, "source": null, "type": null, "landuse": null }, "geometry": { "type": "Point", "coordinates": [ 92.4206519, 27.264445 ] } },
{ "type": "Feature", "properties": { "element": "node", "id": 342098072, "alt_name": null, "alt_name:en": null, "capital": null, "name": "Wanghoo", "name:ar": null, "name:bn": null, "name:bo": null, "name:bo-Latn-wylie": null, "name:fa": null, "name:hi": null, "name:kn": null, "name:ml": null, "name:ru": null, "name:zh": "旺胡", "name:zh-Hans": null, "name:zh-Hant": null, "note": null, "place": "hamlet", "wikidata": null, "name:en": "Wanghoo", "alt_name:zh": null, "alt_name:zh-Hans": null, "alt_name:zh-Hant": null, "loc_name": null, "loc_name:zh": null, "loc_name:zh-Hans": null, "loc_name:zh-Hant": null, "reg_name": null, "reg_name:zh": null, "reg_name:zh-Hans": null, "reg_name:zh-Hant": null, "addr:postcode": null, "name:zh-Latn-pinyin": null, "source": null, "type": null, "landuse": null }, "geometry": { "type": "Point", "coordinates": [ 92.41425, 27.24472 ] } },
{ "type": "Feature", "properties": { "element": "node", "id": 342098096, "alt_name": "热空奎单错", "alt_name:en": null, "capital": null, "name": "Rahung", "name:ar": null, "name:bn": null, "name:bo": null, "name:bo-Latn-wylie": null, "name:fa": null, "name:hi": null, "name:kn": null, "name:ml": null, "name:ru": null, "name:zh": "拉洪", "name:zh-Hans": "拉洪", "name:zh-Hant": "拉洪", "note": null, "place": "hamlet", "wikidata": null, "name:en": "Rahung", "alt_name:zh": "热空奎单错", "alt_name:zh-Hans": "热空奎单错", "alt_name:zh-Hant": "熱空奎單錯", "loc_name": "惹孔奎当木错", "loc_name:zh": "惹孔奎当木错", "loc_name:zh-Hans": "惹孔奎当木错", "loc_name:zh-Hant": "惹孔奎當木錯", "reg_name": "惹孔奎潭错", "reg_name:zh": "惹孔奎潭错", "reg_name:zh-Hans": "惹孔奎潭错", "reg_name:zh-Hant": "惹孔奎潭錯", "addr:postcode": null, "name:zh-Latn-pinyin": null, "source": null, "type": null, "landuse": null }, "geometry": { "type": "Point", "coordinates": [ 92.37305, 27.31613 ] } },
{ "type": "Feature", "properties": { "element": "node", "id": 1698494190, "alt_name": "杜边", "alt_name:en": null, "capital": null, "name": "Rupa", "name:ar": null, "name:bn": null, "name:bo": null, "name:bo-Latn-wylie": null, "name:fa": null, "name:hi": null, "name:kn": null, "name:ml": null, "name:ru": null, "name:zh": "鲁帕", "name:zh-Hans": "鲁帕", "name:zh-Hant": "魯帕", "note": null, "place": "town", "wikidata": null, "name:en": "Rupa", "alt_name:zh": "杜边", "alt_name:zh-Hans": "杜边", "alt_name:zh-Hant": "杜邊", "loc_name": null, "loc_name:zh": null, "loc_name:zh-Hans": null, "loc_name:zh-Hant": null, "reg_name": null, "reg_name:zh": null, "reg_name:zh-Hans": null, "reg_name:zh-Hant": null, "addr:postcode": null, "name:zh-Latn-pinyin": null, "source": null, "type": null, "landuse": null }, "geometry": { "type": "Point", "coordinates": [ 92.3998289, 27.2038979 ] } },
{ "type": "Feature", "properties": { "element": "node", "id": 1698494211, "alt_name": "登嘎威利", "alt_name:en": null, "capital": null, "name": "Tenga", "name:ar": null, "name:bn": null, "name:bo": null, "name:bo-Latn-wylie": null, "name:fa": null, "name:hi": null, "name:kn": null, "name:ml": null, "name:ru": null, "name:zh": "登卡", "name:zh-Hans": "登卡", "name:zh-Hant": "登卡", "note": null, "place": "village", "wikidata": null, "name:en": "Tenga", "alt_name:zh": "登嘎威利", "alt_name:zh-Hans": "登嘎威利", "alt_name:zh-Hant": "登嘎威利", "loc_name": "腾加", "loc_name:zh": "腾加", "loc_name:zh-Hans": "腾加", "loc_name:zh-Hant": "騰加", "reg_name": null, "reg_name:zh": null, "reg_name:zh-Hans": null, "reg_name:zh-Hant": null, "addr:postcode": "790116", "name:zh-Latn-pinyin": null, "source": null, "type": null, "landuse": null }, "geometry": { "type": "Point", "coordinates": [ 92.469486, 27.2069334 ] } },
{ "type": "Feature", "properties": { "element": "node", "id": 5021583946, "alt_name": null, "alt_name:en": null, "capital": null, "name": "Singchung", "name:ar": null, "name:bn": null, "name:bo": null, "name:bo-Latn-wylie": null, "name:fa": null, "name:hi": null, "name:kn": null, "name:ml": null, "name:ru": null, "name:zh": "新炯", "name:zh-Hans": "新炯", "name:zh-Hant": "新炯", "note": null, "place": "village", "wikidata": null, "name:en": "Singchung", "alt_name:zh": "新川", "alt_name:zh-Hans": null, "alt_name:zh-Hant": null, "loc_name": null, "loc_name:zh": null, "loc_name:zh-Hans": null, "loc_name:zh-Hant": null, "reg_name": null, "reg_name:zh": null, "reg_name:zh-Hans": null, "reg_name:zh-Hant": null, "addr:postcode": "790116", "name:zh-Latn-pinyin": "Xīn jiǒng", "source": null, "type": null, "landuse": null }, "geometry": { "type": "Point", "coordinates": [ 92.4772724, 27.2018151 ] } },
{ "type": "Feature", "properties": { "element": "node", "id": 5411308780, "alt_name": "江格利亚", "alt_name:en": null, "capital": null, "name": "Chelong", "name:ar": null, "name:bn": null, "name:bo": null, "name:bo-Latn-wylie": null, "name:fa": null, "name:hi": null, "name:kn": null, "name:ml": null, "name:ru": null, "name:zh": "奔並", "name:zh-Hans": "奔並", "name:zh-Hant": "奔並", "note": null, "place": "hamlet", "wikidata": null, "name:en": "Chelong", "alt_name:zh": "江格利亚", "alt_name:zh-Hans": "江格利亚", "alt_name:zh-Hant": "江格利亞", "loc_name": null, "loc_name:zh": null, "loc_name:zh-Hans": null, "loc_name:zh-Hant": null, "reg_name": null, "reg_name:zh": null, "reg_name:zh-Hans": null, "reg_name:zh-Hant": null, "addr:postcode": null, "name:zh-Latn-pinyin": null, "source": "US AMS map NG 46-2", "type": null, "landuse": null }, "geometry": { "type": "Point", "coordinates": [ 92.5075643, 27.4388355 ] } },
{ "type": "Feature", "properties": { "element": "node", "id": 5432491138, "alt_name": null, "alt_name:en": null, "capital": null, "name": "Thungri", "name:ar": null, "name:bn": null, "name:bo": null, "name:bo-Latn-wylie": null, "name:fa": null, "name:hi": null, "name:kn": null, "name:ml": null, "name:ru": null, "name:zh": "东日则", "name:zh-Hans": "东日则", "name:zh-Hant": "東日則", "note": null, "place": "hamlet", "wikidata": null, "name:en": "Thungri", "alt_name:zh": null, "alt_name:zh-Hans": null, "alt_name:zh-Hant": null, "loc_name": null, "loc_name:zh": null, "loc_name:zh-Hans": null, "loc_name:zh-Hant": null, "reg_name": null, "reg_name:zh": null, "reg_name:zh-Hans": null, "reg_name:zh-Hant": null, "addr:postcode": null, "name:zh-Latn-pinyin": null, "source": null, "type": null, "landuse": null }, "geometry": { "type": "Point", "coordinates": [ 92.3800565, 27.4470222 ] } },
{ "type": "Feature", "properties": { "element": "node", "id": 5432491191, "alt_name": null, "alt_name:en": null, "capital": null, "name": "Lagam", "name:ar": null, "name:bn": null, "name:bo": null, "name:bo-Latn-wylie": null, "name:fa": null, "name:hi": null, "name:kn": null, "name:ml": null, "name:ru": null, "name:zh": null, "name:zh-Hans": null, "name:zh-Hant": null, "note": null, "place": "village", "wikidata": null, "name:en": "Lagam", "alt_name:zh": null, "alt_name:zh-Hans": null, "alt_name:zh-Hant": null, "loc_name": null, "loc_name:zh": null, "loc_name:zh-Hans": null, "loc_name:zh-Hant": null, "reg_name": null, "reg_name:zh": null, "reg_name:zh-Hans": null, "reg_name:zh-Hant": null, "addr:postcode": null, "name:zh-Latn-pinyin": null, "source": null, "type": null, "landuse": null }, "geometry": { "type": "Point", "coordinates": [ 92.38069, 27.4241023 ] } },
{ "type": "Feature", "properties": { "element": "node", "id": 5432491195, "alt_name": "得丁", "alt_name:en": null, "capital": null, "name": "普东", "name:ar": null, "name:bn": null, "name:bo": null, "name:bo-Latn-wylie": null, "name:fa": null, "name:hi": null, "name:kn": null, "name:ml": null, "name:ru": null, "name:zh": "普东", "name:zh-Hans": "普东", "name:zh-Hant": "普東", "note": null, "place": "village", "wikidata": null, "name:en": "Phudung", "alt_name:zh": "得丁", "alt_name:zh-Hans": "得丁", "alt_name:zh-Hant": "得丁", "loc_name": null, "loc_name:zh": null, "loc_name:zh-Hans": null, "loc_name:zh-Hant": null, "reg_name": null, "reg_name:zh": null, "reg_name:zh-Hans": null, "reg_name:zh-Hant": null, "addr:postcode": null, "name:zh-Latn-pinyin": "Pǔ dōng", "source": null, "type": null, "landuse": null }, "geometry": { "type": "Point", "coordinates": [ 92.3182053, 27.4271211 ] } },
{ "type": "Feature", "properties": { "element": "node", "id": 5432491288, "alt_name": null, "alt_name:en": null, "capital": null, "name": null, "name:ar": null, "name:bn": null, "name:bo": null, "name:bo-Latn-wylie": null, "name:fa": null, "name:hi": null, "name:kn": null, "name:ml": null, "name:ru": null, "name:zh": null, "name:zh-Hans": null, "name:zh-Hant": null, "note": null, "place": "hamlet", "wikidata": null, "name:en": null, "alt_name:zh": null, "alt_name:zh-Hans": null, "alt_name:zh-Hant": null, "loc_name": null, "loc_name:zh": null, "loc_name:zh-Hans": null, "loc_name:zh-Hant": null, "reg_name": null, "reg_name:zh": null, "reg_name:zh-Hans": null, "reg_name:zh-Hant": null, "addr:postcode": null, "name:zh-Latn-pinyin": null, "source": null, "type": null, "landuse": null }, "geometry": { "type": "Point", "coordinates": [ 92.3653467, 27.4132349 ] } },
{ "type": "Feature", "properties": { "element": "node", "id": 7089595149, "alt_name": "纳法", "alt_name:en": null, "capital": null, "name": "Nafra", "name:ar": null, "name:bn": null, "name:bo": null, "name:bo-Latn-wylie": null, "name:fa": null, "name:hi": null, "name:kn": null, "name:ml": null, "name:ru": null, "name:zh": "那法", "name:zh-Hans": "那法", "name:zh-Hant": "那法", "note": null, "place": "town", "wikidata": null, "name:en": "Nafra", "alt_name:zh": "纳法", "alt_name:zh-Hans": "纳法", "alt_name:zh-Hant": "納法", "loc_name": null, "loc_name:zh": null, "loc_name:zh-Hans": null, "loc_name:zh-Hant": null, "reg_name": null, "reg_name:zh": null, "reg_name:zh-Hans": null, "reg_name:zh-Hant": null, "addr:postcode": null, "name:zh-Latn-pinyin": null, "source": null, "type": null, "landuse": null }, "geometry": { "type": "Point", "coordinates": [ 92.5450945, 27.3716595 ] } },
{ "type": "Feature", "properties": { "element": "node", "id": 7164628776, "alt_name": "朗西亭邦错", "alt_name:en": null, "capital": null, "name": "Thembang", "name:ar": null, "name:bn": null, "name:bo": null, "name:bo-Latn-wylie": null, "name:fa": null, "name:hi": null, "name:kn": null, "name:ml": null, "name:ru": null, "name:zh": "登班", "name:zh-Hans": "登班", "name:zh-Hant": "登班", "note": null, "place": "town", "wikidata": null, "name:en": "Thembang", "alt_name:zh": "朗西亭邦错", "alt_name:zh-Hans": "朗西亭邦错", "alt_name:zh-Hant": "朗西亭邦錯", "loc_name": "腾邦郎木细错", "loc_name:zh": "腾邦郎木细错", "loc_name:zh-Hans": "腾邦郎木细错", "loc_name:zh-Hant": "騰邦郎木細錯", "reg_name": "纳木西廷邦错", "reg_name:zh": "纳木西廷邦错", "reg_name:zh-Hans": "纳木西廷邦错", "reg_name:zh-Hant": "納木西廷邦錯", "addr:postcode": null, "name:zh-Latn-pinyin": "xuāndà gāosù gōnglù", "source": null, "type": null, "landuse": null }, "geometry": { "type": "Point", "coordinates": [ 92.3872518, 27.3419989 ] } },
{ "type": "Feature", "properties": { "element": "node", "id": 10285947117, "alt_name": null, "alt_name:en": null, "capital": null, "name": "Mathow", "name:ar": null, "name:bn": null, "name:bo": null, "name:bo-Latn-wylie": null, "name:fa": null, "name:hi": null, "name:kn": null, "name:ml": null, "name:ru": null, "name:zh": "麦吐", "name:zh-Hans": "麦吐", "name:zh-Hant": "麥吐", "note": null, "place": "hamlet", "wikidata": null, "name:en": "Mathow", "alt_name:zh": null, "alt_name:zh-Hans": null, "alt_name:zh-Hant": null, "loc_name": null, "loc_name:zh": null, "loc_name:zh-Hans": null, "loc_name:zh-Hant": null, "reg_name": null, "reg_name:zh": null, "reg_name:zh-Hans": null, "reg_name:zh-Hant": null, "addr:postcode": null, "name:zh-Latn-pinyin": null, "source": "US AMS map NG 46-2", "type": null, "landuse": null }, "geometry": { "type": "Point", "coordinates": [ 92.466074, 27.4356083 ] } },
{ "type": "Feature", "properties": { "element": "node", "id": 10780212843, "alt_name": null, "alt_name:en": null, "capital": null, "name": "Hawa Golai", "name:ar": null, "name:bn": null, "name:bo": null, "name:bo-Latn-wylie": null, "name:fa": null, "name:hi": null, "name:kn": null, "name:ml": null, "name:ru": null, "name:zh": "夏瓦果莱", "name:zh-Hans": null, "name:zh-Hant": null, "note": null, "place": "hamlet", "wikidata": null, "name:en": null, "alt_name:zh": null, "alt_name:zh-Hans": null, "alt_name:zh-Hant": null, "loc_name": null, "loc_name:zh": null, "loc_name:zh-Hans": null, "loc_name:zh-Hant": null, "reg_name": null, "reg_name:zh": null, "reg_name:zh-Hans": null, "reg_name:zh-Hant": null, "addr:postcode": null, "name:zh-Latn-pinyin": null, "source": null, "type": null, "landuse": null }, "geometry": { "type": "Point", "coordinates": [ 92.4270914, 27.2711003 ] } },
{ "type": "Feature", "properties": { "element": "node", "id": 10862477139, "alt_name": null, "alt_name:en": null, "capital": null, "name": null, "name:ar": null, "name:bn": null, "name:bo": null, "name:bo-Latn-wylie": null, "name:fa": null, "name:hi": null, "name:kn": null, "name:ml": null, "name:ru": null, "name:zh": null, "name:zh-Hans": null, "name:zh-Hant": null, "note": null, "place": "village", "wikidata": null, "name:en": null, "alt_name:zh": null, "alt_name:zh-Hans": null, "alt_name:zh-Hant": null, "loc_name": null, "loc_name:zh": null, "loc_name:zh-Hans": null, "loc_name:zh-Hant": null, "reg_name": null, "reg_name:zh": null, "reg_name:zh-Hans": null, "reg_name:zh-Hant": null, "addr:postcode": null, "name:zh-Latn-pinyin": null, "source": null, "type": null, "landuse": null }, "geometry": { "type": "Point", "coordinates": [ 92.5333579, 27.2026978 ] } },
{ "type": "Feature", "properties": { "element": "node", "id": 10862477140, "alt_name": null, "alt_name:en": null, "capital": null, "name": "迪当", "name:ar": null, "name:bn": null, "name:bo": null, "name:bo-Latn-wylie": null, "name:fa": null, "name:hi": null, "name:kn": null, "name:ml": null, "name:ru": null, "name:zh": null, "name:zh-Hans": null, "name:zh-Hant": null, "note": null, "place": "village", "wikidata": null, "name:en": null, "alt_name:zh": null, "alt_name:zh-Hans": null, "alt_name:zh-Hant": null, "loc_name": null, "loc_name:zh": null, "loc_name:zh-Hans": null, "loc_name:zh-Hant": null, "reg_name": null, "reg_name:zh": null, "reg_name:zh-Hans": null, "reg_name:zh-Hant": null, "addr:postcode": null, "name:zh-Latn-pinyin": null, "source": null, "type": null, "landuse": null }, "geometry": { "type": "Point", "coordinates": [ 92.3396825, 27.2174452 ] } },
{ "type": "Feature", "properties": { "element": "node", "id": 10866990976, "alt_name": null, "alt_name:en": null, "capital": null, "name": null, "name:ar": null, "name:bn": null, "name:bo": null, "name:bo-Latn-wylie": null, "name:fa": null, "name:hi": null, "name:kn": null, "name:ml": null, "name:ru": null, "name:zh": null, "name:zh-Hans": null, "name:zh-Hant": null, "note": null, "place": "village", "wikidata": null, "name:en": null, "alt_name:zh": null, "alt_name:zh-Hans": null, "alt_name:zh-Hant": null, "loc_name": null, "loc_name:zh": null, "loc_name:zh-Hans": null, "loc_name:zh-Hant": null, "reg_name": null, "reg_name:zh": null, "reg_name:zh-Hans": null, "reg_name:zh-Hant": null, "addr:postcode": null, "name:zh-Latn-pinyin": null, "source": null, "type": null, "landuse": null }, "geometry": { "type": "Point", "coordinates": [ 92.4218313, 27.2424931 ] } },
{ "type": "Feature", "properties": { "element": "node", "id": 10866990977, "alt_name": null, "alt_name:en": null, "capital": null, "name": null, "name:ar": null, "name:bn": null, "name:bo": null, "name:bo-Latn-wylie": null, "name:fa": null, "name:hi": null, "name:kn": null, "name:ml": null, "name:ru": null, "name:zh": null, "name:zh-Hans": null, "name:zh-Hant": null, "note": null, "place": "village", "wikidata": null, "name:en": null, "alt_name:zh": null, "alt_name:zh-Hans": null, "alt_name:zh-Hant": null, "loc_name": null, "loc_name:zh": null, "loc_name:zh-Hans": null, "loc_name:zh-Hant": null, "reg_name": null, "reg_name:zh": null, "reg_name:zh-Hans": null, "reg_name:zh-Hant": null, "addr:postcode": null, "name:zh-Latn-pinyin": null, "source": null, "type": null, "landuse": null }, "geometry": { "type": "Point", "coordinates": [ 92.4337274, 27.2470633 ] } },
{ "type": "Feature", "properties": { "element": "node", "id": 10867022206, "alt_name": null, "alt_name:en": null, "capital": null, "name": "Salari", "name:ar": null, "name:bn": null, "name:bo": null, "name:bo-Latn-wylie": null, "name:fa": null, "name:hi": null, "name:kn": null, "name:ml": null, "name:ru": null, "name:zh": "希拉里", "name:zh-Hans": "希拉里", "name:zh-Hant": "希拉里", "note": null, "place": "village", "wikidata": null, "name:en": "Salari", "alt_name:zh": null, "alt_name:zh-Hans": null, "alt_name:zh-Hant": null, "loc_name": null, "loc_name:zh": null, "loc_name:zh-Hans": null, "loc_name:zh-Hant": null, "reg_name": null, "reg_name:zh": null, "reg_name:zh-Hans": null, "reg_name:zh-Hant": null, "addr:postcode": null, "name:zh-Latn-pinyin": null, "source": null, "type": null, "landuse": null }, "geometry": { "type": "Point", "coordinates": [ 92.4378105, 27.3285651 ] } },
{ "type": "Feature", "properties": { "element": "node", "id": 10867022207, "alt_name": null, "alt_name:en": null, "capital": null, "name": null, "name:ar": null, "name:bn": null, "name:bo": null, "name:bo-Latn-wylie": null, "name:fa": null, "name:hi": null, "name:kn": null, "name:ml": null, "name:ru": null, "name:zh": null, "name:zh-Hans": null, "name:zh-Hant": null, "note": null, "place": "village", "wikidata": null, "name:en": null, "alt_name:zh": null, "alt_name:zh-Hans": null, "alt_name:zh-Hant": null, "loc_name": null, "loc_name:zh": null, "loc_name:zh-Hans": null, "loc_name:zh-Hant": null, "reg_name": null, "reg_name:zh": null, "reg_name:zh-Hans": null, "reg_name:zh-Hant": null, "addr:postcode": null, "name:zh-Latn-pinyin": null, "source": null, "type": null, "landuse": null }, "geometry": { "type": "Point", "coordinates": [ 92.4551007, 27.3206595 ] } },
{ "type": "Feature", "properties": { "element": "node", "id": 10867116495, "alt_name": null, "alt_name:en": null, "capital": null, "name": null, "name:ar": null, "name:bn": null, "name:bo": null, "name:bo-Latn-wylie": null, "name:fa": null, "name:hi": null, "name:kn": null, "name:ml": null, "name:ru": null, "name:zh": null, "name:zh-Hans": null, "name:zh-Hant": null, "note": null, "place": "village", "wikidata": null, "name:en": null, "alt_name:zh": null, "alt_name:zh-Hans": null, "alt_name:zh-Hant": null, "loc_name": null, "loc_name:zh": null, "loc_name:zh-Hans": null, "loc_name:zh-Hant": null, "reg_name": null, "reg_name:zh": null, "reg_name:zh-Hans": null, "reg_name:zh-Hant": null, "addr:postcode": null, "name:zh-Latn-pinyin": null, "source": null, "type": null, "landuse": null }, "geometry": { "type": "Point", "coordinates": [ 92.4089497, 27.2348385 ] } },
{ "type": "Feature", "properties": { "element": "node", "id": 10870214724, "alt_name": null, "alt_name:en": null, "capital": null, "name": "Sachidal", "name:ar": null, "name:bn": null, "name:bo": null, "name:bo-Latn-wylie": null, "name:fa": null, "name:hi": null, "name:kn": null, "name:ml": null, "name:ru": null, "name:zh": "萨契达", "name:zh-Hans": null, "name:zh-Hant": null, "note": null, "place": "village", "wikidata": null, "name:en": "Sachidal", "alt_name:zh": null, "alt_name:zh-Hans": null, "alt_name:zh-Hant": null, "loc_name": null, "loc_name:zh": null, "loc_name:zh-Hans": null, "loc_name:zh-Hant": null, "reg_name": null, "reg_name:zh": null, "reg_name:zh-Hans": null, "reg_name:zh-Hant": null, "addr:postcode": null, "name:zh-Latn-pinyin": null, "source": null, "type": null, "landuse": null }, "geometry": { "type": "Point", "coordinates": [ 92.5123647, 27.3451523 ] } },
{ "type": "Feature", "properties": { "element": "node", "id": 10870214798, "alt_name": null, "alt_name:en": null, "capital": null, "name": "Khoina", "name:ar": null, "name:bn": null, "name:bo": null, "name:bo-Latn-wylie": null, "name:fa": null, "name:hi": null, "name:kn": null, "name:ml": null, "name:ru": null, "name:zh": "嘎桑", "name:zh-Hans": "嘎桑", "name:zh-Hant": "嘎桑", "note": null, "place": "hamlet", "wikidata": null, "name:en": "Khoina", "alt_name:zh": null, "alt_name:zh-Hans": null, "alt_name:zh-Hant": null, "loc_name": null, "loc_name:zh": null, "loc_name:zh-Hans": null, "loc_name:zh-Hant": null, "reg_name": null, "reg_name:zh": null, "reg_name:zh-Hans": null, "reg_name:zh-Hant": null, "addr:postcode": null, "name:zh-Latn-pinyin": null, "source": null, "type": null, "landuse": null }, "geometry": { "type": "Point", "coordinates": [ 92.5222525, 27.351766 ] } },
{ "type": "Feature", "properties": { "element": "node", "id": 10870407275, "alt_name": null, "alt_name:en": null, "capital": null, "name": null, "name:ar": null, "name:bn": null, "name:bo": null, "name:bo-Latn-wylie": null, "name:fa": null, "name:hi": null, "name:kn": null, "name:ml": null, "name:ru": null, "name:zh": null, "name:zh-Hans": null, "name:zh-Hant": null, "note": null, "place": "hamlet", "wikidata": null, "name:en": null, "alt_name:zh": null, "alt_name:zh-Hans": null, "alt_name:zh-Hant": null, "loc_name": null, "loc_name:zh": null, "loc_name:zh-Hans": null, "loc_name:zh-Hant": null, "reg_name": null, "reg_name:zh": null, "reg_name:zh-Hans": null, "reg_name:zh-Hant": null, "addr:postcode": null, "name:zh-Latn-pinyin": null, "source": null, "type": null, "landuse": null }, "geometry": { "type": "Point", "coordinates": [ 92.4898712, 27.3562798 ] } },
{ "type": "Feature", "properties": { "element": "node", "id": 10870460350, "alt_name": null, "alt_name:en": null, "capital": null, "name": "Rurang", "name:ar": null, "name:bn": null, "name:bo": null, "name:bo-Latn-wylie": null, "name:fa": null, "name:hi": null, "name:kn": null, "name:ml": null, "name:ru": null, "name:zh": "鲁兰", "name:zh-Hans": "鲁兰", "name:zh-Hant": "魯蘭", "note": null, "place": "hamlet", "wikidata": null, "name:en": "Rurang", "alt_name:zh": null, "alt_name:zh-Hans": null, "alt_name:zh-Hant": null, "loc_name": null, "loc_name:zh": null, "loc_name:zh-Hans": null, "loc_name:zh-Hant": null, "reg_name": null, "reg_name:zh": null, "reg_name:zh-Hans": null, "reg_name:zh-Hant": null, "addr:postcode": null, "name:zh-Latn-pinyin": null, "source": null, "type": null, "landuse": null }, "geometry": { "type": "Point", "coordinates": [ 92.4826718, 27.3686001 ] } },
{ "type": "Feature", "properties": { "element": "node", "id": 10870460423, "alt_name": null, "alt_name:en": null, "capital": null, "name": "Bumdirla", "name:ar": null, "name:bn": null, "name:bo": null, "name:bo-Latn-wylie": null, "name:fa": null, "name:hi": null, "name:kn": null, "name:ml": null, "name:ru": null, "name:zh": "布特", "name:zh-Hans": "布特", "name:zh-Hant": "布特", "note": null, "place": "hamlet", "wikidata": null, "name:en": "Bumdirla", "alt_name:zh": null, "alt_name:zh-Hans": null, "alt_name:zh-Hant": null, "loc_name": null, "loc_name:zh": null, "loc_name:zh-Hans": null, "loc_name:zh-Hant": null, "reg_name": null, "reg_name:zh": null, "reg_name:zh-Hans": null, "reg_name:zh-Hant": null, "addr:postcode": null, "name:zh-Latn-pinyin": null, "source": null, "type": null, "landuse": null }, "geometry": { "type": "Point", "coordinates": [ 92.4757409, 27.3544652 ] } },
{ "type": "Feature", "properties": { "element": "node", "id": 10870460670, "alt_name": null, "alt_name:en": null, "capital": null, "name": null, "name:ar": null, "name:bn": null, "name:bo": null, "name:bo-Latn-wylie": null, "name:fa": null, "name:hi": null, "name:kn": null, "name:ml": null, "name:ru": null, "name:zh": null, "name:zh-Hans": null, "name:zh-Hant": null, "note": null, "place": "hamlet", "wikidata": null, "name:en": null, "alt_name:zh": null, "alt_name:zh-Hans": null, "alt_name:zh-Hant": null, "loc_name": null, "loc_name:zh": null, "loc_name:zh-Hans": null, "loc_name:zh-Hant": null, "reg_name": null, "reg_name:zh": null, "reg_name:zh-Hans": null, "reg_name:zh-Hant": null, "addr:postcode": null, "name:zh-Latn-pinyin": null, "source": null, "type": null, "landuse": null }, "geometry": { "type": "Point", "coordinates": [ 92.5269975, 27.3666283 ] } },
{ "type": "Feature", "properties": { "element": "node", "id": 10870893399, "alt_name": null, "alt_name:en": null, "capital": null, "name": null, "name:ar": null, "name:bn": null, "name:bo": null, "name:bo-Latn-wylie": null, "name:fa": null, "name:hi": null, "name:kn": null, "name:ml": null, "name:ru": null, "name:zh": null, "name:zh-Hans": null, "name:zh-Hant": null, "note": null, "place": "hamlet", "wikidata": null, "name:en": null, "alt_name:zh": null, "alt_name:zh-Hans": null, "alt_name:zh-Hant": null, "loc_name": null, "loc_name:zh": null, "loc_name:zh-Hans": null, "loc_name:zh-Hant": null, "reg_name": null, "reg_name:zh": null, "reg_name:zh-Hans": null, "reg_name:zh-Hant": null, "addr:postcode": null, "name:zh-Latn-pinyin": null, "source": null, "type": null, "landuse": null }, "geometry": { "type": "Point", "coordinates": [ 92.3143553, 27.3636301 ] } },
{ "type": "Feature", "properties": { "element": "node", "id": 10870893423, "alt_name": "那木细", "alt_name:en": null, "capital": null, "name": "Namshu", "name:ar": null, "name:bn": null, "name:bo": null, "name:bo-Latn-wylie": null, "name:fa": null, "name:hi": null, "name:kn": null, "name:ml": null, "name:ru": null, "name:zh": "拉苏", "name:zh-Hans": "拉苏", "name:zh-Hant": "拉蘇", "note": null, "place": "village", "wikidata": null, "name:en": "Namshu", "alt_name:zh": "那木细", "alt_name:zh-Hans": "那木细", "alt_name:zh-Hant": "那木細", "loc_name": "朗西", "loc_name:zh": "朗西", "loc_name:zh-Hans": "朗西", "loc_name:zh-Hant": "朗西", "reg_name": null, "reg_name:zh": null, "reg_name:zh-Hans": null, "reg_name:zh-Hant": null, "addr:postcode": null, "name:zh-Latn-pinyin": null, "source": null, "type": null, "landuse": null }, "geometry": { "type": "Point", "coordinates": [ 92.3210848, 27.3580666 ] } },
{ "type": "Feature", "properties": { "element": "node", "id": 10870894006, "alt_name": null, "alt_name:en": null, "capital": null, "name": null, "name:ar": null, "name:bn": null, "name:bo": null, "name:bo-Latn-wylie": null, "name:fa": null, "name:hi": null, "name:kn": null, "name:ml": null, "name:ru": null, "name:zh": null, "name:zh-Hans": null, "name:zh-Hant": null, "note": null, "place": "hamlet", "wikidata": null, "name:en": null, "alt_name:zh": null, "alt_name:zh-Hans": null, "alt_name:zh-Hant": null, "loc_name": null, "loc_name:zh": null, "loc_name:zh-Hans": null, "loc_name:zh-Hant": null, "reg_name": null, "reg_name:zh": null, "reg_name:zh-Hans": null, "reg_name:zh-Hant": null, "addr:postcode": null, "name:zh-Latn-pinyin": null, "source": null, "type": null, "landuse": null }, "geometry": { "type": "Point", "coordinates": [ 92.3449936, 27.3485965 ] } },
{ "type": "Feature", "properties": { "element": "node", "id": 10877196152, "alt_name": null, "alt_name:en": null, "capital": null, "name": null, "name:ar": null, "name:bn": null, "name:bo": null, "name:bo-Latn-wylie": null, "name:fa": null, "name:hi": null, "name:kn": null, "name:ml": null, "name:ru": null, "name:zh": null, "name:zh-Hans": null, "name:zh-Hant": null, "note": null, "place": "hamlet", "wikidata": null, "name:en": null, "alt_name:zh": null, "alt_name:zh-Hans": null, "alt_name:zh-Hant": null, "loc_name": null, "loc_name:zh": null, "loc_name:zh-Hans": null, "loc_name:zh-Hant": null, "reg_name": null, "reg_name:zh": null, "reg_name:zh-Hans": null, "reg_name:zh-Hant": null, "addr:postcode": null, "name:zh-Latn-pinyin": null, "source": null, "type": null, "landuse": null }, "geometry": { "type": "Point", "coordinates": [ 92.4922893, 27.2253406 ] } },
{ "type": "Feature", "properties": { "element": "node", "id": 10877196187, "alt_name": null, "alt_name:en": null, "capital": null, "name": null, "name:ar": null, "name:bn": null, "name:bo": null, "name:bo-Latn-wylie": null, "name:fa": null, "name:hi": null, "name:kn": null, "name:ml": null, "name:ru": null, "name:zh": null, "name:zh-Hans": null, "name:zh-Hant": null, "note": null, "place": "hamlet", "wikidata": null, "name:en": null, "alt_name:zh": null, "alt_name:zh-Hans": null, "alt_name:zh-Hant": null, "loc_name": null, "loc_name:zh": null, "loc_name:zh-Hans": null, "loc_name:zh-Hant": null, "reg_name": null, "reg_name:zh": null, "reg_name:zh-Hans": null, "reg_name:zh-Hant": null, "addr:postcode": null, "name:zh-Latn-pinyin": null, "source": null, "type": null, "landuse": null }, "geometry": { "type": "Point", "coordinates": [ 92.4909854, 27.2341946 ] } },
{ "type": "Feature", "properties": { "element": "node", "id": 10877196720, "alt_name": null, "alt_name:en": null, "capital": null, "name": null, "name:ar": null, "name:bn": null, "name:bo": null, "name:bo-Latn-wylie": null, "name:fa": null, "name:hi": null, "name:kn": null, "name:ml": null, "name:ru": null, "name:zh": null, "name:zh-Hans": null, "name:zh-Hant": null, "note": null, "place": "hamlet", "wikidata": null, "name:en": null, "alt_name:zh": null, "alt_name:zh-Hans": null, "alt_name:zh-Hant": null, "loc_name": null, "loc_name:zh": null, "loc_name:zh-Hans": null, "loc_name:zh-Hant": null, "reg_name": null, "reg_name:zh": null, "reg_name:zh-Hans": null, "reg_name:zh-Hant": null, "addr:postcode": null, "name:zh-Latn-pinyin": null, "source": null, "type": null, "landuse": null }, "geometry": { "type": "Point", "coordinates": [ 92.5058647, 27.2447749 ] } },
{ "type": "Feature", "properties": { "element": "node", "id": 10877196822, "alt_name": null, "alt_name:en": null, "capital": null, "name": null, "name:ar": null, "name:bn": null, "name:bo": null, "name:bo-Latn-wylie": null, "name:fa": null, "name:hi": null, "name:kn": null, "name:ml": null, "name:ru": null, "name:zh": null, "name:zh-Hans": null, "name:zh-Hant": null, "note": null, "place": "hamlet", "wikidata": null, "name:en": null, "alt_name:zh": null, "alt_name:zh-Hans": null, "alt_name:zh-Hant": null, "loc_name": null, "loc_name:zh": null, "loc_name:zh-Hans": null, "loc_name:zh-Hant": null, "reg_name": null, "reg_name:zh": null, "reg_name:zh-Hans": null, "reg_name:zh-Hant": null, "addr:postcode": null, "name:zh-Latn-pinyin": null, "source": null, "type": null, "landuse": null }, "geometry": { "type": "Point", "coordinates": [ 92.5066423, 27.2517368 ] } },
{ "type": "Feature", "properties": { "element": "node", "id": 10877218213, "alt_name": null, "alt_name:en": null, "capital": null, "name": "Namfri", "name:ar": null, "name:bn": null, "name:bo": null, "name:bo-Latn-wylie": null, "name:fa": null, "name:hi": null, "name:kn": null, "name:ml": null, "name:ru": null, "name:zh": "南夫里", "name:zh-Hans": null, "name:zh-Hant": null, "note": null, "place": "village", "wikidata": null, "name:en": "Namfri", "alt_name:zh": null, "alt_name:zh-Hans": null, "alt_name:zh-Hant": null, "loc_name": null, "loc_name:zh": null, "loc_name:zh-Hans": null, "loc_name:zh-Hant": null, "reg_name": null, "reg_name:zh": null, "reg_name:zh-Hans": null, "reg_name:zh-Hant": null, "addr:postcode": null, "name:zh-Latn-pinyin": null, "source": null, "type": null, "landuse": null }, "geometry": { "type": "Point", "coordinates": [ 92.5154291, 27.2481651 ] } },
{ "type": "Feature", "properties": { "element": "node", "id": 10877218219, "alt_name": null, "alt_name:en": null, "capital": null, "name": null, "name:ar": null, "name:bn": null, "name:bo": null, "name:bo-Latn-wylie": null, "name:fa": null, "name:hi": null, "name:kn": null, "name:ml": null, "name:ru": null, "name:zh": null, "name:zh-Hans": null, "name:zh-Hant": null, "note": null, "place": "hamlet", "wikidata": null, "name:en": null, "alt_name:zh": null, "alt_name:zh-Hans": null, "alt_name:zh-Hant": null, "loc_name": null, "loc_name:zh": null, "loc_name:zh-Hans": null, "loc_name:zh-Hant": null, "reg_name": null, "reg_name:zh": null, "reg_name:zh-Hans": null, "reg_name:zh-Hant": null, "addr:postcode": null, "name:zh-Latn-pinyin": null, "source": null, "type": null, "landuse": null }, "geometry": { "type": "Point", "coordinates": [ 92.5207095, 27.2438531 ] } },
{ "type": "Feature", "properties": { "element": "node", "id": 10877218281, "alt_name": null, "alt_name:en": null, "capital": null, "name": null, "name:ar": null, "name:bn": null, "name:bo": null, "name:bo-Latn-wylie": null, "name:fa": null, "name:hi": null, "name:kn": null, "name:ml": null, "name:ru": null, "name:zh": null, "name:zh-Hans": null, "name:zh-Hant": null, "note": null, "place": "village", "wikidata": null, "name:en": null, "alt_name:zh": null, "alt_name:zh-Hans": null, "alt_name:zh-Hant": null, "loc_name": null, "loc_name:zh": null, "loc_name:zh-Hans": null, "loc_name:zh-Hant": null, "reg_name": null, "reg_name:zh": null, "reg_name:zh-Hans": null, "reg_name:zh-Hant": null, "addr:postcode": null, "name:zh-Latn-pinyin": null, "source": null, "type": null, "landuse": null }, "geometry": { "type": "Point", "coordinates": [ 92.5283508, 27.2438869 ] } },
{ "type": "Feature", "properties": { "element": "node", "id": 10880298436, "alt_name": null, "alt_name:en": null, "capital": null, "name": null, "name:ar": null, "name:bn": null, "name:bo": null, "name:bo-Latn-wylie": null, "name:fa": null, "name:hi": null, "name:kn": null, "name:ml": null, "name:ru": null, "name:zh": null, "name:zh-Hans": null, "name:zh-Hant": null, "note": null, "place": "village", "wikidata": null, "name:en": null, "alt_name:zh": null, "alt_name:zh-Hans": null, "alt_name:zh-Hant": null, "loc_name": null, "loc_name:zh": null, "loc_name:zh-Hans": null, "loc_name:zh-Hant": null, "reg_name": null, "reg_name:zh": null, "reg_name:zh-Hans": null, "reg_name:zh-Hant": null, "addr:postcode": null, "name:zh-Latn-pinyin": null, "source": null, "type": null, "landuse": null }, "geometry": { "type": "Point", "coordinates": [ 92.5127537, 27.2914834 ] } },
{ "type": "Feature", "properties": { "element": "node", "id": 10882730264, "alt_name": null, "alt_name:en": null, "capital": null, "name": null, "name:ar": null, "name:bn": null, "name:bo": null, "name:bo-Latn-wylie": null, "name:fa": null, "name:hi": null, "name:kn": null, "name:ml": null, "name:ru": null, "name:zh": null, "name:zh-Hans": null, "name:zh-Hant": null, "note": null, "place": "hamlet", "wikidata": null, "name:en": null, "alt_name:zh": null, "alt_name:zh-Hans": null, "alt_name:zh-Hant": null, "loc_name": null, "loc_name:zh": null, "loc_name:zh-Hans": null, "loc_name:zh-Hant": null, "reg_name": null, "reg_name:zh": null, "reg_name:zh-Hans": null, "reg_name:zh-Hant": null, "addr:postcode": null, "name:zh-Latn-pinyin": null, "source": null, "type": null, "landuse": null }, "geometry": { "type": "Point", "coordinates": [ 92.3863137, 27.3156276 ] } },
{ "type": "Feature", "properties": { "element": "node", "id": 10882730420, "alt_name": null, "alt_name:en": null, "capital": null, "name": "Khoitam", "name:ar": null, "name:bn": null, "name:bo": null, "name:bo-Latn-wylie": null, "name:fa": null, "name:hi": null, "name:kn": null, "name:ml": null, "name:ru": null, "name:zh": "库如达木错", "name:zh-Hans": "库如达木错", "name:zh-Hant": "庫如達木錯", "note": null, "place": "village", "wikidata": null, "name:en": "Khoitam", "alt_name:zh": null, "alt_name:zh-Hans": null, "alt_name:zh-Hant": null, "loc_name": null, "loc_name:zh": null, "loc_name:zh-Hans": null, "loc_name:zh-Hant": null, "reg_name": null, "reg_name:zh": null, "reg_name:zh-Hans": null, "reg_name:zh-Hant": null, "addr:postcode": null, "name:zh-Latn-pinyin": null, "source": null, "type": null, "landuse": null }, "geometry": { "type": "Point", "coordinates": [ 92.3955099, 27.3120904 ] } },
{ "type": "Feature", "properties": { "element": "node", "id": 10882730479, "alt_name": null, "alt_name:en": null, "capital": null, "name": null, "name:ar": null, "name:bn": null, "name:bo": null, "name:bo-Latn-wylie": null, "name:fa": null, "name:hi": null, "name:kn": null, "name:ml": null, "name:ru": null, "name:zh": null, "name:zh-Hans": null, "name:zh-Hant": null, "note": null, "place": "hamlet", "wikidata": null, "name:en": null, "alt_name:zh": null, "alt_name:zh-Hans": null, "alt_name:zh-Hant": null, "loc_name": null, "loc_name:zh": null, "loc_name:zh-Hans": null, "loc_name:zh-Hant": null, "reg_name": null, "reg_name:zh": null, "reg_name:zh-Hans": null, "reg_name:zh-Hant": null, "addr:postcode": null, "name:zh-Latn-pinyin": null, "source": null, "type": null, "landuse": null }, "geometry": { "type": "Point", "coordinates": [ 92.3244544, 27.2215819 ] } },
{ "type": "Feature", "properties": { "element": "node", "id": 10882730487, "alt_name": null, "alt_name:en": null, "capital": null, "name": "绒囊堆错", "name:ar": null, "name:bn": null, "name:bo": null, "name:bo-Latn-wylie": null, "name:fa": null, "name:hi": null, "name:kn": null, "name:ml": null, "name:ru": null, "name:zh": "绒囊堆错", "name:zh-Hans": "绒囊堆错", "name:zh-Hant": "絨囊堆錯", "note": null, "place": "village", "wikidata": null, "name:en": null, "alt_name:zh": null, "alt_name:zh-Hans": null, "alt_name:zh-Hant": null, "loc_name": null, "loc_name:zh": null, "loc_name:zh-Hans": null, "loc_name:zh-Hant": null, "reg_name": null, "reg_name:zh": null, "reg_name:zh-Hans": null, "reg_name:zh-Hant": null, "addr:postcode": null, "name:zh-Latn-pinyin": null, "source": null, "type": null, "landuse": null }, "geometry": { "type": "Point", "coordinates": [ 92.3053865, 27.2121851 ] } },
{ "type": "Feature", "properties": { "element": "node", "id": 10885793906, "alt_name": null, "alt_name:en": null, "capital": null, "name": null, "name:ar": null, "name:bn": null, "name:bo": null, "name:bo-Latn-wylie": null, "name:fa": null, "name:hi": null, "name:kn": null, "name:ml": null, "name:ru": null, "name:zh": null, "name:zh-Hans": null, "name:zh-Hant": null, "note": null, "place": "hamlet", "wikidata": null, "name:en": null, "alt_name:zh": null, "alt_name:zh-Hans": null, "alt_name:zh-Hant": null, "loc_name": null, "loc_name:zh": null, "loc_name:zh-Hans": null, "loc_name:zh-Hant": null, "reg_name": null, "reg_name:zh": null, "reg_name:zh-Hans": null, "reg_name:zh-Hant": null, "addr:postcode": null, "name:zh-Latn-pinyin": null, "source": null, "type": null, "landuse": null }, "geometry": { "type": "Point", "coordinates": [ 92.3534885, 27.3281688 ] } },
{ "type": "Feature", "properties": { "element": "node", "id": 10917567962, "alt_name": null, "alt_name:en": null, "capital": null, "name": "迪彬", "name:ar": null, "name:bn": null, "name:bo": null, "name:bo-Latn-wylie": null, "name:fa": null, "name:hi": null, "name:kn": null, "name:ml": null, "name:ru": null, "name:zh": "迪彬", "name:zh-Hans": "迪彬", "name:zh-Hant": "迪彬", "note": null, "place": "hamlet", "wikidata": null, "name:en": "Dibbin", "alt_name:zh": null, "alt_name:zh-Hans": null, "alt_name:zh-Hant": null, "loc_name": null, "loc_name:zh": null, "loc_name:zh-Hans": null, "loc_name:zh-Hant": null, "reg_name": null, "reg_name:zh": null, "reg_name:zh-Hans": null, "reg_name:zh-Hant": null, "addr:postcode": null, "name:zh-Latn-pinyin": null, "source": null, "type": null, "landuse": null }, "geometry": { "type": "Point", "coordinates": [ 92.5118485, 27.4444441 ] } },
{ "type": "Feature", "properties": { "element": "node", "id": 10941933055, "alt_name": null, "alt_name:en": null, "capital": null, "name": "Rungja", "name:ar": null, "name:bn": null, "name:bo": null, "name:bo-Latn-wylie": null, "name:fa": null, "name:hi": null, "name:kn": null, "name:ml": null, "name:ru": null, "name:zh": null, "name:zh-Hans": null, "name:zh-Hant": null, "note": null, "place": "village", "wikidata": null, "name:en": "Rungja", "alt_name:zh": null, "alt_name:zh-Hans": null, "alt_name:zh-Hant": null, "loc_name": null, "loc_name:zh": null, "loc_name:zh-Hans": null, "loc_name:zh-Hant": null, "reg_name": null, "reg_name:zh": null, "reg_name:zh-Hans": null, "reg_name:zh-Hant": null, "addr:postcode": null, "name:zh-Latn-pinyin": null, "source": null, "type": null, "landuse": null }, "geometry": { "type": "Point", "coordinates": [ 92.3786, 27.3923244 ] } },
{ "type": "Feature", "properties": { "element": "node", "id": 10992073916, "alt_name": "Longtin", "alt_name:en": null, "capital": null, "name": "Lower Dzang", "name:ar": null, "name:bn": null, "name:bo": null, "name:bo-Latn-wylie": null, "name:fa": null, "name:hi": null, "name:kn": null, "name:ml": null, "name:ru": null, "name:zh": "下宗", "name:zh-Hans": null, "name:zh-Hant": null, "note": null, "place": "village", "wikidata": null, "name:en": "Lower Dzang", "alt_name:zh": "龙定", "alt_name:zh-Hans": null, "alt_name:zh-Hant": null, "loc_name": null, "loc_name:zh": null, "loc_name:zh-Hans": null, "loc_name:zh-Hant": null, "reg_name": null, "reg_name:zh": null, "reg_name:zh-Hans": null, "reg_name:zh-Hant": null, "addr:postcode": null, "name:zh-Latn-pinyin": null, "source": null, "type": null, "landuse": null }, "geometry": { "type": "Point", "coordinates": [ 92.5359066, 27.3703617 ] } },
{ "type": "Feature", "properties": { "element": "node", "id": 10992073938, "alt_name": null, "alt_name:en": null, "capital": null, "name": "Upper Dzang", "name:ar": null, "name:bn": null, "name:bo": null, "name:bo-Latn-wylie": null, "name:fa": null, "name:hi": null, "name:kn": null, "name:ml": null, "name:ru": null, "name:zh": "上宗", "name:zh-Hans": null, "name:zh-Hant": null, "note": null, "place": "village", "wikidata": null, "name:en": "Upper Dzang", "alt_name:zh": null, "alt_name:zh-Hans": null, "alt_name:zh-Hant": null, "loc_name": null, "loc_name:zh": null, "loc_name:zh-Hans": null, "loc_name:zh-Hant": null, "reg_name": null, "reg_name:zh": null, "reg_name:zh-Hans": null, "reg_name:zh-Hant": null, "addr:postcode": null, "name:zh-Latn-pinyin": null, "source": null, "type": null, "landuse": null }, "geometry": { "type": "Point", "coordinates": [ 92.5490029, 27.3751537 ] } },
{ "type": "Feature", "properties": { "element": "node", "id": 10992130243, "alt_name": null, "alt_name:en": null, "capital": null, "name": "Nachibon", "name:ar": null, "name:bn": null, "name:bo": null, "name:bo-Latn-wylie": null, "name:fa": null, "name:hi": null, "name:kn": null, "name:ml": null, "name:ru": null, "name:zh": "纳奇本", "name:zh-Hans": null, "name:zh-Hant": null, "note": null, "place": "village", "wikidata": null, "name:en": "Nachibon", "alt_name:zh": null, "alt_name:zh-Hans": null, "alt_name:zh-Hant": null, "loc_name": null, "loc_name:zh": null, "loc_name:zh-Hans": null, "loc_name:zh-Hant": null, "reg_name": null, "reg_name:zh": null, "reg_name:zh-Hans": null, "reg_name:zh-Hant": null, "addr:postcode": null, "name:zh-Latn-pinyin": null, "source": null, "type": null, "landuse": null }, "geometry": { "type": "Point", "coordinates": [ 92.5343971, 27.4062513 ] } },
{ "type": "Feature", "properties": { "element": "node", "id": 10992498530, "alt_name": null, "alt_name:en": null, "capital": null, "name": "Ditchik", "name:ar": null, "name:bn": null, "name:bo": null, "name:bo-Latn-wylie": null, "name:fa": null, "name:hi": null, "name:kn": null, "name:ml": null, "name:ru": null, "name:zh": "迪起", "name:zh-Hans": "迪起", "name:zh-Hant": "迪起", "note": null, "place": "village", "wikidata": null, "name:en": "Ditchik", "alt_name:zh": null, "alt_name:zh-Hans": null, "alt_name:zh-Hant": null, "loc_name": null, "loc_name:zh": null, "loc_name:zh-Hans": null, "loc_name:zh-Hant": null, "reg_name": null, "reg_name:zh": null, "reg_name:zh-Hans": null, "reg_name:zh-Hant": null, "addr:postcode": null, "name:zh-Latn-pinyin": null, "source": null, "type": null, "landuse": null }, "geometry": { "type": "Point", "coordinates": [ 92.5077975, 27.4019818 ] } },
{ "type": "Feature", "properties": { "element": "node", "id": 11007238624, "alt_name": null, "alt_name:en": null, "capital": null, "name": null, "name:ar": null, "name:bn": null, "name:bo": null, "name:bo-Latn-wylie": null, "name:fa": null, "name:hi": null, "name:kn": null, "name:ml": null, "name:ru": null, "name:zh": null, "name:zh-Hans": null, "name:zh-Hant": null, "note": null, "place": "hamlet", "wikidata": null, "name:en": null, "alt_name:zh": null, "alt_name:zh-Hans": null, "alt_name:zh-Hant": null, "loc_name": null, "loc_name:zh": null, "loc_name:zh-Hans": null, "loc_name:zh-Hant": null, "reg_name": null, "reg_name:zh": null, "reg_name:zh-Hans": null, "reg_name:zh-Hant": null, "addr:postcode": null, "name:zh-Latn-pinyin": null, "source": null, "type": null, "landuse": null }, "geometry": { "type": "Point", "coordinates": [ 92.4092132, 27.3203311 ] } },
{ "type": "Feature", "properties": { "element": "node", "id": 11007521794, "alt_name": null, "alt_name:en": null, "capital": null, "name": "Nakhu", "name:ar": null, "name:bn": null, "name:bo": null, "name:bo-Latn-wylie": null, "name:fa": null, "name:hi": null, "name:kn": null, "name:ml": null, "name:ru": null, "name:zh": "拉共", "name:zh-Hans": null, "name:zh-Hant": null, "note": null, "place": "village", "wikidata": null, "name:en": null, "alt_name:zh": null, "alt_name:zh-Hans": null, "alt_name:zh-Hant": null, "loc_name": null, "loc_name:zh": null, "loc_name:zh-Hans": null, "loc_name:zh-Hant": null, "reg_name": null, "reg_name:zh": null, "reg_name:zh-Hans": null, "reg_name:zh-Hant": null, "addr:postcode": null, "name:zh-Latn-pinyin": null, "source": null, "type": null, "landuse": null }, "geometry": { "type": "Point", "coordinates": [ 92.5394209, 27.4091296 ] } },
{ "type": "Feature", "properties": { "element": "node", "id": 11007527111, "alt_name": null, "alt_name:en": null, "capital": null, "name": null, "name:ar": null, "name:bn": null, "name:bo": null, "name:bo-Latn-wylie": null, "name:fa": null, "name:hi": null, "name:kn": null, "name:ml": null, "name:ru": null, "name:zh": null, "name:zh-Hans": null, "name:zh-Hant": null, "note": null, "place": "hamlet", "wikidata": null, "name:en": null, "alt_name:zh": null, "alt_name:zh-Hans": null, "alt_name:zh-Hant": null, "loc_name": null, "loc_name:zh": null, "loc_name:zh-Hans": null, "loc_name:zh-Hant": null, "reg_name": null, "reg_name:zh": null, "reg_name:zh-Hans": null, "reg_name:zh-Hant": null, "addr:postcode": null, "name:zh-Latn-pinyin": null, "source": null, "type": null, "landuse": null }, "geometry": { "type": "Point", "coordinates": [ 92.4884788, 27.4004968 ] } },
{ "type": "Feature", "properties": { "element": "node", "id": 11007775314, "alt_name": null, "alt_name:en": null, "capital": null, "name": null, "name:ar": null, "name:bn": null, "name:bo": null, "name:bo-Latn-wylie": null, "name:fa": null, "name:hi": null, "name:kn": null, "name:ml": null, "name:ru": null, "name:zh": null, "name:zh-Hans": null, "name:zh-Hant": null, "note": null, "place": "hamlet", "wikidata": null, "name:en": null, "alt_name:zh": null, "alt_name:zh-Hans": null, "alt_name:zh-Hant": null, "loc_name": null, "loc_name:zh": null, "loc_name:zh-Hans": null, "loc_name:zh-Hant": null, "reg_name": null, "reg_name:zh": null, "reg_name:zh-Hans": null, "reg_name:zh-Hant": null, "addr:postcode": null, "name:zh-Latn-pinyin": null, "source": null, "type": null, "landuse": null }, "geometry": { "type": "Point", "coordinates": [ 92.4928957, 27.4442144 ] } },
{ "type": "Feature", "properties": { "element": "node", "id": 13155904439, "alt_name": null, "alt_name:en": null, "capital": null, "name": "Pangma", "name:ar": null, "name:bn": null, "name:bo": null, "name:bo-Latn-wylie": null, "name:fa": null, "name:hi": null, "name:kn": null, "name:ml": null, "name:ru": null, "name:zh": "旁马", "name:zh-Hans": "旁马", "name:zh-Hant": "旁馬", "note": null, "place": "village", "wikidata": null, "name:en": "Pangma", "alt_name:zh": null, "alt_name:zh-Hans": null, "alt_name:zh-Hant": null, "loc_name": null, "loc_name:zh": null, "loc_name:zh-Hans": null, "loc_name:zh-Hant": null, "reg_name": null, "reg_name:zh": null, "reg_name:zh-Hans": null, "reg_name:zh-Hant": null, "addr:postcode": null, "name:zh-Latn-pinyin": null, "source": null, "type": null, "landuse": null }, "geometry": { "type": "Point", "coordinates": [ 92.373989, 27.3854171 ] } },
{ "type": "Feature", "properties": { "element": "node", "id": 13155904440, "alt_name": null, "alt_name:en": null, "capital": null, "name": "Cherrong", "name:ar": null, "name:bn": null, "name:bo": null, "name:bo-Latn-wylie": null, "name:fa": null, "name:hi": null, "name:kn": null, "name:ml": null, "name:ru": null, "name:zh": "挫果", "name:zh-Hans": "挫果", "name:zh-Hant": "挫果", "note": null, "place": "hamlet", "wikidata": null, "name:en": "Cherrong", "alt_name:zh": null, "alt_name:zh-Hans": null, "alt_name:zh-Hant": null, "loc_name": null, "loc_name:zh": null, "loc_name:zh-Hans": null, "loc_name:zh-Hant": null, "reg_name": null, "reg_name:zh": null, "reg_name:zh-Hans": null, "reg_name:zh-Hant": null, "addr:postcode": null, "name:zh-Latn-pinyin": null, "source": null, "type": null, "landuse": null }, "geometry": { "type": "Point", "coordinates": [ 92.3831955, 27.3807519 ] } },
{ "type": "Feature", "properties": { "element": "node", "id": 13155904441, "alt_name": null, "alt_name:en": null, "capital": null, "name": "马尼堆", "name:ar": null, "name:bn": null, "name:bo": null, "name:bo-Latn-wylie": null, "name:fa": null, "name:hi": null, "name:kn": null, "name:ml": null, "name:ru": null, "name:zh": "马尼堆", "name:zh-Hans": "马尼堆", "name:zh-Hant": "馬尼堆", "note": null, "place": "hamlet", "wikidata": null, "name:en": null, "alt_name:zh": null, "alt_name:zh-Hans": null, "alt_name:zh-Hant": null, "loc_name": null, "loc_name:zh": null, "loc_name:zh-Hans": null, "loc_name:zh-Hant": null, "reg_name": null, "reg_name:zh": null, "reg_name:zh-Hans": null, "reg_name:zh-Hant": null, "addr:postcode": null, "name:zh-Latn-pinyin": null, "source": null, "type": null, "landuse": null }, "geometry": { "type": "Point", "coordinates": [ 92.4152633, 27.3583409 ] } },
{ "type": "Feature", "properties": { "element": "node", "id": 13155911614, "alt_name": null, "alt_name:en": null, "capital": null, "name": "Balung Camper", "name:ar": null, "name:bn": null, "name:bo": null, "name:bo-Latn-wylie": null, "name:fa": null, "name:hi": null, "name:kn": null, "name:ml": null, "name:ru": null, "name:zh": "巴鲁", "name:zh-Hans": "巴鲁", "name:zh-Hant": "巴魯", "note": null, "place": "hamlet", "wikidata": null, "name:en": "Balung Camper", "alt_name:zh": null, "alt_name:zh-Hans": null, "alt_name:zh-Hant": null, "loc_name": null, "loc_name:zh": null, "loc_name:zh-Hans": null, "loc_name:zh-Hant": null, "reg_name": null, "reg_name:zh": null, "reg_name:zh-Hans": null, "reg_name:zh-Hant": null, "addr:postcode": null, "name:zh-Latn-pinyin": null, "source": null, "type": null, "landuse": null }, "geometry": { "type": "Point", "coordinates": [ 92.3186566, 27.3399024 ] } },
{ "type": "Feature", "properties": { "element": "node", "id": 13185904800, "alt_name": null, "alt_name:en": null, "capital": null, "name": "纽辛参", "name:ar": null, "name:bn": null, "name:bo": null, "name:bo-Latn-wylie": null, "name:fa": null, "name:hi": null, "name:kn": null, "name:ml": null, "name:ru": null, "name:zh": "纽辛参", "name:zh-Hans": "纽辛参", "name:zh-Hant": "紐辛參", "note": null, "place": "hamlet", "wikidata": null, "name:en": null, "alt_name:zh": null, "alt_name:zh-Hans": null, "alt_name:zh-Hant": null, "loc_name": null, "loc_name:zh": null, "loc_name:zh-Hans": null, "loc_name:zh-Hant": null, "reg_name": null, "reg_name:zh": null, "reg_name:zh-Hans": null, "reg_name:zh-Hant": null, "addr:postcode": null, "name:zh-Latn-pinyin": null, "source": null, "type": null, "landuse": null }, "geometry": { "type": "Point", "coordinates": [ 92.3145952, 27.437321 ] } },
{ "type": "Feature", "properties": { "element": "node", "id": 13255810006, "alt_name": null, "alt_name:en": null, "capital": null, "name": null, "name:ar": null, "name:bn": null, "name:bo": null, "name:bo-Latn-wylie": null, "name:fa": null, "name:hi": null, "name:kn": null, "name:ml": null, "name:ru": null, "name:zh": null, "name:zh-Hans": null, "name:zh-Hant": null, "note": null, "place": "village", "wikidata": null, "name:en": null, "alt_name:zh": null, "alt_name:zh-Hans": null, "alt_name:zh-Hant": null, "loc_name": null, "loc_name:zh": null, "loc_name:zh-Hans": null, "loc_name:zh-Hant": null, "reg_name": null, "reg_name:zh": null, "reg_name:zh-Hans": null, "reg_name:zh-Hant": null, "addr:postcode": null, "name:zh-Latn-pinyin": null, "source": null, "type": null, "landuse": null }, "geometry": { "type": "Point", "coordinates": [ 92.4632997, 27.4377408 ] } },
{ "type": "Feature", "properties": { "element": "node", "id": 13293681172, "alt_name": null, "alt_name:en": null, "capital": null, "name": "多龙普", "name:ar": null, "name:bn": null, "name:bo": null, "name:bo-Latn-wylie": null, "name:fa": null, "name:hi": null, "name:kn": null, "name:ml": null, "name:ru": null, "name:zh": "多龙普", "name:zh-Hans": "多龙普", "name:zh-Hant": "多龍普", "note": null, "place": "village", "wikidata": null, "name:en": null, "alt_name:zh": null, "alt_name:zh-Hans": null, "alt_name:zh-Hant": null, "loc_name": null, "loc_name:zh": null, "loc_name:zh-Hans": null, "loc_name:zh-Hant": null, "reg_name": null, "reg_name:zh": null, "reg_name:zh-Hans": null, "reg_name:zh-Hant": null, "addr:postcode": null, "name:zh-Latn-pinyin": null, "source": null, "type": null, "landuse": null }, "geometry": { "type": "Point", "coordinates": [ 92.5030445, 27.215139 ] } },
{ "type": "Feature", "properties": { "element": "node", "id": 14088179044, "alt_name": null, "alt_name:en": null, "capital": null, "name": "Najang", "name:ar": null, "name:bn": null, "name:bo": null, "name:bo-Latn-wylie": null, "name:fa": null, "name:hi": null, "name:kn": null, "name:ml": null, "name:ru": null, "name:zh": "那宗", "name:zh-Hans": null, "name:zh-Hant": null, "note": null, "place": "hamlet", "wikidata": null, "name:en": null, "alt_name:zh": null, "alt_name:zh-Hans": null, "alt_name:zh-Hant": null, "loc_name": null, "loc_name:zh": null, "loc_name:zh-Hans": null, "loc_name:zh-Hant": null, "reg_name": null, "reg_name:zh": null, "reg_name:zh-Hans": null, "reg_name:zh-Hant": null, "addr:postcode": null, "name:zh-Latn-pinyin": null, "source": null, "type": null, "landuse": null }, "geometry": { "type": "Point", "coordinates": [ 92.5322007, 27.4338403 ] } },
{ "type": "Feature", "properties": { "element": "node", "id": 14101143066, "alt_name": null, "alt_name:en": null, "capital": null, "name": "Ditching", "name:ar": null, "name:bn": null, "name:bo": null, "name:bo-Latn-wylie": null, "name:fa": null, "name:hi": null, "name:kn": null, "name:ml": null, "name:ru": null, "name:zh": "迪钦", "name:zh-Hans": null, "name:zh-Hant": null, "note": null, "place": "hamlet", "wikidata": null, "name:en": "Ditching", "alt_name:zh": null, "alt_name:zh-Hans": null, "alt_name:zh-Hant": null, "loc_name": null, "loc_name:zh": null, "loc_name:zh-Hans": null, "loc_name:zh-Hant": null, "reg_name": null, "reg_name:zh": null, "reg_name:zh-Hans": null, "reg_name:zh-Hant": null, "addr:postcode": null, "name:zh-Latn-pinyin": null, "source": null, "type": null, "landuse": null }, "geometry": { "type": "Point", "coordinates": [ 92.5048448, 27.3259943 ] } },
{ "type": "Feature", "properties": { "element": "node", "id": 14161801597, "alt_name": null, "alt_name:en": null, "capital": null, "name": "Jerigaon", "name:ar": null, "name:bn": null, "name:bo": null, "name:bo-Latn-wylie": null, "name:fa": null, "name:hi": null, "name:kn": null, "name:ml": null, "name:ru": null, "name:zh": "迪什普", "name:zh-Hans": null, "name:zh-Hant": null, "note": null, "place": "village", "wikidata": null, "name:en": null, "alt_name:zh": null, "alt_name:zh-Hans": null, "alt_name:zh-Hant": null, "loc_name": null, "loc_name:zh": null, "loc_name:zh-Hans": null, "loc_name:zh-Hant": null, "reg_name": null, "reg_name:zh": null, "reg_name:zh-Hans": null, "reg_name:zh-Hant": null, "addr:postcode": null, "name:zh-Latn-pinyin": null, "source": null, "type": null, "landuse": null }, "geometry": { "type": "Point", "coordinates": [ 92.4709112, 27.3385054 ] } },
{ "type": "Feature", "properties": { "element": "relation", "id": 20110970, "alt_name": "那木细", "alt_name:en": null, "capital": null, "name": "Namshu", "name:ar": null, "name:bn": null, "name:bo": null, "name:bo-Latn-wylie": null, "name:fa": null, "name:hi": null, "name:kn": null, "name:ml": null, "name:ru": null, "name:zh": "拉苏", "name:zh-Hans": "拉苏", "name:zh-Hant": "拉蘇", "note": null, "place": "village", "wikidata": null, "name:en": "Namshu", "alt_name:zh": "那木细", "alt_name:zh-Hans": "那木细", "alt_name:zh-Hant": "那木細", "loc_name": "朗西", "loc_name:zh": "朗西", "loc_name:zh-Hans": "朗西", "loc_name:zh-Hant": "朗西", "reg_name": null, "reg_name:zh": null, "reg_name:zh-Hans": null, "reg_name:zh-Hant": null, "addr:postcode": null, "name:zh-Latn-pinyin": null, "source": null, "type": "multipolygon", "landuse": "residential" }, "geometry": { "type": "Polygon", "coordinates": [ [ [ 92.3204521, 27.3576737 ], [ 92.3201709, 27.3577284 ], [ 92.3200879, 27.3580113 ], [ 92.3196032, 27.3582204 ], [ 92.3192709, 27.3585401 ], [ 92.3204479, 27.3595362 ], [ 92.3213271, 27.3586385 ], [ 92.3226425, 27.3578207 ], [ 92.3232517, 27.3567692 ], [ 92.3217526, 27.3567554 ], [ 92.3212509, 27.3567508 ], [ 92.3207455, 27.3569537 ], [ 92.3208979, 27.357587 ], [ 92.3204521, 27.3576737 ] ] ] } },
{ "type": "Feature", "properties": { "element": "way", "id": 513813436, "alt_name": null, "alt_name:en": null, "capital": null, "name": null, "name:ar": null, "name:bn": null, "name:bo": null, "name:bo-Latn-wylie": null, "name:fa": null, "name:hi": null, "name:kn": null, "name:ml": null, "name:ru": null, "name:zh": null, "name:zh-Hans": null, "name:zh-Hant": null, "note": null, "place": "village", "wikidata": null, "name:en": null, "alt_name:zh": null, "alt_name:zh-Hans": null, "alt_name:zh-Hant": null, "loc_name": null, "loc_name:zh": null, "loc_name:zh-Hans": null, "loc_name:zh-Hant": null, "reg_name": null, "reg_name:zh": null, "reg_name:zh-Hans": null, "reg_name:zh-Hant": null, "addr:postcode": null, "name:zh-Latn-pinyin": null, "source": null, "type": null, "landuse": null }, "geometry": { "type": "Polygon", "coordinates": [ [ [ 92.4741051, 27.2027394 ], [ 92.4746371, 27.2031369 ], [ 92.4749847, 27.2033514 ], [ 92.4753819, 27.2034397 ], [ 92.4756515, 27.2035848 ], [ 92.475992, 27.2037488 ], [ 92.4761197, 27.2040201 ], [ 92.476141, 27.204222 ], [ 92.47607, 27.2043987 ], [ 92.47607, 27.2045942 ], [ 92.4762332, 27.2047646 ], [ 92.4765453, 27.204815 ], [ 92.4769425, 27.204916 ], [ 92.4773114, 27.2049097 ], [ 92.4775242, 27.2048213 ], [ 92.477815, 27.2048213 ], [ 92.478191, 27.2050043 ], [ 92.4784747, 27.2051179 ], [ 92.4787017, 27.2049791 ], [ 92.4788152, 27.2047646 ], [ 92.4791699, 27.2044933 ], [ 92.4791699, 27.204405 ], [ 92.4790068, 27.2042662 ], [ 92.4786095, 27.2041274 ], [ 92.4777299, 27.203976 ], [ 92.4769283, 27.2039318 ], [ 92.4765027, 27.2038372 ], [ 92.4760913, 27.203446 ], [ 92.4751266, 27.2029287 ], [ 92.4750202, 27.2027899 ], [ 92.474552, 27.2025438 ], [ 92.4743037, 27.2022662 ], [ 92.4740483, 27.2021148 ], [ 92.4740483, 27.2023482 ], [ 92.4741051, 27.2027394 ] ] ] } },
{ "type": "Feature", "properties": { "element": "way", "id": 513813489, "alt_name": null, "alt_name:en": null, "capital": null, "name": "Singchung", "name:ar": null, "name:bn": null, "name:bo": null, "name:bo-Latn-wylie": null, "name:fa": null, "name:hi": null, "name:kn": null, "name:ml": null, "name:ru": null, "name:zh": "新川", "name:zh-Hans": "新川", "name:zh-Hant": "新川", "note": null, "place": "village", "wikidata": null, "name:en": "Singchung", "alt_name:zh": null, "alt_name:zh-Hans": null, "alt_name:zh-Hant": null, "loc_name": null, "loc_name:zh": null, "loc_name:zh-Hans": null, "loc_name:zh-Hant": null, "reg_name": null, "reg_name:zh": null, "reg_name:zh-Hans": null, "reg_name:zh-Hant": null, "addr:postcode": null, "name:zh-Latn-pinyin": null, "source": null, "type": null, "landuse": null }, "geometry": { "type": "Polygon", "coordinates": [ [ [ 92.4774507, 27.2031056 ], [ 92.4790044, 27.2033089 ], [ 92.4802953, 27.2034155 ], [ 92.481255, 27.2032682 ], [ 92.4812778, 27.2027703 ], [ 92.4814092, 27.2020693 ], [ 92.4814549, 27.2011294 ], [ 92.4805524, 27.2009008 ], [ 92.4793071, 27.2008093 ], [ 92.477485, 27.2007433 ], [ 92.4766224, 27.2005401 ], [ 92.4767652, 27.199778 ], [ 92.4766853, 27.1993512 ], [ 92.4765653, 27.1985434 ], [ 92.4761198, 27.1971259 ], [ 92.4767767, 27.1962876 ], [ 92.4771886, 27.1947879 ], [ 92.477766, 27.1931303 ], [ 92.4778448, 27.1896517 ], [ 92.4757594, 27.1882141 ], [ 92.4746951, 27.1874804 ], [ 92.4701544, 27.187854 ], [ 92.4679234, 27.1905389 ], [ 92.4687013, 27.1922564 ], [ 92.4693932, 27.193784 ], [ 92.4711255, 27.1959551 ], [ 92.4722016, 27.1970757 ], [ 92.473199, 27.1992001 ], [ 92.4740127, 27.2010443 ], [ 92.4767616, 27.2027836 ], [ 92.4774507, 27.2031056 ] ] ] } },
{ "type": "Feature", "properties": { "element": "way", "id": 1168896138, "alt_name": null, "alt_name:en": null, "capital": null, "name": null, "name:ar": null, "name:bn": null, "name:bo": null, "name:bo-Latn-wylie": null, "name:fa": null, "name:hi": null, "name:kn": null, "name:ml": null, "name:ru": null, "name:zh": null, "name:zh-Hans": null, "name:zh-Hant": null, "note": null, "place": "village", "wikidata": null, "name:en": null, "alt_name:zh": null, "alt_name:zh-Hans": null, "alt_name:zh-Hant": null, "loc_name": null, "loc_name:zh": null, "loc_name:zh-Hans": null, "loc_name:zh-Hant": null, "reg_name": null, "reg_name:zh": null, "reg_name:zh-Hans": null, "reg_name:zh-Hant": null, "addr:postcode": null, "name:zh-Latn-pinyin": null, "source": null, "type": null, "landuse": null }, "geometry": { "type": "Polygon", "coordinates": [ [ [ 92.535897, 27.2051098 ], [ 92.5361721, 27.2041405 ], [ 92.5356007, 27.202776 ], [ 92.5346378, 27.2012985 ], [ 92.5334633, 27.2004703 ], [ 92.5306275, 27.2009987 ], [ 92.5300245, 27.2015431 ], [ 92.5307122, 27.2031618 ], [ 92.5333575, 27.203557 ], [ 92.5348918, 27.2037453 ], [ 92.535897, 27.2051098 ] ] ] } },
{ "type": "Feature", "properties": { "element": "way", "id": 1168912559, "alt_name": null, "alt_name:en": null, "capital": null, "name": null, "name:ar": null, "name:bn": null, "name:bo": null, "name:bo-Latn-wylie": null, "name:fa": null, "name:hi": null, "name:kn": null, "name:ml": null, "name:ru": null, "name:zh": null, "name:zh-Hans": null, "name:zh-Hant": null, "note": null, "place": "hamlet", "wikidata": null, "name:en": null, "alt_name:zh": null, "alt_name:zh-Hans": null, "alt_name:zh-Hant": null, "loc_name": null, "loc_name:zh": null, "loc_name:zh-Hans": null, "loc_name:zh-Hant": null, "reg_name": null, "reg_name:zh": null, "reg_name:zh-Hans": null, "reg_name:zh-Hant": null, "addr:postcode": null, "name:zh-Latn-pinyin": null, "source": null, "type": null, "landuse": null }, "geometry": { "type": "Polygon", "coordinates": [ [ [ 92.5123751, 27.3431316 ], [ 92.5130482, 27.3434328 ], [ 92.5128552, 27.3423019 ], [ 92.5125838, 27.3419636 ], [ 92.5120099, 27.342288 ], [ 92.51204, 27.3426755 ], [ 92.5123751, 27.3431316 ] ] ] } },
{ "type": "Feature", "properties": { "element": "way", "id": 1168912560, "alt_name": null, "alt_name:en": null, "capital": null, "name": null, "name:ar": null, "name:bn": null, "name:bo": null, "name:bo-Latn-wylie": null, "name:fa": null, "name:hi": null, "name:kn": null, "name:ml": null, "name:ru": null, "name:zh": null, "name:zh-Hans": null, "name:zh-Hant": null, "note": null, "place": "hamlet", "wikidata": null, "name:en": null, "alt_name:zh": null, "alt_name:zh-Hans": null, "alt_name:zh-Hant": null, "loc_name": null, "loc_name:zh": null, "loc_name:zh-Hans": null, "loc_name:zh-Hant": null, "reg_name": null, "reg_name:zh": null, "reg_name:zh-Hans": null, "reg_name:zh-Hant": null, "addr:postcode": null, "name:zh-Latn-pinyin": null, "source": null, "type": null, "landuse": null }, "geometry": { "type": "Polygon", "coordinates": [ [ [ 92.5109455, 27.3454906 ], [ 92.5116916, 27.3457733 ], [ 92.5135178, 27.3454675 ], [ 92.5131213, 27.344369 ], [ 92.5118847, 27.3442856 ], [ 92.5114568, 27.3449437 ], [ 92.5108933, 27.3450133 ], [ 92.5109455, 27.3454906 ] ] ] } },
{ "type": "Feature", "properties": { "element": "way", "id": 1168912561, "alt_name": null, "alt_name:en": null, "capital": null, "name": null, "name:ar": null, "name:bn": null, "name:bo": null, "name:bo-Latn-wylie": null, "name:fa": null, "name:hi": null, "name:kn": null, "name:ml": null, "name:ru": null, "name:zh": null, "name:zh-Hans": null, "name:zh-Hant": null, "note": null, "place": "hamlet", "wikidata": null, "name:en": null, "alt_name:zh": null, "alt_name:zh-Hans": null, "alt_name:zh-Hant": null, "loc_name": null, "loc_name:zh": null, "loc_name:zh-Hans": null, "loc_name:zh-Hant": null, "reg_name": null, "reg_name:zh": null, "reg_name:zh-Hans": null, "reg_name:zh-Hant": null, "addr:postcode": null, "name:zh-Latn-pinyin": null, "source": null, "type": null, "landuse": null }, "geometry": { "type": "Polygon", "coordinates": [ [ [ 92.5127247, 27.3465242 ], [ 92.5130795, 27.3470849 ], [ 92.5143735, 27.3472842 ], [ 92.5143005, 27.3461163 ], [ 92.5137474, 27.3457363 ], [ 92.5135804, 27.3456992 ], [ 92.5134448, 27.3461951 ], [ 92.5131474, 27.3465195 ], [ 92.5128239, 27.3462461 ], [ 92.5127247, 27.3465242 ] ] ] } },
{ "type": "Feature", "properties": { "element": "way", "id": 1168912564, "alt_name": null, "alt_name:en": null, "capital": null, "name": null, "name:ar": null, "name:bn": null, "name:bo": null, "name:bo-Latn-wylie": null, "name:fa": null, "name:hi": null, "name:kn": null, "name:ml": null, "name:ru": null, "name:zh": null, "name:zh-Hans": null, "name:zh-Hant": null, "note": null, "place": "hamlet", "wikidata": null, "name:en": null, "alt_name:zh": null, "alt_name:zh-Hans": null, "alt_name:zh-Hant": null, "loc_name": null, "loc_name:zh": null, "loc_name:zh-Hans": null, "loc_name:zh-Hant": null, "reg_name": null, "reg_name:zh": null, "reg_name:zh-Hans": null, "reg_name:zh-Hant": null, "addr:postcode": null, "name:zh-Latn-pinyin": null, "source": null, "type": null, "landuse": null }, "geometry": { "type": "Polygon", "coordinates": [ [ [ 92.5217649, 27.3519511 ], [ 92.5221897, 27.3522035 ], [ 92.5225986, 27.3517241 ], [ 92.5226733, 27.3513399 ], [ 92.522284, 27.3513224 ], [ 92.5218553, 27.3514971 ], [ 92.5217649, 27.3519511 ] ] ] } },
{ "type": "Feature", "properties": { "element": "way", "id": 1168938740, "alt_name": null, "alt_name:en": null, "capital": null, "name": null, "name:ar": null, "name:bn": null, "name:bo": null, "name:bo-Latn-wylie": null, "name:fa": null, "name:hi": null, "name:kn": null, "name:ml": null, "name:ru": null, "name:zh": null, "name:zh-Hans": null, "name:zh-Hant": null, "note": null, "place": "hamlet", "wikidata": null, "name:en": null, "alt_name:zh": null, "alt_name:zh-Hans": null, "alt_name:zh-Hant": null, "loc_name": null, "loc_name:zh": null, "loc_name:zh-Hans": null, "loc_name:zh-Hant": null, "reg_name": null, "reg_name:zh": null, "reg_name:zh-Hans": null, "reg_name:zh-Hant": null, "addr:postcode": null, "name:zh-Latn-pinyin": null, "source": null, "type": null, "landuse": null }, "geometry": { "type": "Polygon", "coordinates": [ [ [ 92.4870721, 27.3554015 ], [ 92.4880689, 27.3557202 ], [ 92.4889701, 27.3564002 ], [ 92.4899111, 27.3567473 ], [ 92.4915459, 27.3566481 ], [ 92.4919925, 27.3561169 ], [ 92.4923832, 27.3555786 ], [ 92.4920323, 27.3554865 ], [ 92.491506, 27.3557273 ], [ 92.4907404, 27.3559469 ], [ 92.4897596, 27.3558548 ], [ 92.4891216, 27.355699 ], [ 92.4883321, 27.3551961 ], [ 92.4877499, 27.3548703 ], [ 92.4870721, 27.3554015 ] ] ] } },
{ "type": "Feature", "properties": { "element": "way", "id": 1168938742, "alt_name": null, "alt_name:en": null, "capital": null, "name": null, "name:ar": null, "name:bn": null, "name:bo": null, "name:bo-Latn-wylie": null, "name:fa": null, "name:hi": null, "name:kn": null, "name:ml": null, "name:ru": null, "name:zh": null, "name:zh-Hans": null, "name:zh-Hant": null, "note": null, "place": "hamlet", "wikidata": null, "name:en": null, "alt_name:zh": null, "alt_name:zh-Hans": null, "alt_name:zh-Hant": null, "loc_name": null, "loc_name:zh": null, "loc_name:zh-Hans": null, "loc_name:zh-Hant": null, "reg_name": null, "reg_name:zh": null, "reg_name:zh-Hans": null, "reg_name:zh-Hant": null, "addr:postcode": null, "name:zh-Latn-pinyin": null, "source": null, "type": null, "landuse": null }, "geometry": { "type": "Polygon", "coordinates": [ [ [ 92.4816258, 27.3691135 ], [ 92.4817752, 27.3693055 ], [ 92.4827426, 27.3691798 ], [ 92.482896, 27.3689039 ], [ 92.4832813, 27.3688341 ], [ 92.4840167, 27.368883 ], [ 92.4843392, 27.3690331 ], [ 92.4847521, 27.3687258 ], [ 92.4847272, 27.3686677 ], [ 92.4844296, 27.3679715 ], [ 92.4839577, 27.368181 ], [ 92.4836982, 27.3680309 ], [ 92.4832105, 27.3680798 ], [ 92.4829156, 27.3679436 ], [ 92.4824634, 27.3680483 ], [ 92.4817162, 27.367755 ], [ 92.4811224, 27.3687433 ], [ 92.481441, 27.3688411 ], [ 92.4816258, 27.3691135 ] ] ] } },
{ "type": "Feature", "properties": { "element": "way", "id": 1168938747, "alt_name": null, "alt_name:en": null, "capital": null, "name": null, "name:ar": null, "name:bn": null, "name:bo": null, "name:bo-Latn-wylie": null, "name:fa": null, "name:hi": null, "name:kn": null, "name:ml": null, "name:ru": null, "name:zh": null, "name:zh-Hans": null, "name:zh-Hant": null, "note": null, "place": "hamlet", "wikidata": null, "name:en": null, "alt_name:zh": null, "alt_name:zh-Hans": null, "alt_name:zh-Hant": null, "loc_name": null, "loc_name:zh": null, "loc_name:zh-Hans": null, "loc_name:zh-Hant": null, "reg_name": null, "reg_name:zh": null, "reg_name:zh-Hans": null, "reg_name:zh-Hant": null, "addr:postcode": null, "name:zh-Latn-pinyin": null, "source": null, "type": null, "landuse": null }, "geometry": { "type": "Polygon", "coordinates": [ [ [ 92.4774204, 27.3565402 ], [ 92.4780216, 27.356073 ], [ 92.4769929, 27.355046 ], [ 92.4748318, 27.352489 ], [ 92.4734761, 27.3531831 ], [ 92.4754777, 27.3550884 ], [ 92.476634, 27.3564484 ], [ 92.4774204, 27.3565402 ] ] ] } },
{ "type": "Feature", "properties": { "element": "way", "id": 1168938766, "alt_name": null, "alt_name:en": null, "capital": null, "name": null, "name:ar": null, "name:bn": null, "name:bo": null, "name:bo-Latn-wylie": null, "name:fa": null, "name:hi": null, "name:kn": null, "name:ml": null, "name:ru": null, "name:zh": null, "name:zh-Hans": null, "name:zh-Hant": null, "note": null, "place": "hamlet", "wikidata": null, "name:en": null, "alt_name:zh": null, "alt_name:zh-Hans": null, "alt_name:zh-Hant": null, "loc_name": null, "loc_name:zh": null, "loc_name:zh-Hans": null, "loc_name:zh-Hant": null, "reg_name": null, "reg_name:zh": null, "reg_name:zh-Hans": null, "reg_name:zh-Hant": null, "addr:postcode": null, "name:zh-Latn-pinyin": null, "source": null, "type": null, "landuse": null }, "geometry": { "type": "Polygon", "coordinates": [ [ [ 92.5278062, 27.3679999 ], [ 92.5279419, 27.3672353 ], [ 92.5275813, 27.3661836 ], [ 92.5271667, 27.3657546 ], [ 92.5266234, 27.3655226 ], [ 92.5261293, 27.3653604 ], [ 92.5257139, 27.3654142 ], [ 92.5255365, 27.365681 ], [ 92.5257299, 27.365912 ], [ 92.5258911, 27.3660763 ], [ 92.5262279, 27.3664048 ], [ 92.5268514, 27.3670175 ], [ 92.5278062, 27.3679999 ] ] ] } },
{ "type": "Feature", "properties": { "element": "way", "id": 1169005480, "alt_name": null, "alt_name:en": null, "capital": null, "name": null, "name:ar": null, "name:bn": null, "name:bo": null, "name:bo-Latn-wylie": null, "name:fa": null, "name:hi": null, "name:kn": null, "name:ml": null, "name:ru": null, "name:zh": null, "name:zh-Hans": null, "name:zh-Hant": null, "note": null, "place": "village", "wikidata": null, "name:en": null, "alt_name:zh": null, "alt_name:zh-Hans": null, "alt_name:zh-Hant": null, "loc_name": null, "loc_name:zh": null, "loc_name:zh-Hans": null, "loc_name:zh-Hant": null, "reg_name": null, "reg_name:zh": null, "reg_name:zh-Hans": null, "reg_name:zh-Hant": null, "addr:postcode": null, "name:zh-Latn-pinyin": null, "source": null, "type": null, "landuse": null }, "geometry": { "type": "Polygon", "coordinates": [ [ [ 92.2985995, 27.390341 ], [ 92.2992916, 27.3905051 ], [ 92.3003691, 27.390362 ], [ 92.3006955, 27.3900862 ], [ 92.3003455, 27.3894716 ], [ 92.2999601, 27.38892 ], [ 92.2991737, 27.3890806 ], [ 92.2988197, 27.3893075 ], [ 92.2982731, 27.3890841 ], [ 92.2982063, 27.3894542 ], [ 92.2986506, 27.3899186 ], [ 92.2980568, 27.3899989 ], [ 92.2985995, 27.390341 ] ] ] } },
{ "type": "Feature", "properties": { "element": "way", "id": 1169009764, "alt_name": null, "alt_name:en": null, "capital": null, "name": null, "name:ar": null, "name:bn": null, "name:bo": null, "name:bo-Latn-wylie": null, "name:fa": null, "name:hi": null, "name:kn": null, "name:ml": null, "name:ru": null, "name:zh": null, "name:zh-Hans": null, "name:zh-Hant": null, "note": null, "place": "hamlet", "wikidata": null, "name:en": null, "alt_name:zh": null, "alt_name:zh-Hans": null, "alt_name:zh-Hant": null, "loc_name": null, "loc_name:zh": null, "loc_name:zh-Hans": null, "loc_name:zh-Hant": null, "reg_name": null, "reg_name:zh": null, "reg_name:zh-Hans": null, "reg_name:zh-Hant": null, "addr:postcode": null, "name:zh-Latn-pinyin": null, "source": null, "type": null, "landuse": null }, "geometry": { "type": "Polygon", "coordinates": [ [ [ 92.3138974, 27.3636483 ], [ 92.3139668, 27.3633901 ], [ 92.3150165, 27.3636436 ], [ 92.314574, 27.3638654 ], [ 92.3138974, 27.3636483 ] ] ] } },
{ "type": "Feature", "properties": { "element": "way", "id": 1169009774, "alt_name": null, "alt_name:en": null, "capital": null, "name": null, "name:ar": null, "name:bn": null, "name:bo": null, "name:bo-Latn-wylie": null, "name:fa": null, "name:hi": null, "name:kn": null, "name:ml": null, "name:ru": null, "name:zh": null, "name:zh-Hans": null, "name:zh-Hant": null, "note": null, "place": "hamlet", "wikidata": null, "name:en": null, "alt_name:zh": null, "alt_name:zh-Hans": null, "alt_name:zh-Hant": null, "loc_name": null, "loc_name:zh": null, "loc_name:zh-Hans": null, "loc_name:zh-Hant": null, "reg_name": null, "reg_name:zh": null, "reg_name:zh-Hans": null, "reg_name:zh-Hant": null, "addr:postcode": null, "name:zh-Latn-pinyin": null, "source": null, "type": null, "landuse": null }, "geometry": { "type": "Polygon", "coordinates": [ [ [ 92.3260109, 27.3361737 ], [ 92.324524, 27.3368051 ], [ 92.3246399, 27.3372522 ], [ 92.3255018, 27.3373036 ], [ 92.3262926, 27.3374205 ], [ 92.3274718, 27.3371702 ], [ 92.3280719, 27.3361644 ], [ 92.3304042, 27.3347878 ], [ 92.330336, 27.3344967 ], [ 92.3291039, 27.334694 ], [ 92.3261674, 27.3352235 ], [ 92.3260109, 27.3361737 ] ] ] } },
{ "type": "Feature", "properties": { "element": "way", "id": 1169009777, "alt_name": null, "alt_name:en": null, "capital": null, "name": null, "name:ar": null, "name:bn": null, "name:bo": null, "name:bo-Latn-wylie": null, "name:fa": null, "name:hi": null, "name:kn": null, "name:ml": null, "name:ru": null, "name:zh": null, "name:zh-Hans": null, "name:zh-Hant": null, "note": null, "place": "hamlet", "wikidata": null, "name:en": null, "alt_name:zh": null, "alt_name:zh-Hans": null, "alt_name:zh-Hant": null, "loc_name": null, "loc_name:zh": null, "loc_name:zh-Hans": null, "loc_name:zh-Hant": null, "reg_name": null, "reg_name:zh": null, "reg_name:zh-Hans": null, "reg_name:zh-Hant": null, "addr:postcode": null, "name:zh-Latn-pinyin": null, "source": null, "type": null, "landuse": null }, "geometry": { "type": "Polygon", "coordinates": [ [ [ 92.3453285, 27.3487939 ], [ 92.3456605, 27.348607 ], [ 92.345702, 27.3482885 ], [ 92.3454323, 27.3481647 ], [ 92.3448039, 27.3483464 ], [ 92.3443416, 27.3483832 ], [ 92.3440956, 27.3487255 ], [ 92.3446498, 27.3489466 ], [ 92.3453285, 27.3487939 ] ] ] } },
{ "type": "Feature", "properties": { "element": "way", "id": 1169796064, "alt_name": null, "alt_name:en": null, "capital": null, "name": null, "name:ar": null, "name:bn": null, "name:bo": null, "name:bo-Latn-wylie": null, "name:fa": null, "name:hi": null, "name:kn": null, "name:ml": null, "name:ru": null, "name:zh": null, "name:zh-Hans": null, "name:zh-Hant": null, "note": null, "place": "hamlet", "wikidata": null, "name:en": null, "alt_name:zh": null, "alt_name:zh-Hans": null, "alt_name:zh-Hant": null, "loc_name": null, "loc_name:zh": null, "loc_name:zh-Hans": null, "loc_name:zh-Hant": null, "reg_name": null, "reg_name:zh": null, "reg_name:zh-Hans": null, "reg_name:zh-Hant": null, "addr:postcode": null, "name:zh-Latn-pinyin": null, "source": null, "type": null, "landuse": null }, "geometry": { "type": "Polygon", "coordinates": [ [ [ 92.4925391, 27.2267062 ], [ 92.4920821, 27.2263973 ], [ 92.4917774, 27.2259313 ], [ 92.4918566, 27.225384 ], [ 92.4918871, 27.2247825 ], [ 92.4917713, 27.2243273 ], [ 92.4921247, 27.2242243 ], [ 92.4919236, 27.2237474 ], [ 92.4923563, 27.2235307 ], [ 92.4927281, 27.2241268 ], [ 92.4927524, 27.2245386 ], [ 92.4926671, 27.2251455 ], [ 92.492722, 27.2256603 ], [ 92.4926306, 27.2266466 ], [ 92.4925391, 27.2267062 ] ] ] } },
{ "type": "Feature", "properties": { "element": "way", "id": 1169796066, "alt_name": null, "alt_name:en": null, "capital": null, "name": null, "name:ar": null, "name:bn": null, "name:bo": null, "name:bo-Latn-wylie": null, "name:fa": null, "name:hi": null, "name:kn": null, "name:ml": null, "name:ru": null, "name:zh": null, "name:zh-Hans": null, "name:zh-Hant": null, "note": null, "place": "hamlet", "wikidata": null, "name:en": null, "alt_name:zh": null, "alt_name:zh-Hans": null, "alt_name:zh-Hant": null, "loc_name": null, "loc_name:zh": null, "loc_name:zh-Hans": null, "loc_name:zh-Hant": null, "reg_name": null, "reg_name:zh": null, "reg_name:zh-Hans": null, "reg_name:zh-Hant": null, "addr:postcode": null, "name:zh-Latn-pinyin": null, "source": null, "type": null, "landuse": null }, "geometry": { "type": "Polygon", "coordinates": [ [ [ 92.4908731, 27.2360421 ], [ 92.4908731, 27.2352057 ], [ 92.4902904, 27.2338887 ], [ 92.4904729, 27.2331897 ], [ 92.4907046, 27.2330024 ], [ 92.4909082, 27.2330274 ], [ 92.4912845, 27.2333984 ], [ 92.4915751, 27.2343818 ], [ 92.4912521, 27.2352681 ], [ 92.4912943, 27.235936 ], [ 92.4912451, 27.2361794 ], [ 92.4908731, 27.2360421 ] ] ] } },
{ "type": "Feature", "properties": { "element": "way", "id": 1169796068, "alt_name": null, "alt_name:en": null, "capital": null, "name": null, "name:ar": null, "name:bn": null, "name:bo": null, "name:bo-Latn-wylie": null, "name:fa": null, "name:hi": null, "name:kn": null, "name:ml": null, "name:ru": null, "name:zh": null, "name:zh-Hans": null, "name:zh-Hant": null, "note": null, "place": "hamlet", "wikidata": null, "name:en": null, "alt_name:zh": null, "alt_name:zh-Hans": null, "alt_name:zh-Hant": null, "loc_name": null, "loc_name:zh": null, "loc_name:zh-Hans": null, "loc_name:zh-Hant": null, "reg_name": null, "reg_name:zh": null, "reg_name:zh-Hans": null, "reg_name:zh-Hant": null, "addr:postcode": null, "name:zh-Latn-pinyin": null, "source": null, "type": null, "landuse": null }, "geometry": { "type": "Polygon", "coordinates": [ [ [ 92.5050632, 27.2449096 ], [ 92.5054924, 27.2450833 ], [ 92.5055536, 27.2451082 ], [ 92.5060321, 27.2453102 ], [ 92.5062514, 27.2449309 ], [ 92.5064468, 27.2445197 ], [ 92.5057929, 27.2440588 ], [ 92.5054579, 27.2443673 ], [ 92.5051748, 27.2446686 ], [ 92.5050632, 27.2449096 ] ] ] } },
{ "type": "Feature", "properties": { "element": "way", "id": 1169796071, "alt_name": null, "alt_name:en": null, "capital": null, "name": null, "name:ar": null, "name:bn": null, "name:bo": null, "name:bo-Latn-wylie": null, "name:fa": null, "name:hi": null, "name:kn": null, "name:ml": null, "name:ru": null, "name:zh": null, "name:zh-Hans": null, "name:zh-Hant": null, "note": null, "place": "hamlet", "wikidata": null, "name:en": null, "alt_name:zh": null, "alt_name:zh-Hans": null, "alt_name:zh-Hant": null, "loc_name": null, "loc_name:zh": null, "loc_name:zh-Hans": null, "loc_name:zh-Hant": null, "reg_name": null, "reg_name:zh": null, "reg_name:zh-Hans": null, "reg_name:zh-Hant": null, "addr:postcode": null, "name:zh-Latn-pinyin": null, "source": null, "type": null, "landuse": null }, "geometry": { "type": "Polygon", "coordinates": [ [ [ 92.5054541, 27.2513363 ], [ 92.5056862, 27.2513116 ], [ 92.5065227, 27.2512228 ], [ 92.5083995, 27.2512294 ], [ 92.5085602, 27.2512299 ], [ 92.5083688, 27.2514143 ], [ 92.5075873, 27.2514568 ], [ 92.5067147, 27.2521623 ], [ 92.5055298, 27.251985 ], [ 92.5054095, 27.2513494 ], [ 92.5054541, 27.2513363 ] ] ] } },
{ "type": "Feature", "properties": { "element": "way", "id": 1169798400, "alt_name": null, "alt_name:en": null, "capital": null, "name": null, "name:ar": null, "name:bn": null, "name:bo": null, "name:bo-Latn-wylie": null, "name:fa": null, "name:hi": null, "name:kn": null, "name:ml": null, "name:ru": null, "name:zh": null, "name:zh-Hans": null, "name:zh-Hant": null, "note": null, "place": "village", "wikidata": null, "name:en": null, "alt_name:zh": null, "alt_name:zh-Hans": null, "alt_name:zh-Hant": null, "loc_name": null, "loc_name:zh": null, "loc_name:zh-Hans": null, "loc_name:zh-Hant": null, "reg_name": null, "reg_name:zh": null, "reg_name:zh-Hans": null, "reg_name:zh-Hant": null, "addr:postcode": null, "name:zh-Latn-pinyin": null, "source": null, "type": null, "landuse": null }, "geometry": { "type": "Polygon", "coordinates": [ [ [ 92.5121228, 27.2497128 ], [ 92.5121069, 27.2495828 ], [ 92.5120877, 27.2494258 ], [ 92.512902, 27.2490264 ], [ 92.5130985, 27.2485708 ], [ 92.5140111, 27.2491761 ], [ 92.5153589, 27.2488891 ], [ 92.514334, 27.2480029 ], [ 92.5146499, 27.2473414 ], [ 92.5159696, 27.2473102 ], [ 92.516413, 27.2482732 ], [ 92.516461, 27.2483773 ], [ 92.5164411, 27.248413 ], [ 92.516153, 27.2489312 ], [ 92.5158503, 27.2494757 ], [ 92.5144572, 27.2503196 ], [ 92.5144182, 27.2503432 ], [ 92.5129722, 27.2496255 ], [ 92.5121228, 27.2497128 ] ] ] } },
{ "type": "Feature", "properties": { "element": "way", "id": 1169798401, "alt_name": null, "alt_name:en": null, "capital": null, "name": null, "name:ar": null, "name:bn": null, "name:bo": null, "name:bo-Latn-wylie": null, "name:fa": null, "name:hi": null, "name:kn": null, "name:ml": null, "name:ru": null, "name:zh": null, "name:zh-Hans": null, "name:zh-Hant": null, "note": null, "place": "hamlet", "wikidata": null, "name:en": null, "alt_name:zh": null, "alt_name:zh-Hans": null, "alt_name:zh-Hant": null, "loc_name": null, "loc_name:zh": null, "loc_name:zh-Hans": null, "loc_name:zh-Hant": null, "reg_name": null, "reg_name:zh": null, "reg_name:zh-Hans": null, "reg_name:zh-Hant": null, "addr:postcode": null, "name:zh-Latn-pinyin": null, "source": null, "type": null, "landuse": null }, "geometry": { "type": "Polygon", "coordinates": [ [ [ 92.520489, 27.2433263 ], [ 92.5207646, 27.2432528 ], [ 92.5210677, 27.2439021 ], [ 92.5206222, 27.2444207 ], [ 92.5204731, 27.2438934 ], [ 92.5204339, 27.2437551 ], [ 92.520489, 27.2433263 ] ] ] } },
{ "type": "Feature", "properties": { "element": "way", "id": 1169798405, "alt_name": null, "alt_name:en": null, "capital": null, "name": null, "name:ar": null, "name:bn": null, "name:bo": null, "name:bo-Latn-wylie": null, "name:fa": null, "name:hi": null, "name:kn": null, "name:ml": null, "name:ru": null, "name:zh": null, "name:zh-Hans": null, "name:zh-Hant": null, "note": null, "place": "village", "wikidata": null, "name:en": null, "alt_name:zh": null, "alt_name:zh-Hans": null, "alt_name:zh-Hant": null, "loc_name": null, "loc_name:zh": null, "loc_name:zh-Hans": null, "loc_name:zh-Hant": null, "reg_name": null, "reg_name:zh": null, "reg_name:zh-Hans": null, "reg_name:zh-Hant": null, "addr:postcode": null, "name:zh-Latn-pinyin": null, "source": null, "type": null, "landuse": null }, "geometry": { "type": "Polygon", "coordinates": [ [ [ 92.5277893, 27.2445983 ], [ 92.5288563, 27.2447606 ], [ 92.5291792, 27.2437059 ], [ 92.5289194, 27.2430318 ], [ 92.5275085, 27.2434625 ], [ 92.5272487, 27.2439368 ], [ 92.5277893, 27.2445983 ] ] ] } },
{ "type": "Feature", "properties": { "element": "way", "id": 1170473367, "alt_name": null, "alt_name:en": null, "capital": null, "name": null, "name:ar": null, "name:bn": null, "name:bo": null, "name:bo-Latn-wylie": null, "name:fa": null, "name:hi": null, "name:kn": null, "name:ml": null, "name:ru": null, "name:zh": null, "name:zh-Hans": null, "name:zh-Hant": null, "note": null, "place": "village", "wikidata": null, "name:en": null, "alt_name:zh": null, "alt_name:zh-Hans": null, "alt_name:zh-Hant": null, "loc_name": null, "loc_name:zh": null, "loc_name:zh-Hans": null, "loc_name:zh-Hant": null, "reg_name": null, "reg_name:zh": null, "reg_name:zh-Hans": null, "reg_name:zh-Hant": null, "addr:postcode": null, "name:zh-Latn-pinyin": null, "source": null, "type": null, "landuse": null }, "geometry": { "type": "Polygon", "coordinates": [ [ [ 92.512241, 27.2908244 ], [ 92.5118075, 27.2914303 ], [ 92.5122346, 27.2918303 ], [ 92.5127904, 27.292161 ], [ 92.5134931, 27.2921201 ], [ 92.5136998, 27.291565 ], [ 92.5133507, 27.2911691 ], [ 92.5146138, 27.2904181 ], [ 92.5144852, 27.2895446 ], [ 92.5141132, 27.2893364 ], [ 92.5138651, 27.2893323 ], [ 92.5134196, 27.2898221 ], [ 92.512919, 27.2909732 ], [ 92.512241, 27.2908244 ] ] ] } },
{ "type": "Feature", "properties": { "element": "way", "id": 1170528261, "alt_name": null, "alt_name:en": null, "capital": null, "name": null, "name:ar": null, "name:bn": null, "name:bo": null, "name:bo-Latn-wylie": null, "name:fa": null, "name:hi": null, "name:kn": null, "name:ml": null, "name:ru": null, "name:zh": null, "name:zh-Hans": null, "name:zh-Hant": null, "note": null, "place": "village", "wikidata": null, "name:en": null, "alt_name:zh": null, "alt_name:zh-Hans": null, "alt_name:zh-Hant": null, "loc_name": null, "loc_name:zh": null, "loc_name:zh-Hans": null, "loc_name:zh-Hant": null, "reg_name": null, "reg_name:zh": null, "reg_name:zh-Hans": null, "reg_name:zh-Hant": null, "addr:postcode": null, "name:zh-Latn-pinyin": null, "source": null, "type": null, "landuse": null }, "geometry": { "type": "Polygon", "coordinates": [ [ [ 92.4553307, 27.3216554 ], [ 92.4567901, 27.3214534 ], [ 92.4567662, 27.3209681 ], [ 92.4564312, 27.3196786 ], [ 92.4550197, 27.3189311 ], [ 92.4547694, 27.3188277 ], [ 92.4533052, 27.3182226 ], [ 92.4530579, 27.3189347 ], [ 92.4530181, 27.3199514 ], [ 92.45368, 27.3211381 ], [ 92.4549479, 27.3214853 ], [ 92.4553307, 27.3216554 ] ] ] } },
{ "type": "Feature", "properties": { "element": "way", "id": 1170528267, "alt_name": null, "alt_name:en": null, "capital": null, "name": "Salari", "name:ar": null, "name:bn": null, "name:bo": null, "name:bo-Latn-wylie": null, "name:fa": null, "name:hi": null, "name:kn": null, "name:ml": null, "name:ru": null, "name:zh": "希拉里", "name:zh-Hans": "希拉里", "name:zh-Hant": "希拉裡", "note": null, "place": "village", "wikidata": null, "name:en": "Salari", "alt_name:zh": null, "alt_name:zh-Hans": null, "alt_name:zh-Hant": null, "loc_name": null, "loc_name:zh": null, "loc_name:zh-Hans": null, "loc_name:zh-Hant": null, "reg_name": null, "reg_name:zh": null, "reg_name:zh-Hans": null, "reg_name:zh-Hant": null, "addr:postcode": null, "name:zh-Latn-pinyin": null, "source": null, "type": null, "landuse": null }, "geometry": { "type": "Polygon", "coordinates": [ [ [ 92.4430982, 27.3290705 ], [ 92.4430372, 27.3302291 ], [ 92.4373331, 27.3314905 ], [ 92.4360655, 27.330202 ], [ 92.435578, 27.3294603 ], [ 92.4369126, 27.3280202 ], [ 92.436352, 27.3270998 ], [ 92.4344872, 27.327154 ], [ 92.4345969, 27.3264014 ], [ 92.4361143, 27.3257951 ], [ 92.4369431, 27.3252861 ], [ 92.437193, 27.3240192 ], [ 92.4382168, 27.3232558 ], [ 92.4384727, 27.3248747 ], [ 92.4386221, 27.3252722 ], [ 92.4381681, 27.3257543 ], [ 92.4385398, 27.3268859 ], [ 92.4394177, 27.3276017 ], [ 92.4400511, 27.3289406 ], [ 92.4407093, 27.3292871 ], [ 92.4415015, 27.3288648 ], [ 92.4430982, 27.3290705 ] ] ] } },
{ "type": "Feature", "properties": { "element": "way", "id": 1171063881, "alt_name": null, "alt_name:en": null, "capital": null, "name": "库如达木错", "name:ar": null, "name:bn": null, "name:bo": null, "name:bo-Latn-wylie": null, "name:fa": null, "name:hi": null, "name:kn": null, "name:ml": null, "name:ru": null, "name:zh": null, "name:zh-Hans": null, "name:zh-Hant": null, "note": null, "place": "hamlet", "wikidata": null, "name:en": "Khoitam", "alt_name:zh": null, "alt_name:zh-Hans": null, "alt_name:zh-Hant": null, "loc_name": null, "loc_name:zh": null, "loc_name:zh-Hans": null, "loc_name:zh-Hant": null, "reg_name": null, "reg_name:zh": null, "reg_name:zh-Hans": null, "reg_name:zh-Hant": null, "addr:postcode": null, "name:zh-Latn-pinyin": null, "source": null, "type": null, "landuse": null }, "geometry": { "type": "Polygon", "coordinates": [ [ [ 92.3855486, 27.3156651 ], [ 92.3856316, 27.3162391 ], [ 92.3856469, 27.3163449 ], [ 92.3872193, 27.3156339 ], [ 92.3868402, 27.3148667 ], [ 92.3856188, 27.315322 ], [ 92.3855486, 27.3156651 ] ] ] } },
{ "type": "Feature", "properties": { "element": "way", "id": 1171063884, "alt_name": "热空奎单错", "alt_name:en": null, "capital": null, "name": "Rahung", "name:ar": null, "name:bn": null, "name:bo": null, "name:bo-Latn-wylie": null, "name:fa": null, "name:hi": null, "name:kn": null, "name:ml": null, "name:ru": null, "name:zh": "拉洪", "name:zh-Hans": "拉洪", "name:zh-Hant": "拉洪", "note": null, "place": "village", "wikidata": null, "name:en": "Rahung", "alt_name:zh": "热空奎单错", "alt_name:zh-Hans": "热空奎单错", "alt_name:zh-Hant": "熱空奎單錯", "loc_name": "惹孔奎当木错", "loc_name:zh": "惹孔奎当木错", "loc_name:zh-Hans": "惹孔奎当木错", "loc_name:zh-Hant": "惹孔奎當木錯", "reg_name": "惹孔奎潭错", "reg_name:zh": "惹孔奎潭错", "reg_name:zh-Hans": "惹孔奎潭错", "reg_name:zh-Hant": "惹孔奎潭錯", "addr:postcode": null, "name:zh-Latn-pinyin": null, "source": null, "type": null, "landuse": null }, "geometry": { "type": "Polygon", "coordinates": [ [ [ 92.3683871, 27.3132822 ], [ 92.3697377, 27.3122973 ], [ 92.3713211, 27.3117925 ], [ 92.3727388, 27.3119981 ], [ 92.373511, 27.31211 ], [ 92.3735472, 27.3121153 ], [ 92.3732677, 27.3129925 ], [ 92.3729711, 27.3133921 ], [ 92.3723829, 27.3141842 ], [ 92.3735844, 27.3150366 ], [ 92.3749163, 27.3150697 ], [ 92.3748698, 27.3157152 ], [ 92.3742099, 27.3166561 ], [ 92.3726903, 27.3172048 ], [ 92.3725583, 27.3169817 ], [ 92.3719265, 27.3159138 ], [ 92.3709299, 27.3147966 ], [ 92.3695235, 27.3138697 ], [ 92.3683871, 27.3132822 ] ] ] } },
{ "type": "Feature", "properties": { "element": "way", "id": 1171063885, "alt_name": null, "alt_name:en": null, "capital": null, "name": null, "name:ar": null, "name:bn": null, "name:bo": null, "name:bo-Latn-wylie": null, "name:fa": null, "name:hi": null, "name:kn": null, "name:ml": null, "name:ru": null, "name:zh": null, "name:zh-Hans": null, "name:zh-Hant": null, "note": null, "place": "village", "wikidata": null, "name:en": null, "alt_name:zh": null, "alt_name:zh-Hans": null, "alt_name:zh-Hant": null, "loc_name": null, "loc_name:zh": null, "loc_name:zh-Hans": null, "loc_name:zh-Hant": null, "reg_name": null, "reg_name:zh": null, "reg_name:zh-Hans": null, "reg_name:zh-Hant": null, "addr:postcode": null, "name:zh-Latn-pinyin": null, "source": null, "type": null, "landuse": null }, "geometry": { "type": "Polygon", "coordinates": [ [ [ 92.3941687, 27.313638 ], [ 92.3957427, 27.313547 ], [ 92.3966835, 27.3113953 ], [ 92.3965344, 27.3102367 ], [ 92.3959383, 27.3098808 ], [ 92.3954633, 27.3100132 ], [ 92.3952677, 27.3113373 ], [ 92.3938054, 27.3123718 ], [ 92.3937775, 27.3132325 ], [ 92.3939234, 27.3133838 ], [ 92.3941687, 27.313638 ] ] ] } },
{ "type": "Feature", "properties": { "element": "way", "id": 1171063888, "alt_name": null, "alt_name:en": null, "capital": null, "name": null, "name:ar": null, "name:bn": null, "name:bo": null, "name:bo-Latn-wylie": null, "name:fa": null, "name:hi": null, "name:kn": null, "name:ml": null, "name:ru": null, "name:zh": null, "name:zh-Hans": null, "name:zh-Hant": null, "note": null, "place": "hamlet", "wikidata": null, "name:en": null, "alt_name:zh": null, "alt_name:zh-Hans": null, "alt_name:zh-Hant": null, "loc_name": null, "loc_name:zh": null, "loc_name:zh-Hans": null, "loc_name:zh-Hant": null, "reg_name": null, "reg_name:zh": null, "reg_name:zh-Hans": null, "reg_name:zh-Hant": null, "addr:postcode": null, "name:zh-Latn-pinyin": null, "source": null, "type": null, "landuse": null }, "geometry": { "type": "Polygon", "coordinates": [ [ [ 92.4081647, 27.3201865 ], [ 92.4081099, 27.3195327 ], [ 92.4090927, 27.3192333 ], [ 92.409838, 27.3200225 ], [ 92.4095568, 27.3202973 ], [ 92.4095279, 27.3203252 ], [ 92.4092056, 27.3206355 ], [ 92.4087146, 27.3207254 ], [ 92.4085293, 27.3205438 ], [ 92.4081647, 27.3201865 ] ] ] } },
{ "type": "Feature", "properties": { "element": "way", "id": 1171063891, "alt_name": null, "alt_name:en": null, "capital": null, "name": null, "name:ar": null, "name:bn": null, "name:bo": null, "name:bo-Latn-wylie": null, "name:fa": null, "name:hi": null, "name:kn": null, "name:ml": null, "name:ru": null, "name:zh": null, "name:zh-Hans": null, "name:zh-Hant": null, "note": null, "place": "hamlet", "wikidata": null, "name:en": null, "alt_name:zh": null, "alt_name:zh-Hans": null, "alt_name:zh-Hant": null, "loc_name": null, "loc_name:zh": null, "loc_name:zh-Hans": null, "loc_name:zh-Hant": null, "reg_name": null, "reg_name:zh": null, "reg_name:zh-Hans": null, "reg_name:zh-Hant": null, "addr:postcode": null, "name:zh-Latn-pinyin": null, "source": null, "type": null, "landuse": null }, "geometry": { "type": "Polygon", "coordinates": [ [ [ 92.3259664, 27.221172 ], [ 92.3248182, 27.2229984 ], [ 92.3228048, 27.2228689 ], [ 92.3234685, 27.220668 ], [ 92.3255621, 27.2199784 ], [ 92.3260716, 27.2202444 ], [ 92.3259664, 27.221172 ] ] ] } },
{ "type": "Feature", "properties": { "element": "way", "id": 1171063892, "alt_name": null, "alt_name:en": null, "capital": null, "name": null, "name:ar": null, "name:bn": null, "name:bo": null, "name:bo-Latn-wylie": null, "name:fa": null, "name:hi": null, "name:kn": null, "name:ml": null, "name:ru": null, "name:zh": null, "name:zh-Hans": null, "name:zh-Hant": null, "note": null, "place": "village", "wikidata": null, "name:en": null, "alt_name:zh": null, "alt_name:zh-Hans": null, "alt_name:zh-Hant": null, "loc_name": null, "loc_name:zh": null, "loc_name:zh-Hans": null, "loc_name:zh-Hant": null, "reg_name": null, "reg_name:zh": null, "reg_name:zh-Hans": null, "reg_name:zh-Hant": null, "addr:postcode": null, "name:zh-Latn-pinyin": null, "source": null, "type": null, "landuse": null }, "geometry": { "type": "Polygon", "coordinates": [ [ [ 92.3019494, 27.2129221 ], [ 92.3024796, 27.2138651 ], [ 92.3035156, 27.2139681 ], [ 92.3068552, 27.2124615 ], [ 92.3071111, 27.2100172 ], [ 92.3066906, 27.2098925 ], [ 92.3034546, 27.2116864 ], [ 92.3019494, 27.2129221 ] ] ] } },
{ "type": "Feature", "properties": { "element": "way", "id": 1171489829, "alt_name": null, "alt_name:en": null, "capital": null, "name": null, "name:ar": null, "name:bn": null, "name:bo": null, "name:bo-Latn-wylie": null, "name:fa": null, "name:hi": null, "name:kn": null, "name:ml": null, "name:ru": null, "name:zh": null, "name:zh-Hans": null, "name:zh-Hant": null, "note": null, "place": "hamlet", "wikidata": null, "name:en": null, "alt_name:zh": null, "alt_name:zh-Hans": null, "alt_name:zh-Hant": null, "loc_name": null, "loc_name:zh": null, "loc_name:zh-Hans": null, "loc_name:zh-Hant": null, "reg_name": null, "reg_name:zh": null, "reg_name:zh-Hans": null, "reg_name:zh-Hant": null, "addr:postcode": null, "name:zh-Latn-pinyin": null, "source": null, "type": null, "landuse": null }, "geometry": { "type": "Polygon", "coordinates": [ [ [ 92.3536878, 27.3290508 ], [ 92.3546807, 27.3281192 ], [ 92.3544574, 27.327478 ], [ 92.3528425, 27.3272903 ], [ 92.3524518, 27.3269679 ], [ 92.352368, 27.3276728 ], [ 92.3528664, 27.3291252 ], [ 92.3532133, 27.3292598 ], [ 92.3536878, 27.3290508 ] ] ] } },
{ "type": "Feature", "properties": { "element": "way", "id": 1174295890, "alt_name": null, "alt_name:en": null, "capital": null, "name": null, "name:ar": null, "name:bn": null, "name:bo": null, "name:bo-Latn-wylie": null, "name:fa": null, "name:hi": null, "name:kn": null, "name:ml": null, "name:ru": null, "name:zh": null, "name:zh-Hans": null, "name:zh-Hant": null, "note": null, "place": "village", "wikidata": null, "name:en": null, "alt_name:zh": null, "alt_name:zh-Hans": null, "alt_name:zh-Hant": null, "loc_name": null, "loc_name:zh": null, "loc_name:zh-Hans": null, "loc_name:zh-Hant": null, "reg_name": null, "reg_name:zh": null, "reg_name:zh-Hans": null, "reg_name:zh-Hant": null, "addr:postcode": null, "name:zh-Latn-pinyin": null, "source": null, "type": null, "landuse": null }, "geometry": { "type": "Polygon", "coordinates": [ [ [ 92.5033039, 27.326111 ], [ 92.5049043, 27.3270273 ], [ 92.5066173, 27.326011 ], [ 92.506315, 27.324368 ], [ 92.5040922, 27.3253791 ], [ 92.5033039, 27.326111 ] ] ] } },
{ "type": "Feature", "properties": { "element": "way", "id": 1174934627, "alt_name": null, "alt_name:en": null, "capital": null, "name": null, "name:ar": null, "name:bn": null, "name:bo": null, "name:bo-Latn-wylie": null, "name:fa": null, "name:hi": null, "name:kn": null, "name:ml": null, "name:ru": null, "name:zh": null, "name:zh-Hans": null, "name:zh-Hant": null, "note": null, "place": "hamlet", "wikidata": null, "name:en": null, "alt_name:zh": null, "alt_name:zh-Hans": null, "alt_name:zh-Hant": null, "loc_name": null, "loc_name:zh": null, "loc_name:zh-Hans": null, "loc_name:zh-Hant": null, "reg_name": null, "reg_name:zh": null, "reg_name:zh-Hans": null, "reg_name:zh-Hant": null, "addr:postcode": null, "name:zh-Latn-pinyin": null, "source": null, "type": null, "landuse": null }, "geometry": { "type": "Polygon", "coordinates": [ [ [ 92.4636502, 27.4383707 ], [ 92.4650923, 27.4365445 ], [ 92.4694189, 27.4349874 ], [ 92.4704331, 27.4345373 ], [ 92.4713663, 27.4341232 ], [ 92.4706636, 27.4325719 ], [ 92.4706314, 27.4325007 ], [ 92.4689137, 27.432623 ], [ 92.467297, 27.4340335 ], [ 92.4635675, 27.4354521 ], [ 92.4620702, 27.436463 ], [ 92.4621195, 27.4368264 ], [ 92.4622263, 27.4376125 ], [ 92.4636502, 27.4383707 ] ] ] } },
{ "type": "Feature", "properties": { "element": "way", "id": 1175542862, "alt_name": null, "alt_name:en": null, "capital": null, "name": null, "name:ar": null, "name:bn": null, "name:bo": null, "name:bo-Latn-wylie": null, "name:fa": null, "name:hi": null, "name:kn": null, "name:ml": null, "name:ru": null, "name:zh": null, "name:zh-Hans": null, "name:zh-Hant": null, "note": null, "place": "hamlet", "wikidata": null, "name:en": null, "alt_name:zh": null, "alt_name:zh-Hans": null, "alt_name:zh-Hant": null, "loc_name": null, "loc_name:zh": null, "loc_name:zh-Hans": null, "loc_name:zh-Hant": null, "reg_name": null, "reg_name:zh": null, "reg_name:zh-Hans": null, "reg_name:zh-Hant": null, "addr:postcode": null, "name:zh-Latn-pinyin": null, "source": null, "type": null, "landuse": null }, "geometry": { "type": "Polygon", "coordinates": [ [ [ 92.4458451, 27.4529673 ], [ 92.4477838, 27.4510861 ], [ 92.4483908, 27.4495505 ], [ 92.4466786, 27.4489958 ], [ 92.4457817, 27.4494621 ], [ 92.4453468, 27.4510861 ], [ 92.4448848, 27.4524367 ], [ 92.4458451, 27.4529673 ] ] ] } },
{ "type": "Feature", "properties": { "element": "way", "id": 1184970438, "alt_name": null, "alt_name:en": null, "capital": null, "name": null, "name:ar": null, "name:bn": null, "name:bo": null, "name:bo-Latn-wylie": null, "name:fa": null, "name:hi": null, "name:kn": null, "name:ml": null, "name:ru": null, "name:zh": null, "name:zh-Hans": null, "name:zh-Hant": null, "note": null, "place": "hamlet", "wikidata": null, "name:en": null, "alt_name:zh": null, "alt_name:zh-Hans": null, "alt_name:zh-Hant": null, "loc_name": null, "loc_name:zh": null, "loc_name:zh-Hans": null, "loc_name:zh-Hant": null, "reg_name": null, "reg_name:zh": null, "reg_name:zh-Hans": null, "reg_name:zh-Hant": null, "addr:postcode": null, "name:zh-Latn-pinyin": null, "source": null, "type": null, "landuse": null }, "geometry": { "type": "Polygon", "coordinates": [ [ [ 92.3934782, 27.2911453 ], [ 92.3941608, 27.2911659 ], [ 92.3943935, 27.2933304 ], [ 92.3949985, 27.2933097 ], [ 92.3957664, 27.2942816 ], [ 92.3969144, 27.2941713 ], [ 92.3973178, 27.2936199 ], [ 92.3969067, 27.2928479 ], [ 92.3970075, 27.291483 ], [ 92.3973488, 27.2909798 ], [ 92.3981244, 27.2914003 ], [ 92.3980779, 27.2922206 ], [ 92.3974574, 27.2935716 ], [ 92.3987372, 27.2944126 ], [ 92.3994508, 27.2954534 ], [ 92.3992879, 27.2957429 ], [ 92.3980701, 27.2951363 ], [ 92.3973333, 27.2951984 ], [ 92.3956656, 27.2945573 ], [ 92.3959681, 27.295929 ], [ 92.3949675, 27.2957636 ], [ 92.3945564, 27.2947365 ], [ 92.3940367, 27.2942471 ], [ 92.3939824, 27.2936268 ], [ 92.3936799, 27.2931374 ], [ 92.3935403, 27.2922964 ], [ 92.3934782, 27.2911453 ] ] ] } }
]
}
